DeliveryDate,HourEnding,AncillaryType,MCPC,DSTFlag
12/02/2025,01:00,ECRS,4.99,N
12/02/2025,01:00,REGDN,1,N
12/02/2025,01:00,REGUP,5.69,N
12/02/2025,01:00,NSPIN,4.99,N
12/02/2025,01:00,RRS,4.99,N
12/02/2025,02:00,ECRS,1.03,N
12/02/2025,02:00,NSPIN,1.06,N
12/02/2025,02:00,RRS,1.06,N
12/02/2025,02:00,REGUP,1.44,N
12/02/2025,02:00,REGDN,1.12,N
12/02/2025,03:00,NSPIN,3,N
12/02/2025,03:00,ECRS,0.89,N
12/02/2025,03:00,RRS,0.89,N
12/02/2025,03:00,REGDN,1.44,N
12/02/2025,03:00,REGUP,1.6,N
12/02/2025,04:00,ECRS,0.3,N
12/02/2025,04:00,NSPIN,1.56,N
12/02/2025,04:00,RRS,0.3,N
12/02/2025,04:00,REGUP,1.2,N
12/02/2025,04:00,REGDN,1.33,N
12/02/2025,05:00,ECRS,0.3,N
12/02/2025,05:00,RRS,0.3,N
12/02/2025,05:00,NSPIN,2,N
12/02/2025,05:00,REGUP,1.2,N
12/02/2025,05:00,REGDN,1.68,N
12/02/2025,06:00,ECRS,0.44,N
12/02/2025,06:00,REGDN,1.67,N
12/02/2025,06:00,REGUP,1.2,N
12/02/2025,06:00,RRS,0.44,N
12/02/2025,06:00,NSPIN,3.6,N
12/02/2025,07:00,ECRS,22.75,N
12/02/2025,07:00,REGDN,4.44,N
12/02/2025,07:00,REGUP,21.37,N
12/02/2025,07:00,RRS,25.75,N
12/02/2025,07:00,NSPIN,20.75,N
12/02/2025,08:00,ECRS,31.02,N
12/02/2025,08:00,NSPIN,29.57,N
12/02/2025,08:00,RRS,31.02,N
12/02/2025,08:00,REGUP,31.02,N
12/02/2025,08:00,REGDN,2.56,N
12/02/2025,09:00,ECRS,24.39,N
12/02/2025,09:00,REGDN,8.29,N
12/02/2025,09:00,REGUP,24.56,N
12/02/2025,09:00,RRS,24.39,N
12/02/2025,09:00,NSPIN,24.39,N
12/02/2025,10:00,ECRS,4.65,N
12/02/2025,10:00,NSPIN,5,N
12/02/2025,10:00,RRS,4.65,N
12/02/2025,10:00,REGDN,2.39,N
12/02/2025,10:00,REGUP,4.94,N
12/02/2025,11:00,NSPIN,3,N
12/02/2025,11:00,ECRS,2.98,N
12/02/2025,11:00,RRS,3,N
12/02/2025,11:00,REGDN,1,N
12/02/2025,11:00,REGUP,3.35,N
12/02/2025,12:00,ECRS,0.7,N
12/02/2025,12:00,RRS,1.31,N
12/02/2025,12:00,NSPIN,1.31,N
12/02/2025,12:00,REGUP,1.48,N
12/02/2025,12:00,REGDN,1,N
12/02/2025,13:00,ECRS,0.06,N
12/02/2025,13:00,NSPIN,1.51,N
12/02/2025,13:00,RRS,0.45,N
12/02/2025,13:00,REGUP,1.66,N
12/02/2025,13:00,REGDN,1.2,N
12/02/2025,14:00,ECRS,0.5,N
12/02/2025,14:00,NSPIN,1.51,N
12/02/2025,14:00,RRS,0.5,N
12/02/2025,14:00,REGUP,1.71,N
12/02/2025,14:00,REGDN,2.28,N
12/02/2025,15:00,ECRS,0.7,N
12/02/2025,15:00,NSPIN,1.2,N
12/02/2025,15:00,RRS,0.7,N
12/02/2025,15:00,REGUP,1.42,N
12/02/2025,15:00,REGDN,2.35,N
12/02/2025,16:00,NSPIN,1,N
12/02/2025,16:00,ECRS,0.7,N
12/02/2025,16:00,RRS,0.7,N
12/02/2025,16:00,REGDN,2.97,N
12/02/2025,16:00,REGUP,1.35,N
12/02/2025,17:00,ECRS,0.85,N
12/02/2025,17:00,NSPIN,1.01,N
12/02/2025,17:00,RRS,0.85,N
12/02/2025,17:00,REGUP,1.49,N
12/02/2025,17:00,REGDN,0.7,N
12/02/2025,18:00,ECRS,3,N
12/02/2025,18:00,RRS,3,N
12/02/2025,18:00,NSPIN,3,N
12/02/2025,18:00,REGUP,3.58,N
12/02/2025,18:00,REGDN,2.22,N
12/02/2025,19:00,NSPIN,5,N
12/02/2025,19:00,ECRS,5,N
12/02/2025,19:00,RRS,5,N
12/02/2025,19:00,REGDN,2.19,N
12/02/2025,19:00,REGUP,5,N
12/02/2025,20:00,ECRS,5,N
12/02/2025,20:00,NSPIN,5,N
12/02/2025,20:00,RRS,5,N
12/02/2025,20:00,REGDN,1.39,N
12/02/2025,20:00,REGUP,5,N
12/02/2025,21:00,ECRS,3,N
12/02/2025,21:00,NSPIN,3,N
12/02/2025,21:00,RRS,3.58,N
12/02/2025,21:00,REGUP,3.69,N
12/02/2025,21:00,REGDN,1,N
12/02/2025,22:00,NSPIN,3.17,N
12/02/2025,22:00,ECRS,1,N
12/02/2025,22:00,RRS,3.37,N
12/02/2025,22:00,REGDN,0.9,N
12/02/2025,22:00,REGUP,3.46,N
12/02/2025,23:00,ECRS,0.88,N
12/02/2025,23:00,NSPIN,0.97,N
12/02/2025,23:00,RRS,1.3,N
12/02/2025,23:00,REGUP,1.7,N
12/02/2025,23:00,REGDN,0.56,N
12/02/2025,24:00,ECRS,0.88,N
12/02/2025,24:00,NSPIN,1,N
12/02/2025,24:00,RRS,1.06,N
12/02/2025,24:00,REGUP,1.35,N
12/02/2025,24:00,REGDN,0.66,N
12/03/2025,01:00,ECRS,0.27,N
12/03/2025,01:00,REGDN,0.99,N
12/03/2025,01:00,REGUP,0.87,N
12/03/2025,01:00,NSPIN,0.4,N
12/03/2025,01:00,RRS,0.4,N
12/03/2025,02:00,ECRS,0.19,N
12/03/2025,02:00,NSPIN,0.3,N
12/03/2025,02:00,RRS,0.3,N
12/03/2025,02:00,REGUP,0.77,N
12/03/2025,02:00,REGDN,1,N
12/03/2025,03:00,NSPIN,0.5,N
12/03/2025,03:00,ECRS,0.3,N
12/03/2025,03:00,RRS,0.3,N
12/03/2025,03:00,REGDN,1.31,N
12/03/2025,03:00,REGUP,0.66,N
12/03/2025,04:00,ECRS,0.1,N
12/03/2025,04:00,NSPIN,0.5,N
12/03/2025,04:00,RRS,0.25,N
12/03/2025,04:00,REGUP,0.74,N
12/03/2025,04:00,REGDN,1.01,N
12/03/2025,05:00,ECRS,0.19,N
12/03/2025,05:00,RRS,0.25,N
12/03/2025,05:00,NSPIN,0.5,N
12/03/2025,05:00,REGUP,0.72,N
12/03/2025,05:00,REGDN,0.93,N
12/03/2025,06:00,ECRS,0.4,N
12/03/2025,06:00,REGDN,1.3,N
12/03/2025,06:00,REGUP,1.04,N
12/03/2025,06:00,RRS,0.4,N
12/03/2025,06:00,NSPIN,0.69,N
12/03/2025,07:00,ECRS,0.88,N
12/03/2025,07:00,REGDN,0.96,N
12/03/2025,07:00,REGUP,0.85,N
12/03/2025,07:00,RRS,0.88,N
12/03/2025,07:00,NSPIN,4.33,N
12/03/2025,08:00,ECRS,3,N
12/03/2025,08:00,NSPIN,8.33,N
12/03/2025,08:00,RRS,11.34,N
12/03/2025,08:00,REGUP,11.34,N
12/03/2025,08:00,REGDN,2.06,N
12/03/2025,09:00,ECRS,3,N
12/03/2025,09:00,REGDN,6.24,N
12/03/2025,09:00,REGUP,7.58,N
12/03/2025,09:00,RRS,7.23,N
12/03/2025,09:00,NSPIN,4.34,N
12/03/2025,10:00,ECRS,1.2,N
12/03/2025,10:00,NSPIN,1.25,N
12/03/2025,10:00,RRS,1.2,N
12/03/2025,10:00,REGDN,1.61,N
12/03/2025,10:00,REGUP,1.76,N
12/03/2025,11:00,NSPIN,1.33,N
12/03/2025,11:00,ECRS,0.63,N
12/03/2025,11:00,RRS,0.63,N
12/03/2025,11:00,REGDN,1.36,N
12/03/2025,11:00,REGUP,1.2,N
12/03/2025,12:00,ECRS,0.3,N
12/03/2025,12:00,RRS,0.3,N
12/03/2025,12:00,NSPIN,1,N
12/03/2025,12:00,REGUP,0.54,N
12/03/2025,12:00,REGDN,1.32,N
12/03/2025,13:00,ECRS,0.17,N
12/03/2025,13:00,NSPIN,1.01,N
12/03/2025,13:00,RRS,0.17,N
12/03/2025,13:00,REGUP,0.55,N
12/03/2025,13:00,REGDN,1.07,N
12/03/2025,14:00,ECRS,0.25,N
12/03/2025,14:00,NSPIN,1.01,N
12/03/2025,14:00,RRS,0.25,N
12/03/2025,14:00,REGUP,1.61,N
12/03/2025,14:00,REGDN,1.27,N
12/03/2025,15:00,ECRS,0.41,N
12/03/2025,15:00,NSPIN,1.06,N
12/03/2025,15:00,RRS,0.41,N
12/03/2025,15:00,REGUP,1.21,N
12/03/2025,15:00,REGDN,1.16,N
12/03/2025,16:00,NSPIN,1,N
12/03/2025,16:00,ECRS,0.44,N
12/03/2025,16:00,RRS,0.44,N
12/03/2025,16:00,REGDN,1.54,N
12/03/2025,16:00,REGUP,1.8,N
12/03/2025,17:00,ECRS,1.22,N
12/03/2025,17:00,NSPIN,1.92,N
12/03/2025,17:00,RRS,1.22,N
12/03/2025,17:00,REGUP,1.2,N
12/03/2025,17:00,REGDN,1.69,N
12/03/2025,18:00,ECRS,10.8,N
12/03/2025,18:00,RRS,10.8,N
12/03/2025,18:00,NSPIN,10.8,N
12/03/2025,18:00,REGUP,11.07,N
12/03/2025,18:00,REGDN,2.55,N
12/03/2025,19:00,NSPIN,6.84,N
12/03/2025,19:00,ECRS,5,N
12/03/2025,19:00,RRS,5,N
12/03/2025,19:00,REGDN,1.52,N
12/03/2025,19:00,REGUP,5,N
12/03/2025,20:00,ECRS,5.22,N
12/03/2025,20:00,NSPIN,5.76,N
12/03/2025,20:00,RRS,5.22,N
12/03/2025,20:00,REGDN,1.5,N
12/03/2025,20:00,REGUP,6.03,N
12/03/2025,21:00,ECRS,3,N
12/03/2025,21:00,NSPIN,5,N
12/03/2025,21:00,RRS,4.84,N
12/03/2025,21:00,REGUP,4.84,N
12/03/2025,21:00,REGDN,1.2,N
12/03/2025,22:00,NSPIN,4.62,N
12/03/2025,22:00,ECRS,1,N
12/03/2025,22:00,RRS,4.62,N
12/03/2025,22:00,REGDN,1.12,N
12/03/2025,22:00,REGUP,4.9,N
12/03/2025,23:00,ECRS,0.86,N
12/03/2025,23:00,NSPIN,0.97,N
12/03/2025,23:00,RRS,1,N
12/03/2025,23:00,REGUP,1.84,N
12/03/2025,23:00,REGDN,0.84,N
12/03/2025,24:00,ECRS,0.86,N
12/03/2025,24:00,NSPIN,0.97,N
12/03/2025,24:00,RRS,1,N
12/03/2025,24:00,REGUP,1.55,N
12/03/2025,24:00,REGDN,1,N
12/04/2025,01:00,ECRS,0.17,N
12/04/2025,01:00,REGUP,0.71,N
12/04/2025,01:00,REGDN,0.78,N
12/04/2025,01:00,RRS,0.24,N
12/04/2025,01:00,NSPIN,0.5,N
12/04/2025,02:00,ECRS,0.09,N
12/04/2025,02:00,REGDN,0.47,N
12/04/2025,02:00,REGUP,0.38,N
12/04/2025,02:00,RRS,0.22,N
12/04/2025,02:00,NSPIN,0.35,N
12/04/2025,03:00,ECRS,0.11,N
12/04/2025,03:00,NSPIN,0.69,N
12/04/2025,03:00,RRS,0.19,N
12/04/2025,03:00,REGUP,0.76,N
12/04/2025,03:00,REGDN,1,N
12/04/2025,04:00,ECRS,0.09,N
12/04/2025,04:00,NSPIN,0.69,N
12/04/2025,04:00,RRS,0.19,N
12/04/2025,04:00,REGUP,0.71,N
12/04/2025,04:00,REGDN,0.94,N
12/04/2025,05:00,NSPIN,0.5,N
12/04/2025,05:00,ECRS,0.09,N
12/04/2025,05:00,RRS,0.19,N
12/04/2025,05:00,REGDN,1.04,N
12/04/2025,05:00,REGUP,0.73,N
12/04/2025,06:00,ECRS,0.19,N
12/04/2025,06:00,REGDN,0.77,N
12/04/2025,06:00,REGUP,0.78,N
12/04/2025,06:00,RRS,0.28,N
12/04/2025,06:00,NSPIN,0.5,N
12/04/2025,07:00,ECRS,0.44,N
12/04/2025,07:00,REGDN,0.84,N
12/04/2025,07:00,REGUP,1.12,N
12/04/2025,07:00,RRS,0.44,N
12/04/2025,07:00,NSPIN,1,N
12/04/2025,08:00,ECRS,0.49,N
12/04/2025,08:00,NSPIN,1,N
12/04/2025,08:00,RRS,0.49,N
12/04/2025,08:00,REGUP,1.6,N
12/04/2025,08:00,REGDN,0.78,N
12/04/2025,09:00,ECRS,0.64,N
12/04/2025,09:00,RRS,0.64,N
12/04/2025,09:00,NSPIN,1.01,N
12/04/2025,09:00,REGUP,1.14,N
12/04/2025,09:00,REGDN,2.21,N
12/04/2025,10:00,ECRS,0.49,N
12/04/2025,10:00,REGDN,1.74,N
12/04/2025,10:00,REGUP,1.2,N
12/04/2025,10:00,RRS,0.49,N
12/04/2025,10:00,NSPIN,1.36,N
12/04/2025,11:00,ECRS,0.44,N
12/04/2025,11:00,NSPIN,1.2,N
12/04/2025,11:00,RRS,0.44,N
12/04/2025,11:00,REGUP,1.16,N
12/04/2025,11:00,REGDN,1.88,N
12/04/2025,12:00,ECRS,0.19,N
12/04/2025,12:00,REGDN,1.8,N
12/04/2025,12:00,REGUP,0.51,N
12/04/2025,12:00,RRS,0.19,N
12/04/2025,12:00,NSPIN,1.1,N
12/04/2025,13:00,ECRS,0.19,N
12/04/2025,13:00,NSPIN,1.2,N
12/04/2025,13:00,RRS,0.19,N
12/04/2025,13:00,REGDN,1.52,N
12/04/2025,13:00,REGUP,0.73,N
12/04/2025,14:00,NSPIN,1.2,N
12/04/2025,14:00,ECRS,0.34,N
12/04/2025,14:00,RRS,0.34,N
12/04/2025,14:00,REGDN,1.56,N
12/04/2025,14:00,REGUP,1.23,N
12/04/2025,15:00,ECRS,0.41,N
12/04/2025,15:00,RRS,0.41,N
12/04/2025,15:00,NSPIN,1.36,N
12/04/2025,15:00,REGUP,1.58,N
12/04/2025,15:00,REGDN,1.27,N
12/04/2025,16:00,RRS,0.44,N
12/04/2025,16:00,REGUP,2.1,N
12/04/2025,16:00,REGDN,1.68,N
12/04/2025,16:00,ECRS,0.44,N
12/04/2025,16:00,NSPIN,1.35,N
12/04/2025,17:00,ECRS,0.5,N
12/04/2025,17:00,REGDN,1.33,N
12/04/2025,17:00,REGUP,2.62,N
12/04/2025,17:00,NSPIN,7.6,N
12/04/2025,17:00,RRS,0.5,N
12/04/2025,18:00,NSPIN,19.64,N
12/04/2025,18:00,ECRS,0.84,N
12/04/2025,18:00,RRS,0.84,N
12/04/2025,18:00,REGDN,2.39,N
12/04/2025,18:00,REGUP,2,N
12/04/2025,19:00,ECRS,0.89,N
12/04/2025,19:00,RRS,0.89,N
12/04/2025,19:00,NSPIN,10,N
12/04/2025,19:00,REGUP,0.83,N
12/04/2025,19:00,REGDN,4.28,N
12/04/2025,20:00,ECRS,9.59,N
12/04/2025,20:00,REGDN,5,N
12/04/2025,20:00,REGUP,12.67,N
12/04/2025,20:00,RRS,9.59,N
12/04/2025,20:00,NSPIN,28.48,N
12/04/2025,21:00,ECRS,22.43,N
12/04/2025,21:00,REGDN,6.38,N
12/04/2025,21:00,REGUP,23.38,N
12/04/2025,21:00,RRS,22.43,N
12/04/2025,21:00,NSPIN,39.91,N
12/04/2025,22:00,ECRS,24.17,N
12/04/2025,22:00,REGDN,1.71,N
12/04/2025,22:00,REGUP,24.82,N
12/04/2025,22:00,RRS,24.17,N
12/04/2025,22:00,NSPIN,41.82,N
12/04/2025,23:00,ECRS,4.98,N
12/04/2025,23:00,NSPIN,12.66,N
12/04/2025,23:00,RRS,12.66,N
12/04/2025,23:00,REGUP,13.5,N
12/04/2025,23:00,REGDN,1.2,N
12/04/2025,24:00,ECRS,7.42,N
12/04/2025,24:00,NSPIN,7.48,N
12/04/2025,24:00,RRS,7.5,N
12/04/2025,24:00,REGUP,8.07,N
12/04/2025,24:00,REGDN,1.26,N
12/05/2025,01:00,ECRS,0.84,N
12/05/2025,01:00,REGDN,2.2,N
12/05/2025,01:00,REGUP,3.44,N
12/05/2025,01:00,NSPIN,21,N
12/05/2025,01:00,RRS,4.99,N
12/05/2025,02:00,ECRS,0.19,N
12/05/2025,02:00,NSPIN,18,N
12/05/2025,02:00,RRS,1.48,N
12/05/2025,02:00,REGUP,2.78,N
12/05/2025,02:00,REGDN,2.44,N
12/05/2025,03:00,NSPIN,24.56,N
12/05/2025,03:00,ECRS,0.78,N
12/05/2025,03:00,RRS,1.29,N
12/05/2025,03:00,REGDN,1.59,N
12/05/2025,03:00,REGUP,1.65,N
12/05/2025,04:00,ECRS,0.13,N
12/05/2025,04:00,NSPIN,23.2,N
12/05/2025,04:00,RRS,3,N
12/05/2025,04:00,REGUP,3.61,N
12/05/2025,04:00,REGDN,2.17,N
12/05/2025,05:00,ECRS,0.37,N
12/05/2025,05:00,RRS,1.84,N
12/05/2025,05:00,NSPIN,24.23,N
12/05/2025,05:00,REGUP,2.34,N
12/05/2025,05:00,REGDN,1.12,N
12/05/2025,06:00,ECRS,0.86,N
12/05/2025,06:00,REGDN,1.74,N
12/05/2025,06:00,REGUP,2.28,N
12/05/2025,06:00,RRS,1.77,N
12/05/2025,06:00,NSPIN,34.64,N
12/05/2025,07:00,ECRS,0.88,N
12/05/2025,07:00,REGDN,2.8,N
12/05/2025,07:00,REGUP,28.99,N
12/05/2025,07:00,RRS,35.32,N
12/05/2025,07:00,NSPIN,43.79,N
12/05/2025,08:00,ECRS,4.49,N
12/05/2025,08:00,NSPIN,49.04,N
12/05/2025,08:00,RRS,30,N
12/05/2025,08:00,REGUP,26.54,N
12/05/2025,08:00,REGDN,1.89,N
12/05/2025,09:00,ECRS,14.41,N
12/05/2025,09:00,REGDN,7.27,N
12/05/2025,09:00,REGUP,14.84,N
12/05/2025,09:00,RRS,14.41,N
12/05/2025,09:00,NSPIN,37.38,N
12/05/2025,10:00,ECRS,8.86,N
12/05/2025,10:00,NSPIN,28.51,N
12/05/2025,10:00,RRS,8.86,N
12/05/2025,10:00,REGDN,6.75,N
12/05/2025,10:00,REGUP,9.42,N
12/05/2025,11:00,NSPIN,14,N
12/05/2025,11:00,ECRS,2.75,N
12/05/2025,11:00,RRS,2.85,N
12/05/2025,11:00,REGDN,2.48,N
12/05/2025,11:00,REGUP,3.32,N
12/05/2025,12:00,ECRS,0.37,N
12/05/2025,12:00,RRS,1.32,N
12/05/2025,12:00,NSPIN,10,N
12/05/2025,12:00,REGUP,1.58,N
12/05/2025,12:00,REGDN,1.75,N
12/05/2025,13:00,ECRS,0.09,N
12/05/2025,13:00,NSPIN,14,N
12/05/2025,13:00,RRS,1,N
12/05/2025,13:00,REGUP,1.74,N
12/05/2025,13:00,REGDN,2.03,N
12/05/2025,14:00,ECRS,0.89,N
12/05/2025,14:00,NSPIN,14,N
12/05/2025,14:00,RRS,1,N
12/05/2025,14:00,REGUP,2.01,N
12/05/2025,14:00,REGDN,1.96,N
12/05/2025,15:00,ECRS,1.87,N
12/05/2025,15:00,NSPIN,14.99,N
12/05/2025,15:00,RRS,1.87,N
12/05/2025,15:00,REGUP,2.61,N
12/05/2025,15:00,REGDN,1.65,N
12/05/2025,16:00,NSPIN,17,N
12/05/2025,16:00,ECRS,3,N
12/05/2025,16:00,RRS,3,N
12/05/2025,16:00,REGDN,2.63,N
12/05/2025,16:00,REGUP,3.9,N
12/05/2025,17:00,ECRS,13.28,N
12/05/2025,17:00,NSPIN,53.37,N
12/05/2025,17:00,RRS,13.28,N
12/05/2025,17:00,REGUP,14.12,N
12/05/2025,17:00,REGDN,7.07,N
12/05/2025,18:00,ECRS,37.7,N
12/05/2025,18:00,RRS,37.7,N
12/05/2025,18:00,NSPIN,77.86,N
12/05/2025,18:00,REGUP,34.09,N
12/05/2025,18:00,REGDN,3.46,N
12/05/2025,19:00,NSPIN,64.49,N
12/05/2025,19:00,ECRS,24.96,N
12/05/2025,19:00,RRS,24.96,N
12/05/2025,19:00,REGDN,12.78,N
12/05/2025,19:00,REGUP,24.96,N
12/05/2025,20:00,ECRS,15,N
12/05/2025,20:00,NSPIN,62.06,N
12/05/2025,20:00,RRS,15,N
12/05/2025,20:00,REGDN,3.12,N
12/05/2025,20:00,REGUP,15.32,N
12/05/2025,21:00,ECRS,21.26,N
12/05/2025,21:00,NSPIN,56.22,N
12/05/2025,21:00,RRS,21.26,N
12/05/2025,21:00,REGUP,21.26,N
12/05/2025,21:00,REGDN,4.24,N
12/05/2025,22:00,NSPIN,48.24,N
12/05/2025,22:00,ECRS,15.76,N
12/05/2025,22:00,RRS,15.76,N
12/05/2025,22:00,REGDN,3.22,N
12/05/2025,22:00,REGUP,15.76,N
12/05/2025,23:00,ECRS,0.84,N
12/05/2025,23:00,NSPIN,13.69,N
12/05/2025,23:00,RRS,13.89,N
12/05/2025,23:00,REGUP,12.65,N
12/05/2025,23:00,REGDN,1.24,N
12/05/2025,24:00,ECRS,0.7,N
12/05/2025,24:00,NSPIN,3,N
12/05/2025,24:00,RRS,11.89,N
12/05/2025,24:00,REGUP,12.08,N
12/05/2025,24:00,REGDN,2,N
12/06/2025,01:00,ECRS,3,N
12/06/2025,01:00,REGUP,6.86,N
12/06/2025,01:00,REGDN,2.83,N
12/06/2025,01:00,RRS,5.05,N
12/06/2025,01:00,NSPIN,6.7,N
12/06/2025,02:00,ECRS,2.82,N
12/06/2025,02:00,REGDN,2.4,N
12/06/2025,02:00,REGUP,6.21,N
12/06/2025,02:00,RRS,4.75,N
12/06/2025,02:00,NSPIN,7.7,N
12/06/2025,03:00,ECRS,0.98,N
12/06/2025,03:00,NSPIN,6.68,N
12/06/2025,03:00,RRS,2.5,N
12/06/2025,03:00,REGUP,4.6,N
12/06/2025,03:00,REGDN,1.6,N
12/06/2025,04:00,ECRS,0.86,N
12/06/2025,04:00,NSPIN,8.46,N
12/06/2025,04:00,RRS,2.41,N
12/06/2025,04:00,REGUP,4.75,N
12/06/2025,04:00,REGDN,3.2,N
12/06/2025,05:00,NSPIN,9.71,N
12/06/2025,05:00,ECRS,0.88,N
12/06/2025,05:00,RRS,2.41,N
12/06/2025,05:00,REGDN,2.11,N
12/06/2025,05:00,REGUP,2.91,N
12/06/2025,06:00,ECRS,3.1,N
12/06/2025,06:00,REGDN,0.05,N
12/06/2025,06:00,REGUP,5.23,N
12/06/2025,06:00,RRS,4,N
12/06/2025,06:00,NSPIN,14.85,N
12/06/2025,07:00,ECRS,10,N
12/06/2025,07:00,REGDN,0.02,N
12/06/2025,07:00,REGUP,18.99,N
12/06/2025,07:00,RRS,18.33,N
12/06/2025,07:00,NSPIN,22.64,N
12/06/2025,08:00,ECRS,21.89,N
12/06/2025,08:00,NSPIN,22.64,N
12/06/2025,08:00,RRS,23.44,N
12/06/2025,08:00,REGUP,22.66,N
12/06/2025,08:00,REGDN,0.01,N
12/06/2025,09:00,ECRS,12.97,N
12/06/2025,09:00,RRS,12.97,N
12/06/2025,09:00,NSPIN,12.97,N
12/06/2025,09:00,REGUP,12.97,N
12/06/2025,09:00,REGDN,8.26,N
12/06/2025,10:00,ECRS,5.75,N
12/06/2025,10:00,NSPIN,5.08,N
12/06/2025,10:00,RRS,5.75,N
12/06/2025,10:00,REGUP,6.69,N
12/06/2025,10:00,REGDN,3,N
12/06/2025,11:00,ECRS,5,N
12/06/2025,11:00,NSPIN,5,N
12/06/2025,11:00,RRS,5,N
12/06/2025,11:00,REGUP,6.01,N
12/06/2025,11:00,REGDN,5.86,N
12/06/2025,12:00,REGUP,4.35,N
12/06/2025,12:00,ECRS,3,N
12/06/2025,12:00,REGDN,3.99,N
12/06/2025,12:00,RRS,3.81,N
12/06/2025,12:00,NSPIN,3.81,N
12/06/2025,13:00,ECRS,0.98,N
12/06/2025,13:00,NSPIN,3,N
12/06/2025,13:00,REGDN,2.61,N
12/06/2025,13:00,REGUP,2.84,N
12/06/2025,13:00,RRS,2.34,N
12/06/2025,14:00,REGDN,3.11,N
12/06/2025,14:00,REGUP,2.6,N
12/06/2025,14:00,RRS,1.56,N
12/06/2025,14:00,NSPIN,2.65,N
12/06/2025,14:00,ECRS,1.61,N
12/06/2025,15:00,ECRS,1.54,N
12/06/2025,15:00,REGDN,7.04,N
12/06/2025,15:00,REGUP,3.41,N
12/06/2025,15:00,RRS,1.45,N
12/06/2025,15:00,NSPIN,2.47,N
12/06/2025,16:00,NSPIN,2.3,N
12/06/2025,16:00,REGDN,6.92,N
12/06/2025,16:00,REGUP,4.44,N
12/06/2025,16:00,RRS,1.85,N
12/06/2025,16:00,ECRS,1.94,N
12/06/2025,17:00,REGUP,4.36,N
12/06/2025,17:00,REGDN,3.57,N
12/06/2025,17:00,ECRS,2.86,N
12/06/2025,17:00,NSPIN,3,N
12/06/2025,17:00,RRS,2.86,N
12/06/2025,18:00,REGUP,9.72,N
12/06/2025,18:00,RRS,9.72,N
12/06/2025,18:00,ECRS,9.72,N
12/06/2025,18:00,NSPIN,9.72,N
12/06/2025,18:00,REGDN,0.02,N
12/06/2025,19:00,REGDN,0.04,N
12/06/2025,19:00,REGUP,10.31,N
12/06/2025,19:00,ECRS,10.36,N
12/06/2025,19:00,RRS,10.36,N
12/06/2025,19:00,NSPIN,10,N
12/06/2025,20:00,ECRS,8.37,N
12/06/2025,20:00,NSPIN,8.37,N
12/06/2025,20:00,RRS,9.96,N
12/06/2025,20:00,REGDN,2.33,N
12/06/2025,20:00,REGUP,9.96,N
12/06/2025,21:00,NSPIN,7.28,N
12/06/2025,21:00,ECRS,3,N
12/06/2025,21:00,RRS,8.74,N
12/06/2025,21:00,REGDN,2.74,N
12/06/2025,21:00,REGUP,9.3,N
12/06/2025,22:00,ECRS,6,N
12/06/2025,22:00,RRS,8.11,N
12/06/2025,22:00,NSPIN,6.72,N
12/06/2025,22:00,REGUP,8.77,N
12/06/2025,22:00,REGDN,2.5,N
12/06/2025,23:00,ECRS,3,N
12/06/2025,23:00,NSPIN,10,N
12/06/2025,23:00,RRS,9.1,N
12/06/2025,23:00,REGUP,10,N
12/06/2025,23:00,REGDN,2.09,N
12/06/2025,24:00,RRS,7.02,N
12/06/2025,24:00,NSPIN,7.71,N
12/06/2025,24:00,ECRS,3,N
12/06/2025,24:00,REGUP,7.66,N
12/06/2025,24:00,REGDN,2.81,N
12/07/2025,01:00,ECRS,3,N
12/07/2025,01:00,REGDN,1.2,N
12/07/2025,01:00,REGUP,3,N
12/07/2025,01:00,NSPIN,5.29,N
12/07/2025,01:00,RRS,3,N
12/07/2025,02:00,ECRS,1.2,N
12/07/2025,02:00,NSPIN,5.78,N
12/07/2025,02:00,RRS,1.44,N
12/07/2025,02:00,REGUP,2.28,N
12/07/2025,02:00,REGDN,0.18,N
12/07/2025,03:00,NSPIN,5,N
12/07/2025,03:00,ECRS,1.94,N
12/07/2025,03:00,RRS,1.94,N
12/07/2025,03:00,REGDN,1.62,N
12/07/2025,03:00,REGUP,2.56,N
12/07/2025,04:00,ECRS,0.88,N
12/07/2025,04:00,NSPIN,5,N
12/07/2025,04:00,RRS,1,N
12/07/2025,04:00,REGUP,1.87,N
12/07/2025,04:00,REGDN,1.35,N
12/07/2025,05:00,ECRS,0.9,N
12/07/2025,05:00,RRS,1,N
12/07/2025,05:00,NSPIN,5.12,N
12/07/2025,05:00,REGUP,2.26,N
12/07/2025,05:00,REGDN,1.18,N
12/07/2025,06:00,ECRS,1.46,N
12/07/2025,06:00,REGDN,1.65,N
12/07/2025,06:00,REGUP,1.35,N
12/07/2025,06:00,RRS,1.46,N
12/07/2025,06:00,NSPIN,7.5,N
12/07/2025,07:00,ECRS,3,N
12/07/2025,07:00,REGDN,0.02,N
12/07/2025,07:00,REGUP,5.4,N
12/07/2025,07:00,RRS,4.96,N
12/07/2025,07:00,NSPIN,6.5,N
12/07/2025,08:00,ECRS,4.68,N
12/07/2025,08:00,NSPIN,6.5,N
12/07/2025,08:00,RRS,5.28,N
12/07/2025,08:00,REGUP,6.4,N
12/07/2025,08:00,REGDN,0.79,N
12/07/2025,09:00,ECRS,4.11,N
12/07/2025,09:00,REGDN,3.22,N
12/07/2025,09:00,REGUP,4.8,N
12/07/2025,09:00,RRS,4.02,N
12/07/2025,09:00,NSPIN,5.29,N
12/07/2025,10:00,ECRS,2.9,N
12/07/2025,10:00,NSPIN,4.6,N
12/07/2025,10:00,RRS,2.71,N
12/07/2025,10:00,REGDN,1.58,N
12/07/2025,10:00,REGUP,3.4,N
12/07/2025,11:00,NSPIN,4.6,N
12/07/2025,11:00,ECRS,1,N
12/07/2025,11:00,RRS,0.91,N
12/07/2025,11:00,REGDN,3.37,N
12/07/2025,11:00,REGUP,2.31,N
12/07/2025,12:00,ECRS,0.91,N
12/07/2025,12:00,RRS,0.82,N
12/07/2025,12:00,NSPIN,5,N
12/07/2025,12:00,REGUP,1.3,N
12/07/2025,12:00,REGDN,2.41,N
12/07/2025,13:00,ECRS,0.88,N
12/07/2025,13:00,NSPIN,4.6,N
12/07/2025,13:00,RRS,0.79,N
12/07/2025,13:00,REGUP,1.4,N
12/07/2025,13:00,REGDN,2.34,N
12/07/2025,14:00,ECRS,1,N
12/07/2025,14:00,NSPIN,3.34,N
12/07/2025,14:00,RRS,0.97,N
12/07/2025,14:00,REGUP,1.95,N
12/07/2025,14:00,REGDN,1.98,N
12/07/2025,15:00,ECRS,1,N
12/07/2025,15:00,NSPIN,3.23,N
12/07/2025,15:00,RRS,0.91,N
12/07/2025,15:00,REGUP,2.31,N
12/07/2025,15:00,REGDN,14.22,N
12/07/2025,16:00,NSPIN,3.24,N
12/07/2025,16:00,ECRS,1.57,N
12/07/2025,16:00,RRS,1.38,N
12/07/2025,16:00,REGDN,20,N
12/07/2025,16:00,REGUP,3.25,N
12/07/2025,17:00,ECRS,1.58,N
12/07/2025,17:00,NSPIN,5,N
12/07/2025,17:00,RRS,1.58,N
12/07/2025,17:00,REGUP,3.68,N
12/07/2025,17:00,REGDN,5,N
12/07/2025,18:00,ECRS,5.1,N
12/07/2025,18:00,RRS,5.1,N
12/07/2025,18:00,NSPIN,15,N
12/07/2025,18:00,REGUP,5.03,N
12/07/2025,18:00,REGDN,0.21,N
12/07/2025,19:00,NSPIN,16.98,N
12/07/2025,19:00,ECRS,15.94,N
12/07/2025,19:00,RRS,15.94,N
12/07/2025,19:00,REGDN,0.03,N
12/07/2025,19:00,REGUP,14.85,N
12/07/2025,20:00,ECRS,15.67,N
12/07/2025,20:00,NSPIN,16.5,N
12/07/2025,20:00,RRS,15.67,N
12/07/2025,20:00,REGDN,3.35,N
12/07/2025,20:00,REGUP,15.67,N
12/07/2025,21:00,ECRS,7.9,N
12/07/2025,21:00,NSPIN,12.68,N
12/07/2025,21:00,RRS,7.9,N
12/07/2025,21:00,REGUP,7.9,N
12/07/2025,21:00,REGDN,3.71,N
12/07/2025,22:00,NSPIN,12.84,N
12/07/2025,22:00,ECRS,5.7,N
12/07/2025,22:00,RRS,5.7,N
12/07/2025,22:00,REGDN,4.94,N
12/07/2025,22:00,REGUP,7.09,N
12/07/2025,23:00,ECRS,3,N
12/07/2025,23:00,NSPIN,11.65,N
12/07/2025,23:00,RRS,7.52,N
12/07/2025,23:00,REGUP,9.1,N
12/07/2025,23:00,REGDN,2.66,N
12/07/2025,24:00,ECRS,3,N
12/07/2025,24:00,NSPIN,10.27,N
12/07/2025,24:00,RRS,6.87,N
12/07/2025,24:00,REGUP,7.99,N
12/07/2025,24:00,REGDN,3.06,N
12/08/2025,01:00,ECRS,1,N
12/08/2025,01:00,REGDN,1.2,N
12/08/2025,01:00,REGUP,2.53,N
12/08/2025,01:00,NSPIN,5,N
12/08/2025,01:00,RRS,1,N
12/08/2025,02:00,ECRS,0.68,N
12/08/2025,02:00,NSPIN,5.18,N
12/08/2025,02:00,RRS,0.59,N
12/08/2025,02:00,REGUP,2.15,N
12/08/2025,02:00,REGDN,1.39,N
12/08/2025,03:00,NSPIN,5,N
12/08/2025,03:00,ECRS,0.92,N
12/08/2025,03:00,RRS,0.92,N
12/08/2025,03:00,REGDN,1.2,N
12/08/2025,03:00,REGUP,2.5,N
12/08/2025,04:00,ECRS,0.5,N
12/08/2025,04:00,NSPIN,5.3,N
12/08/2025,04:00,RRS,0.49,N
12/08/2025,04:00,REGUP,2.58,N
12/08/2025,04:00,REGDN,1,N
12/08/2025,05:00,ECRS,0.49,N
12/08/2025,05:00,RRS,0.49,N
12/08/2025,05:00,NSPIN,6.86,N
12/08/2025,05:00,REGUP,2.08,N
12/08/2025,05:00,REGDN,1.62,N
12/08/2025,06:00,ECRS,0.96,N
12/08/2025,06:00,REGDN,2.34,N
12/08/2025,06:00,REGUP,0.85,N
12/08/2025,06:00,RRS,0.96,N
12/08/2025,06:00,NSPIN,16.92,N
12/08/2025,07:00,ECRS,9.32,N
12/08/2025,07:00,REGDN,0.02,N
12/08/2025,07:00,REGUP,9.2,N
12/08/2025,07:00,RRS,9.32,N
12/08/2025,07:00,NSPIN,17.18,N
12/08/2025,08:00,ECRS,21.95,N
12/08/2025,08:00,NSPIN,21.95,N
12/08/2025,08:00,RRS,21.95,N
12/08/2025,08:00,REGUP,16.93,N
12/08/2025,08:00,REGDN,0.01,N
12/08/2025,09:00,ECRS,12.9,N
12/08/2025,09:00,REGDN,5,N
12/08/2025,09:00,REGUP,12.9,N
12/08/2025,09:00,RRS,12.9,N
12/08/2025,09:00,NSPIN,12.9,N
12/08/2025,10:00,ECRS,3.75,N
12/08/2025,10:00,NSPIN,4,N
12/08/2025,10:00,RRS,3.75,N
12/08/2025,10:00,REGDN,3.25,N
12/08/2025,10:00,REGUP,4.5,N
12/08/2025,11:00,NSPIN,4.5,N
12/08/2025,11:00,ECRS,3,N
12/08/2025,11:00,RRS,3,N
12/08/2025,11:00,REGDN,3.2,N
12/08/2025,11:00,REGUP,3.62,N
12/08/2025,12:00,ECRS,1,N
12/08/2025,12:00,RRS,1,N
12/08/2025,12:00,NSPIN,5,N
12/08/2025,12:00,REGUP,1.57,N
12/08/2025,12:00,REGDN,3.65,N
12/08/2025,13:00,ECRS,0.74,N
12/08/2025,13:00,NSPIN,5,N
12/08/2025,13:00,RRS,0.74,N
12/08/2025,13:00,REGUP,1.35,N
12/08/2025,13:00,REGDN,2.53,N
12/08/2025,14:00,ECRS,0.59,N
12/08/2025,14:00,NSPIN,3.4,N
12/08/2025,14:00,RRS,0.5,N
12/08/2025,14:00,REGUP,2,N
12/08/2025,14:00,REGDN,2.37,N
12/08/2025,15:00,ECRS,0.74,N
12/08/2025,15:00,NSPIN,3,N
12/08/2025,15:00,RRS,0.65,N
12/08/2025,15:00,REGUP,3.2,N
12/08/2025,15:00,REGDN,5.62,N
12/08/2025,16:00,NSPIN,3,N
12/08/2025,16:00,ECRS,0.89,N
12/08/2025,16:00,RRS,0.8,N
12/08/2025,16:00,REGDN,5,N
12/08/2025,16:00,REGUP,2.67,N
12/08/2025,17:00,ECRS,1.03,N
12/08/2025,17:00,NSPIN,5,N
12/08/2025,17:00,RRS,1.03,N
12/08/2025,17:00,REGUP,0.98,N
12/08/2025,17:00,REGDN,1.17,N
12/08/2025,18:00,ECRS,9.36,N
12/08/2025,18:00,RRS,9.36,N
12/08/2025,18:00,NSPIN,12.9,N
12/08/2025,18:00,REGUP,10.38,N
12/08/2025,18:00,REGDN,0.02,N
12/08/2025,19:00,NSPIN,11.9,N
12/08/2025,19:00,ECRS,10.4,N
12/08/2025,19:00,RRS,10.4,N
12/08/2025,19:00,REGDN,0.03,N
12/08/2025,19:00,REGUP,10.4,N
12/08/2025,20:00,ECRS,6.96,N
12/08/2025,20:00,NSPIN,11.73,N
12/08/2025,20:00,RRS,6.96,N
12/08/2025,20:00,REGDN,1.5,N
12/08/2025,20:00,REGUP,7.69,N
12/08/2025,21:00,ECRS,3,N
12/08/2025,21:00,NSPIN,10.12,N
12/08/2025,21:00,RRS,6.02,N
12/08/2025,21:00,REGUP,6.62,N
12/08/2025,21:00,REGDN,2.48,N
12/08/2025,22:00,NSPIN,6.72,N
12/08/2025,22:00,ECRS,3,N
12/08/2025,22:00,RRS,4.52,N
12/08/2025,22:00,REGDN,2.72,N
12/08/2025,22:00,REGUP,5.51,N
12/08/2025,23:00,ECRS,3,N
12/08/2025,23:00,NSPIN,8.01,N
12/08/2025,23:00,RRS,4.06,N
12/08/2025,23:00,REGUP,5.08,N
12/08/2025,23:00,REGDN,2.32,N
12/08/2025,24:00,ECRS,3,N
12/08/2025,24:00,NSPIN,7.41,N
12/08/2025,24:00,RRS,3.94,N
12/08/2025,24:00,REGUP,4.62,N
12/08/2025,24:00,REGDN,2.76,N
12/09/2025,01:00,ECRS,1,N
12/09/2025,01:00,REGUP,1.88,N
12/09/2025,01:00,REGDN,1.2,N
12/09/2025,01:00,RRS,0.98,N
12/09/2025,01:00,NSPIN,5,N
12/09/2025,02:00,ECRS,0.84,N
12/09/2025,02:00,REGDN,0.53,N
12/09/2025,02:00,REGUP,2.28,N
12/09/2025,02:00,RRS,0.75,N
12/09/2025,02:00,NSPIN,5.03,N
12/09/2025,03:00,ECRS,0.9,N
12/09/2025,03:00,NSPIN,4.81,N
12/09/2025,03:00,RRS,0.9,N
12/09/2025,03:00,REGUP,1.66,N
12/09/2025,03:00,REGDN,0.67,N
12/09/2025,04:00,ECRS,0.5,N
12/09/2025,04:00,NSPIN,5,N
12/09/2025,04:00,RRS,0.49,N
12/09/2025,04:00,REGUP,1.32,N
12/09/2025,04:00,REGDN,0.45,N
12/09/2025,05:00,NSPIN,5,N
12/09/2025,05:00,ECRS,0.7,N
12/09/2025,05:00,RRS,0.7,N
12/09/2025,05:00,REGDN,1.2,N
12/09/2025,05:00,REGUP,0.66,N
12/09/2025,06:00,ECRS,1.12,N
12/09/2025,06:00,REGDN,0.02,N
12/09/2025,06:00,REGUP,1.01,N
12/09/2025,06:00,RRS,1.12,N
12/09/2025,06:00,NSPIN,7.85,N
12/09/2025,07:00,ECRS,4,N
12/09/2025,07:00,REGDN,0.02,N
12/09/2025,07:00,REGUP,6.98,N
12/09/2025,07:00,RRS,4.99,N
12/09/2025,07:00,NSPIN,12.35,N
12/09/2025,08:00,ECRS,7.69,N
12/09/2025,08:00,NSPIN,15.65,N
12/09/2025,08:00,RRS,7.69,N
12/09/2025,08:00,REGUP,9.09,N
12/09/2025,08:00,REGDN,0.01,N
12/09/2025,09:00,ECRS,5.38,N
12/09/2025,09:00,RRS,5.38,N
12/09/2025,09:00,NSPIN,7.63,N
12/09/2025,09:00,REGUP,5.73,N
12/09/2025,09:00,REGDN,3.87,N
12/09/2025,10:00,ECRS,3,N
12/09/2025,10:00,NSPIN,3.47,N
12/09/2025,10:00,RRS,2.91,N
12/09/2025,10:00,REGUP,3.66,N
12/09/2025,10:00,REGDN,3.28,N
12/09/2025,11:00,ECRS,2.25,N
12/09/2025,11:00,REGDN,2.68,N
12/09/2025,11:00,REGUP,2.88,N
12/09/2025,11:00,RRS,2.25,N
12/09/2025,11:00,NSPIN,3.67,N
12/09/2025,12:00,ECRS,0.98,N
12/09/2025,12:00,NSPIN,4.91,N
12/09/2025,12:00,RRS,0.98,N
12/09/2025,12:00,REGUP,1.43,N
12/09/2025,12:00,REGDN,1.99,N
12/09/2025,13:00,ECRS,0.7,N
12/09/2025,13:00,NSPIN,3.92,N
12/09/2025,13:00,RRS,0.61,N
12/09/2025,13:00,REGUP,1.61,N
12/09/2025,13:00,REGDN,1.92,N
12/09/2025,14:00,ECRS,0.8,N
12/09/2025,14:00,REGDN,3.53,N
12/09/2025,14:00,REGUP,2.67,N
12/09/2025,14:00,RRS,0.71,N
12/09/2025,14:00,NSPIN,2.83,N
12/09/2025,15:00,ECRS,0.94,N
12/09/2025,15:00,NSPIN,2.4,N
12/09/2025,15:00,RRS,0.75,N
12/09/2025,15:00,REGDN,3,N
12/09/2025,15:00,REGUP,2.77,N
12/09/2025,16:00,ECRS,1,N
12/09/2025,16:00,NSPIN,1.73,N
12/09/2025,16:00,RRS,0.81,N
12/09/2025,16:00,REGUP,2.67,N
12/09/2025,16:00,REGDN,5,N
12/09/2025,17:00,NSPIN,1.7,N
12/09/2025,17:00,ECRS,1,N
12/09/2025,17:00,RRS,1,N
12/09/2025,17:00,REGDN,2.4,N
12/09/2025,17:00,REGUP,0.89,N
12/09/2025,18:00,ECRS,3.89,N
12/09/2025,18:00,NSPIN,5,N
12/09/2025,18:00,RRS,3.89,N
12/09/2025,18:00,REGUP,5,N
12/09/2025,18:00,REGDN,0.02,N
12/09/2025,19:00,ECRS,3.37,N
12/09/2025,19:00,RRS,3.37,N
12/09/2025,19:00,NSPIN,6.5,N
12/09/2025,19:00,REGUP,3.37,N
12/09/2025,19:00,REGDN,0.03,N
12/09/2025,20:00,ECRS,4,N
12/09/2025,20:00,REGDN,0.02,N
12/09/2025,20:00,REGUP,5,N
12/09/2025,20:00,RRS,4.37,N
12/09/2025,20:00,NSPIN,6.5,N
12/09/2025,21:00,ECRS,3,N
12/09/2025,21:00,REGDN,0.94,N
12/09/2025,21:00,REGUP,4.26,N
12/09/2025,21:00,RRS,4.06,N
12/09/2025,21:00,NSPIN,6.79,N
12/09/2025,22:00,ECRS,2.3,N
12/09/2025,22:00,NSPIN,6.5,N
12/09/2025,22:00,RRS,3.43,N
12/09/2025,22:00,REGUP,4.39,N
12/09/2025,22:00,REGDN,1.91,N
12/09/2025,23:00,ECRS,3,N
12/09/2025,23:00,NSPIN,6.11,N
12/09/2025,23:00,RRS,3.23,N
12/09/2025,23:00,REGUP,3.89,N
12/09/2025,23:00,REGDN,0.13,N
12/09/2025,24:00,REGDN,1.99,N
12/09/2025,24:00,ECRS,3,N
12/09/2025,24:00,NSPIN,6,N
12/09/2025,24:00,RRS,3.43,N
12/09/2025,24:00,REGUP,3.95,N
12/10/2025,01:00,ECRS,1,N
12/10/2025,01:00,REGDN,1.24,N
12/10/2025,01:00,REGUP,1.76,N
12/10/2025,01:00,NSPIN,3,N
12/10/2025,01:00,RRS,1,N
12/10/2025,02:00,ECRS,0.82,N
12/10/2025,02:00,NSPIN,3,N
12/10/2025,02:00,RRS,0.82,N
12/10/2025,02:00,REGUP,1.61,N
12/10/2025,02:00,REGDN,0.95,N
12/10/2025,03:00,NSPIN,3,N
12/10/2025,03:00,ECRS,0.69,N
12/10/2025,03:00,RRS,0.6,N
12/10/2025,03:00,REGDN,1.19,N
12/10/2025,03:00,REGUP,1.53,N
12/10/2025,04:00,ECRS,0.7,N
12/10/2025,04:00,NSPIN,3,N
12/10/2025,04:00,RRS,0.65,N
12/10/2025,04:00,REGUP,1.94,N
12/10/2025,04:00,REGDN,1,N
12/10/2025,05:00,ECRS,0.8,N
12/10/2025,05:00,RRS,0.8,N
12/10/2025,05:00,NSPIN,3.23,N
12/10/2025,05:00,REGUP,1.49,N
12/10/2025,05:00,REGDN,0.93,N
12/10/2025,06:00,ECRS,0.87,N
12/10/2025,06:00,REGDN,1.11,N
12/10/2025,06:00,REGUP,0.76,N
12/10/2025,06:00,RRS,0.87,N
12/10/2025,06:00,NSPIN,3.99,N
12/10/2025,07:00,ECRS,3,N
12/10/2025,07:00,REGDN,0.01,N
12/10/2025,07:00,REGUP,5,N
12/10/2025,07:00,RRS,3.89,N
12/10/2025,07:00,NSPIN,5,N
12/10/2025,08:00,ECRS,3,N
12/10/2025,08:00,NSPIN,5,N
12/10/2025,08:00,RRS,4.63,N
12/10/2025,08:00,REGUP,4.68,N
12/10/2025,08:00,REGDN,1.28,N
12/10/2025,09:00,ECRS,3,N
12/10/2025,09:00,REGDN,2.78,N
12/10/2025,09:00,REGUP,3.41,N
12/10/2025,09:00,RRS,2.91,N
12/10/2025,09:00,NSPIN,3,N
12/10/2025,10:00,ECRS,2.71,N
12/10/2025,10:00,NSPIN,2.52,N
12/10/2025,10:00,RRS,2.62,N
12/10/2025,10:00,REGDN,4.61,N
12/10/2025,10:00,REGUP,3.21,N
12/10/2025,11:00,NSPIN,2,N
12/10/2025,11:00,ECRS,0.98,N
12/10/2025,11:00,RRS,0.89,N
12/10/2025,11:00,REGDN,5,N
12/10/2025,11:00,REGUP,2.2,N
12/10/2025,12:00,ECRS,0.55,N
12/10/2025,12:00,RRS,0.5,N
12/10/2025,12:00,NSPIN,2.77,N
12/10/2025,12:00,REGUP,1.23,N
12/10/2025,12:00,REGDN,6.22,N
12/10/2025,13:00,ECRS,0.6,N
12/10/2025,13:00,NSPIN,1.99,N
12/10/2025,13:00,RRS,0.55,N
12/10/2025,13:00,REGUP,1.21,N
12/10/2025,13:00,REGDN,5,N
12/10/2025,14:00,ECRS,0.83,N
12/10/2025,14:00,NSPIN,1.5,N
12/10/2025,14:00,RRS,0.74,N
12/10/2025,14:00,REGUP,1.35,N
12/10/2025,14:00,REGDN,5,N
12/10/2025,15:00,ECRS,0.88,N
12/10/2025,15:00,NSPIN,1.5,N
12/10/2025,15:00,RRS,0.74,N
12/10/2025,15:00,REGUP,1.76,N
12/10/2025,15:00,REGDN,5,N
12/10/2025,16:00,NSPIN,1.9,N
12/10/2025,16:00,ECRS,0.88,N
12/10/2025,16:00,RRS,0.79,N
12/10/2025,16:00,REGDN,5.36,N
12/10/2025,16:00,REGUP,1.92,N
12/10/2025,17:00,ECRS,0.91,N
12/10/2025,17:00,NSPIN,1.62,N
12/10/2025,17:00,RRS,0.91,N
12/10/2025,17:00,REGUP,2.93,N
12/10/2025,17:00,REGDN,2.09,N
12/10/2025,18:00,ECRS,1,N
12/10/2025,18:00,RRS,1,N
12/10/2025,18:00,NSPIN,4.5,N
12/10/2025,18:00,REGUP,0.99,N
12/10/2025,18:00,REGDN,4.06,N
12/10/2025,19:00,NSPIN,8.1,N
12/10/2025,19:00,ECRS,0.89,N
12/10/2025,19:00,RRS,0.89,N
12/10/2025,19:00,REGDN,0.16,N
12/10/2025,19:00,REGUP,0.81,N
12/10/2025,20:00,ECRS,8,N
12/10/2025,20:00,NSPIN,10.06,N
12/10/2025,20:00,RRS,8,N
12/10/2025,20:00,REGDN,0.02,N
12/10/2025,20:00,REGUP,9,N
12/10/2025,21:00,ECRS,9.01,N
12/10/2025,21:00,NSPIN,10.3,N
12/10/2025,21:00,RRS,9.01,N
12/10/2025,21:00,REGUP,9.05,N
12/10/2025,21:00,REGDN,0.03,N
12/10/2025,22:00,NSPIN,9.36,N
12/10/2025,22:00,ECRS,9.36,N
12/10/2025,22:00,RRS,9.35,N
12/10/2025,22:00,REGDN,3.63,N
12/10/2025,22:00,REGUP,9.36,N
12/10/2025,23:00,ECRS,6.98,N
12/10/2025,23:00,NSPIN,7.2,N
12/10/2025,23:00,RRS,6.98,N
12/10/2025,23:00,REGUP,7.2,N
12/10/2025,23:00,REGDN,2.57,N
12/10/2025,24:00,ECRS,4,N
12/10/2025,24:00,NSPIN,8.07,N
12/10/2025,24:00,RRS,7,N
12/10/2025,24:00,REGUP,7.85,N
12/10/2025,24:00,REGDN,2.74,N
12/11/2025,01:00,ECRS,2.32,N
12/11/2025,01:00,REGDN,1.46,N
12/11/2025,01:00,REGUP,3.6,N
12/11/2025,01:00,NSPIN,5,N
12/11/2025,01:00,RRS,2.72,N
12/11/2025,02:00,ECRS,0.78,N
12/11/2025,02:00,NSPIN,5,N
12/11/2025,02:00,RRS,0.69,N
12/11/2025,02:00,REGUP,2.14,N
12/11/2025,02:00,REGDN,1.19,N
12/11/2025,03:00,NSPIN,3.45,N
12/11/2025,03:00,ECRS,0.7,N
12/11/2025,03:00,RRS,0.7,N
12/11/2025,03:00,REGDN,1.2,N
12/11/2025,03:00,REGUP,2.03,N
12/11/2025,04:00,ECRS,0.64,N
12/11/2025,04:00,NSPIN,3.8,N
12/11/2025,04:00,RRS,0.64,N
12/11/2025,04:00,REGUP,1.79,N
12/11/2025,04:00,REGDN,1.55,N
12/11/2025,05:00,ECRS,0.84,N
12/11/2025,05:00,RRS,0.84,N
12/11/2025,05:00,NSPIN,4.22,N
12/11/2025,05:00,REGUP,0.8,N
12/11/2025,05:00,REGDN,0.99,N
12/11/2025,06:00,ECRS,1.2,N
12/11/2025,06:00,REGDN,0.02,N
12/11/2025,06:00,REGUP,1.32,N
12/11/2025,06:00,RRS,1.32,N
12/11/2025,06:00,NSPIN,4.18,N
12/11/2025,07:00,ECRS,4.51,N
12/11/2025,07:00,REGDN,0.01,N
12/11/2025,07:00,REGUP,5.04,N
12/11/2025,07:00,RRS,5,N
12/11/2025,07:00,NSPIN,5.04,N
12/11/2025,08:00,ECRS,7.92,N
12/11/2025,08:00,NSPIN,5.92,N
12/11/2025,08:00,RRS,7.9,N
12/11/2025,08:00,REGUP,7.92,N
12/11/2025,08:00,REGDN,0.26,N
12/11/2025,09:00,ECRS,4.57,N
12/11/2025,09:00,REGDN,3.71,N
12/11/2025,09:00,REGUP,4.93,N
12/11/2025,09:00,RRS,4.48,N
12/11/2025,09:00,NSPIN,5,N
12/11/2025,10:00,ECRS,2.29,N
12/11/2025,10:00,NSPIN,3,N
12/11/2025,10:00,RRS,1.99,N
12/11/2025,10:00,REGDN,1.73,N
12/11/2025,10:00,REGUP,2.81,N
12/11/2025,11:00,NSPIN,2.76,N
12/11/2025,11:00,ECRS,2.15,N
12/11/2025,11:00,RRS,2.03,N
12/11/2025,11:00,REGDN,1.24,N
12/11/2025,11:00,REGUP,2.5,N
12/11/2025,12:00,ECRS,0.89,N
12/11/2025,12:00,RRS,0.8,N
12/11/2025,12:00,NSPIN,2.61,N
12/11/2025,12:00,REGUP,1.16,N
12/11/2025,12:00,REGDN,1.53,N
12/11/2025,13:00,ECRS,0.8,N
12/11/2025,13:00,NSPIN,2.5,N
12/11/2025,13:00,RRS,0.71,N
12/11/2025,13:00,REGUP,1.63,N
12/11/2025,13:00,REGDN,1.68,N
12/11/2025,14:00,ECRS,0.83,N
12/11/2025,14:00,NSPIN,1.72,N
12/11/2025,14:00,RRS,0.64,N
12/11/2025,14:00,REGUP,1.4,N
12/11/2025,14:00,REGDN,1.37,N
12/11/2025,15:00,ECRS,0.92,N
12/11/2025,15:00,NSPIN,1.5,N
12/11/2025,15:00,RRS,0.73,N
12/11/2025,15:00,REGUP,1.84,N
12/11/2025,15:00,REGDN,4.2,N
12/11/2025,16:00,NSPIN,1.52,N
12/11/2025,16:00,ECRS,0.98,N
12/11/2025,16:00,RRS,0.79,N
12/11/2025,16:00,REGDN,3.92,N
12/11/2025,16:00,REGUP,1.78,N
12/11/2025,17:00,ECRS,0.96,N
12/11/2025,17:00,NSPIN,1.9,N
12/11/2025,17:00,RRS,0.89,N
12/11/2025,17:00,REGUP,2.35,N
12/11/2025,17:00,REGDN,5,N
12/11/2025,18:00,ECRS,3.5,N
12/11/2025,18:00,RRS,3,N
12/11/2025,18:00,NSPIN,3,N
12/11/2025,18:00,REGUP,5,N
12/11/2025,18:00,REGDN,0.02,N
12/11/2025,19:00,NSPIN,4.46,N
12/11/2025,19:00,ECRS,4.46,N
12/11/2025,19:00,RRS,4.46,N
12/11/2025,19:00,REGDN,0.03,N
12/11/2025,19:00,REGUP,4.49,N
12/11/2025,20:00,ECRS,3.04,N
12/11/2025,20:00,NSPIN,5,N
12/11/2025,20:00,RRS,3.04,N
12/11/2025,20:00,REGDN,1.82,N
12/11/2025,20:00,REGUP,3.68,N
12/11/2025,21:00,ECRS,2.61,N
12/11/2025,21:00,NSPIN,4.08,N
12/11/2025,21:00,RRS,2.52,N
12/11/2025,21:00,REGUP,3.02,N
12/11/2025,21:00,REGDN,1.91,N
12/11/2025,22:00,NSPIN,3.71,N
12/11/2025,22:00,ECRS,1.8,N
12/11/2025,22:00,RRS,1.71,N
12/11/2025,22:00,REGDN,1.34,N
12/11/2025,22:00,REGUP,2.87,N
12/11/2025,23:00,ECRS,2.53,N
12/11/2025,23:00,NSPIN,4.53,N
12/11/2025,23:00,RRS,2.53,N
12/11/2025,23:00,REGUP,3.2,N
12/11/2025,23:00,REGDN,0.15,N
12/11/2025,24:00,ECRS,2.52,N
12/11/2025,24:00,NSPIN,4.52,N
12/11/2025,24:00,RRS,2.52,N
12/11/2025,24:00,REGUP,3.05,N
12/11/2025,24:00,REGDN,1.69,N
12/12/2025,01:00,ECRS,1.18,N
12/12/2025,01:00,REGDN,0.81,N
12/12/2025,01:00,REGUP,1.72,N
12/12/2025,01:00,NSPIN,3,N
12/12/2025,01:00,RRS,1.09,N
12/12/2025,02:00,ECRS,0.59,N
12/12/2025,02:00,NSPIN,3.3,N
12/12/2025,02:00,RRS,0.5,N
12/12/2025,02:00,REGUP,1.44,N
12/12/2025,02:00,REGDN,0.84,N
12/12/2025,03:00,NSPIN,3,N
12/12/2025,03:00,ECRS,0.56,N
12/12/2025,03:00,RRS,0.47,N
12/12/2025,03:00,REGDN,1.11,N
12/12/2025,03:00,REGUP,1.19,N
12/12/2025,04:00,ECRS,0.51,N
12/12/2025,04:00,NSPIN,3.11,N
12/12/2025,04:00,RRS,0.42,N
12/12/2025,04:00,REGUP,1.2,N
12/12/2025,04:00,REGDN,1.2,N
12/12/2025,05:00,ECRS,0.49,N
12/12/2025,05:00,RRS,0.49,N
12/12/2025,05:00,NSPIN,3.8,N
12/12/2025,05:00,REGUP,1.39,N
12/12/2025,05:00,REGDN,0.78,N
12/12/2025,06:00,ECRS,0.53,N
12/12/2025,06:00,REGDN,1,N
12/12/2025,06:00,REGUP,0.49,N
12/12/2025,06:00,RRS,0.53,N
12/12/2025,06:00,NSPIN,4.04,N
12/12/2025,07:00,ECRS,1,N
12/12/2025,07:00,REGDN,0.01,N
12/12/2025,07:00,REGUP,0.96,N
12/12/2025,07:00,RRS,1,N
12/12/2025,07:00,NSPIN,5.5,N
12/12/2025,08:00,ECRS,3.5,N
12/12/2025,08:00,NSPIN,5.21,N
12/12/2025,08:00,RRS,3.5,N
12/12/2025,08:00,REGUP,3.5,N
12/12/2025,08:00,REGDN,0.01,N
12/12/2025,09:00,ECRS,3.95,N
12/12/2025,09:00,REGDN,3.45,N
12/12/2025,09:00,REGUP,3.95,N
12/12/2025,09:00,RRS,3.76,N
12/12/2025,09:00,NSPIN,5,N
12/12/2025,10:00,ECRS,0.99,N
12/12/2025,10:00,NSPIN,2.5,N
12/12/2025,10:00,RRS,0.8,N
12/12/2025,10:00,REGDN,1.25,N
12/12/2025,10:00,REGUP,1.3,N
12/12/2025,11:00,NSPIN,1.9,N
12/12/2025,11:00,ECRS,0.59,N
12/12/2025,11:00,RRS,0.5,N
12/12/2025,11:00,REGDN,2.76,N
12/12/2025,11:00,REGUP,1.27,N
12/12/2025,12:00,ECRS,0.44,N
12/12/2025,12:00,RRS,0.39,N
12/12/2025,12:00,NSPIN,2.2,N
12/12/2025,12:00,REGUP,0.99,N
12/12/2025,12:00,REGDN,1.78,N
12/12/2025,13:00,ECRS,0.44,N
12/12/2025,13:00,NSPIN,2.2,N
12/12/2025,13:00,RRS,0.41,N
12/12/2025,13:00,REGUP,0.89,N
12/12/2025,13:00,REGDN,3.3,N
12/12/2025,14:00,ECRS,0.5,N
12/12/2025,14:00,NSPIN,1.6,N
12/12/2025,14:00,RRS,0.5,N
12/12/2025,14:00,REGUP,0.99,N
12/12/2025,14:00,REGDN,1.36,N
12/12/2025,15:00,ECRS,0.59,N
12/12/2025,15:00,NSPIN,1.5,N
12/12/2025,15:00,RRS,0.5,N
12/12/2025,15:00,REGUP,1.19,N
12/12/2025,15:00,REGDN,5,N
12/12/2025,16:00,NSPIN,1.73,N
12/12/2025,16:00,ECRS,0.63,N
12/12/2025,16:00,RRS,0.54,N
12/12/2025,16:00,REGDN,20,N
12/12/2025,16:00,REGUP,1.22,N
12/12/2025,17:00,ECRS,0.71,N
12/12/2025,17:00,NSPIN,2.8,N
12/12/2025,17:00,RRS,0.71,N
12/12/2025,17:00,REGUP,2.74,N
12/12/2025,17:00,REGDN,3.47,N
12/12/2025,18:00,ECRS,0.82,N
12/12/2025,18:00,RRS,0.82,N
12/12/2025,18:00,NSPIN,5,N
12/12/2025,18:00,REGUP,0.74,N
12/12/2025,18:00,REGDN,0.1,N
12/12/2025,19:00,NSPIN,7.2,N
12/12/2025,19:00,ECRS,3,N
12/12/2025,19:00,RRS,3,N
12/12/2025,19:00,REGDN,0.03,N
12/12/2025,19:00,REGUP,4.48,N
12/12/2025,20:00,ECRS,3.3,N
12/12/2025,20:00,NSPIN,7.6,N
12/12/2025,20:00,RRS,3.3,N
12/12/2025,20:00,REGDN,1.4,N
12/12/2025,20:00,REGUP,5,N
12/12/2025,21:00,ECRS,2.82,N
12/12/2025,21:00,NSPIN,5.86,N
12/12/2025,21:00,RRS,2.77,N
12/12/2025,21:00,REGUP,2.77,N
12/12/2025,21:00,REGDN,3.14,N
12/12/2025,22:00,NSPIN,6,N
12/12/2025,22:00,ECRS,2.49,N
12/12/2025,22:00,RRS,2.4,N
12/12/2025,22:00,REGDN,1.32,N
12/12/2025,22:00,REGUP,4.32,N
12/12/2025,23:00,ECRS,3,N
12/12/2025,23:00,NSPIN,6.74,N
12/12/2025,23:00,RRS,3,N
12/12/2025,23:00,REGUP,3.72,N
12/12/2025,23:00,REGDN,2.67,N
12/12/2025,24:00,ECRS,3,N
12/12/2025,24:00,NSPIN,5,N
12/12/2025,24:00,RRS,2.92,N
12/12/2025,24:00,REGUP,3.59,N
12/12/2025,24:00,REGDN,2.45,N
12/13/2025,01:00,ECRS,0.83,N
12/13/2025,01:00,REGUP,1.98,N
12/13/2025,01:00,REGDN,1.25,N
12/13/2025,01:00,RRS,0.74,N
12/13/2025,01:00,NSPIN,5,N
12/13/2025,02:00,ECRS,0.53,N
12/13/2025,02:00,REGDN,1.56,N
12/13/2025,02:00,REGUP,2.15,N
12/13/2025,02:00,RRS,0.44,N
12/13/2025,02:00,NSPIN,5,N
12/13/2025,03:00,ECRS,0.58,N
12/13/2025,03:00,NSPIN,4.4,N
12/13/2025,03:00,RRS,0.49,N
12/13/2025,03:00,REGUP,2,N
12/13/2025,03:00,REGDN,2.07,N
12/13/2025,04:00,ECRS,0.44,N
12/13/2025,04:00,NSPIN,4.97,N
12/13/2025,04:00,RRS,0.44,N
12/13/2025,04:00,REGUP,1.62,N
12/13/2025,04:00,REGDN,2.04,N
12/13/2025,05:00,NSPIN,4.99,N
12/13/2025,05:00,ECRS,0.39,N
12/13/2025,05:00,RRS,0.49,N
12/13/2025,05:00,REGDN,1.12,N
12/13/2025,05:00,REGUP,1.86,N
12/13/2025,06:00,ECRS,0.58,N
12/13/2025,06:00,REGDN,1.52,N
12/13/2025,06:00,REGUP,0.48,N
12/13/2025,06:00,RRS,0.58,N
12/13/2025,06:00,NSPIN,4.4,N
12/13/2025,07:00,ECRS,1.99,N
12/13/2025,07:00,REGDN,0.01,N
12/13/2025,07:00,REGUP,1.97,N
12/13/2025,07:00,RRS,1.99,N
12/13/2025,07:00,NSPIN,6.76,N
12/13/2025,08:00,ECRS,3,N
12/13/2025,08:00,NSPIN,7.65,N
12/13/2025,08:00,RRS,4,N
12/13/2025,08:00,REGUP,7.65,N
12/13/2025,08:00,REGDN,0.01,N
12/13/2025,09:00,ECRS,3,N
12/13/2025,09:00,RRS,3,N
12/13/2025,09:00,NSPIN,5,N
12/13/2025,09:00,REGUP,3.92,N
12/13/2025,09:00,REGDN,4.65,N
12/13/2025,10:00,ECRS,1,N
12/13/2025,10:00,REGUP,2.03,N
12/13/2025,10:00,REGDN,2.37,N
12/13/2025,10:00,RRS,0.91,N
12/13/2025,10:00,NSPIN,3.42,N
12/13/2025,11:00,ECRS,0.84,N
12/13/2025,11:00,REGDN,1.66,N
12/13/2025,11:00,REGUP,1.34,N
12/13/2025,11:00,RRS,0.72,N
12/13/2025,11:00,NSPIN,3,N
12/13/2025,12:00,ECRS,0.55,N
12/13/2025,12:00,NSPIN,3,N
12/13/2025,12:00,RRS,0.5,N
12/13/2025,12:00,REGUP,1.17,N
12/13/2025,12:00,REGDN,1.24,N
12/13/2025,13:00,ECRS,0.58,N
12/13/2025,13:00,NSPIN,3,N
12/13/2025,13:00,RRS,0.49,N
12/13/2025,13:00,REGUP,1.24,N
12/13/2025,13:00,REGDN,1.69,N
12/13/2025,14:00,NSPIN,1.57,N
12/13/2025,14:00,ECRS,0.69,N
12/13/2025,14:00,RRS,0.5,N
12/13/2025,14:00,REGDN,1.65,N
12/13/2025,14:00,REGUP,1.51,N
12/13/2025,15:00,ECRS,0.69,N
12/13/2025,15:00,REGDN,1.66,N
12/13/2025,15:00,REGUP,1.89,N
12/13/2025,15:00,RRS,0.5,N
12/13/2025,15:00,NSPIN,1.36,N
12/13/2025,16:00,ECRS,0.65,N
12/13/2025,16:00,REGDN,2.21,N
12/13/2025,16:00,REGUP,1.85,N
12/13/2025,16:00,RRS,0.5,N
12/13/2025,16:00,NSPIN,1.43,N
12/13/2025,17:00,ECRS,0.86,N
12/13/2025,17:00,NSPIN,1.9,N
12/13/2025,17:00,RRS,0.83,N
12/13/2025,17:00,REGUP,0.81,N
12/13/2025,17:00,REGDN,0.72,N
12/13/2025,18:00,ECRS,1.72,N
12/13/2025,18:00,RRS,1.72,N
12/13/2025,18:00,NSPIN,5.12,N
12/13/2025,18:00,REGUP,3.24,N
12/13/2025,18:00,REGDN,0.02,N
12/13/2025,19:00,REGDN,0.03,N
12/13/2025,19:00,ECRS,1.8,N
12/13/2025,19:00,NSPIN,5.85,N
12/13/2025,19:00,RRS,1.8,N
12/13/2025,19:00,REGUP,1.8,N
12/13/2025,20:00,ECRS,1.98,N
12/13/2025,20:00,NSPIN,5,N
12/13/2025,20:00,RRS,1.98,N
12/13/2025,20:00,REGDN,1.69,N
12/13/2025,20:00,REGUP,1.98,N
12/13/2025,21:00,ECRS,2.09,N
12/13/2025,21:00,NSPIN,4.46,N
12/13/2025,21:00,RRS,2,N
12/13/2025,21:00,REGUP,3,N
12/13/2025,21:00,REGDN,1.88,N
12/13/2025,22:00,NSPIN,3.55,N
12/13/2025,22:00,ECRS,3,N
12/13/2025,22:00,RRS,3,N
12/13/2025,22:00,REGDN,2,N
12/13/2025,22:00,REGUP,3,N
12/13/2025,23:00,ECRS,3,N
12/13/2025,23:00,NSPIN,5,N
12/13/2025,23:00,RRS,3.99,N
12/13/2025,23:00,REGUP,4.48,N
12/13/2025,23:00,REGDN,2.08,N
12/13/2025,24:00,ECRS,3,N
12/13/2025,24:00,RRS,3.99,N
12/13/2025,24:00,NSPIN,4.99,N
12/13/2025,24:00,REGUP,4.09,N
12/13/2025,24:00,REGDN,1.71,N
12/14/2025,01:00,ECRS,1.09,N
12/14/2025,01:00,REGUP,1.27,N
12/14/2025,01:00,REGDN,0.71,N
12/14/2025,01:00,RRS,1,N
12/14/2025,01:00,NSPIN,3,N
12/14/2025,02:00,ECRS,0.44,N
12/14/2025,02:00,REGDN,0.96,N
12/14/2025,02:00,REGUP,0.44,N
12/14/2025,02:00,RRS,0.35,N
12/14/2025,02:00,NSPIN,3,N
12/14/2025,03:00,ECRS,0.69,N
12/14/2025,03:00,NSPIN,3,N
12/14/2025,03:00,RRS,0.5,N
12/14/2025,03:00,REGUP,0.8,N
12/14/2025,03:00,REGDN,1.05,N
12/14/2025,04:00,ECRS,0.59,N
12/14/2025,04:00,NSPIN,3,N
12/14/2025,04:00,RRS,0.5,N
12/14/2025,04:00,REGUP,1.03,N
12/14/2025,04:00,REGDN,1.01,N
12/14/2025,05:00,NSPIN,3,N
12/14/2025,05:00,ECRS,0.59,N
12/14/2025,05:00,RRS,0.5,N
12/14/2025,05:00,REGDN,0.53,N
12/14/2025,05:00,REGUP,1.18,N
12/14/2025,06:00,ECRS,0.81,N
12/14/2025,06:00,REGDN,0.78,N
12/14/2025,06:00,REGUP,1.39,N
12/14/2025,06:00,RRS,0.8,N
12/14/2025,06:00,NSPIN,3,N
12/14/2025,07:00,ECRS,1,N
12/14/2025,07:00,REGDN,0.89,N
12/14/2025,07:00,REGUP,0.98,N
12/14/2025,07:00,RRS,1,N
12/14/2025,07:00,NSPIN,3.75,N
12/14/2025,08:00,ECRS,1.29,N
12/14/2025,08:00,NSPIN,3.79,N
12/14/2025,08:00,RRS,1.29,N
12/14/2025,08:00,REGUP,3.03,N
12/14/2025,08:00,REGDN,0.63,N
12/14/2025,09:00,ECRS,1.4,N
12/14/2025,09:00,RRS,1.4,N
12/14/2025,09:00,NSPIN,3,N
12/14/2025,09:00,REGUP,2.31,N
12/14/2025,09:00,REGDN,2.4,N
12/14/2025,10:00,ECRS,1,N
12/14/2025,10:00,NSPIN,2.6,N
12/14/2025,10:00,RRS,0.91,N
12/14/2025,10:00,REGUP,1.66,N
12/14/2025,10:00,REGDN,1.5,N
12/14/2025,11:00,ECRS,0.73,N
12/14/2025,11:00,REGDN,2.37,N
12/14/2025,11:00,REGUP,1.28,N
12/14/2025,11:00,RRS,0.58,N
12/14/2025,11:00,NSPIN,1.99,N
12/14/2025,12:00,ECRS,0.58,N
12/14/2025,12:00,NSPIN,2.48,N
12/14/2025,12:00,RRS,0.49,N
12/14/2025,12:00,REGUP,1.26,N
12/14/2025,12:00,REGDN,3.5,N
12/14/2025,13:00,ECRS,0.5,N
12/14/2025,13:00,NSPIN,2.25,N
12/14/2025,13:00,RRS,0.49,N
12/14/2025,13:00,REGUP,1.03,N
12/14/2025,13:00,REGDN,3.39,N
12/14/2025,14:00,ECRS,0.7,N
12/14/2025,14:00,REGDN,3.6,N
12/14/2025,14:00,REGUP,1.3,N
12/14/2025,14:00,RRS,0.59,N
12/14/2025,14:00,NSPIN,1.5,N
12/14/2025,15:00,ECRS,0.78,N
12/14/2025,15:00,NSPIN,1.16,N
12/14/2025,15:00,RRS,0.64,N
12/14/2025,15:00,REGDN,4.64,N
12/14/2025,15:00,REGUP,1.6,N
12/14/2025,16:00,ECRS,0.7,N
12/14/2025,16:00,NSPIN,1.5,N
12/14/2025,16:00,RRS,0.61,N
12/14/2025,16:00,REGUP,1.52,N
12/14/2025,16:00,REGDN,4.1,N
12/14/2025,17:00,NSPIN,2.6,N
12/14/2025,17:00,ECRS,0.85,N
12/14/2025,17:00,RRS,0.8,N
12/14/2025,17:00,REGDN,7.23,N
12/14/2025,17:00,REGUP,2.62,N
12/14/2025,18:00,ECRS,1,N
12/14/2025,18:00,NSPIN,7.52,N
12/14/2025,18:00,RRS,0.99,N
12/14/2025,18:00,REGUP,0.99,N
12/14/2025,18:00,REGDN,0.95,N
12/14/2025,19:00,ECRS,0.86,N
12/14/2025,19:00,RRS,0.86,N
12/14/2025,19:00,NSPIN,9,N
12/14/2025,19:00,REGUP,0.82,N
12/14/2025,19:00,REGDN,0.14,N
12/14/2025,20:00,ECRS,1,N
12/14/2025,20:00,REGDN,0.02,N
12/14/2025,20:00,REGUP,0.98,N
12/14/2025,20:00,RRS,1,N
12/14/2025,20:00,NSPIN,9.4,N
12/14/2025,21:00,ECRS,5.59,N
12/14/2025,21:00,REGDN,0.02,N
12/14/2025,21:00,REGUP,4.83,N
12/14/2025,21:00,RRS,4,N
12/14/2025,21:00,NSPIN,7.72,N
12/14/2025,22:00,ECRS,4.94,N
12/14/2025,22:00,NSPIN,7.99,N
12/14/2025,22:00,RRS,4.85,N
12/14/2025,22:00,REGUP,4.77,N
12/14/2025,22:00,REGDN,2.39,N
12/14/2025,23:00,ECRS,6.53,N
12/14/2025,23:00,NSPIN,8.96,N
12/14/2025,23:00,RRS,6.44,N
12/14/2025,23:00,REGUP,6.57,N
12/14/2025,23:00,REGDN,3.32,N
12/14/2025,24:00,REGDN,3.4,N
12/14/2025,24:00,ECRS,5.18,N
12/14/2025,24:00,NSPIN,6.48,N
12/14/2025,24:00,RRS,5.09,N
12/14/2025,24:00,REGUP,5.11,N
12/15/2025,01:00,ECRS,2.39,N
12/15/2025,01:00,REGDN,2.05,N
12/15/2025,01:00,REGUP,3.67,N
12/15/2025,01:00,NSPIN,5.01,N
12/15/2025,01:00,RRS,2.2,N
12/15/2025,02:00,ECRS,0.7,N
12/15/2025,02:00,NSPIN,5.5,N
12/15/2025,02:00,RRS,0.61,N
12/15/2025,02:00,REGUP,5.1,N
12/15/2025,02:00,REGDN,3.08,N
12/15/2025,03:00,NSPIN,3.75,N
12/15/2025,03:00,ECRS,0.98,N
12/15/2025,03:00,RRS,0.89,N
12/15/2025,03:00,REGDN,1.92,N
12/15/2025,03:00,REGUP,3.44,N
12/15/2025,04:00,ECRS,0.84,N
12/15/2025,04:00,NSPIN,4.06,N
12/15/2025,04:00,RRS,0.81,N
12/15/2025,04:00,REGUP,3.72,N
12/15/2025,04:00,REGDN,3.1,N
12/15/2025,05:00,ECRS,0.89,N
12/15/2025,05:00,RRS,0.89,N
12/15/2025,05:00,NSPIN,5,N
12/15/2025,05:00,REGUP,0.87,N
12/15/2025,05:00,REGDN,2.11,N
12/15/2025,06:00,ECRS,0.88,N
12/15/2025,06:00,REGDN,0.11,N
12/15/2025,06:00,REGUP,0.79,N
12/15/2025,06:00,RRS,0.88,N
12/15/2025,06:00,NSPIN,5.77,N
12/15/2025,07:00,ECRS,1.75,N
12/15/2025,07:00,REGDN,0.01,N
12/15/2025,07:00,REGUP,1.66,N
12/15/2025,07:00,RRS,1.75,N
12/15/2025,07:00,NSPIN,11.03,N
12/15/2025,08:00,ECRS,9.1,N
12/15/2025,08:00,NSPIN,16.31,N
12/15/2025,08:00,RRS,9,N
12/15/2025,08:00,REGUP,11,N
12/15/2025,08:00,REGDN,0.01,N
12/15/2025,09:00,ECRS,9.2,N
12/15/2025,09:00,REGDN,4.94,N
12/15/2025,09:00,REGUP,9.4,N
12/15/2025,09:00,RRS,9,N
12/15/2025,09:00,NSPIN,9.2,N
12/15/2025,10:00,ECRS,3,N
12/15/2025,10:00,NSPIN,3,N
12/15/2025,10:00,RRS,2.9,N
12/15/2025,10:00,REGDN,2.08,N
12/15/2025,10:00,REGUP,3.36,N
12/15/2025,11:00,NSPIN,2.8,N
12/15/2025,11:00,ECRS,2.9,N
12/15/2025,11:00,RRS,2.7,N
12/15/2025,11:00,REGDN,1.56,N
12/15/2025,11:00,REGUP,3,N
12/15/2025,12:00,ECRS,1.59,N
12/15/2025,12:00,RRS,1.5,N
12/15/2025,12:00,NSPIN,2.9,N
12/15/2025,12:00,REGUP,1.78,N
12/15/2025,12:00,REGDN,1.2,N
12/15/2025,13:00,ECRS,0.78,N
12/15/2025,13:00,NSPIN,2.5,N
12/15/2025,13:00,RRS,0.76,N
12/15/2025,13:00,REGUP,1.62,N
12/15/2025,13:00,REGDN,0.88,N
12/15/2025,14:00,ECRS,0.69,N
12/15/2025,14:00,NSPIN,1.5,N
12/15/2025,14:00,RRS,0.5,N
12/15/2025,14:00,REGUP,1.32,N
12/15/2025,14:00,REGDN,1.62,N
12/15/2025,15:00,ECRS,0.64,N
12/15/2025,15:00,NSPIN,1,N
12/15/2025,15:00,RRS,0.5,N
12/15/2025,15:00,REGUP,1.19,N
12/15/2025,15:00,REGDN,2.22,N
12/15/2025,16:00,NSPIN,1.11,N
12/15/2025,16:00,ECRS,0.7,N
12/15/2025,16:00,RRS,0.5,N
12/15/2025,16:00,REGDN,2.79,N
12/15/2025,16:00,REGUP,0.92,N
12/15/2025,17:00,ECRS,0.95,N
12/15/2025,17:00,NSPIN,1.62,N
12/15/2025,17:00,RRS,0.8,N
12/15/2025,17:00,REGUP,1.72,N
12/15/2025,17:00,REGDN,0.56,N
12/15/2025,18:00,ECRS,1.97,N
12/15/2025,18:00,RRS,1.97,N
12/15/2025,18:00,NSPIN,3.4,N
12/15/2025,18:00,REGUP,3,N
12/15/2025,18:00,REGDN,0.01,N
12/15/2025,19:00,NSPIN,5.26,N
12/15/2025,19:00,ECRS,2.5,N
12/15/2025,19:00,RRS,2.5,N
12/15/2025,19:00,REGDN,0.02,N
12/15/2025,19:00,REGUP,3.27,N
12/15/2025,20:00,ECRS,1.2,N
12/15/2025,20:00,NSPIN,4.5,N
12/15/2025,20:00,RRS,1.2,N
12/15/2025,20:00,REGDN,1.33,N
12/15/2025,20:00,REGUP,2.6,N
12/15/2025,21:00,ECRS,3.35,N
12/15/2025,21:00,NSPIN,3.46,N
12/15/2025,21:00,RRS,3.36,N
12/15/2025,21:00,REGUP,3.83,N
12/15/2025,21:00,REGDN,1.53,N
12/15/2025,22:00,NSPIN,3.4,N
12/15/2025,22:00,ECRS,3,N
12/15/2025,22:00,RRS,2.91,N
12/15/2025,22:00,REGDN,1.35,N
12/15/2025,22:00,REGUP,3.06,N
12/15/2025,23:00,ECRS,3,N
12/15/2025,23:00,NSPIN,4.79,N
12/15/2025,23:00,RRS,3.99,N
12/15/2025,23:00,REGUP,4.13,N
12/15/2025,23:00,REGDN,1.73,N
12/15/2025,24:00,ECRS,3,N
12/15/2025,24:00,NSPIN,4.59,N
12/15/2025,24:00,RRS,3.99,N
12/15/2025,24:00,REGUP,4.17,N
12/15/2025,24:00,REGDN,1.2,N
12/16/2025,01:00,ECRS,1.64,N
12/16/2025,01:00,REGUP,2.33,N
12/16/2025,01:00,REGDN,0.79,N
12/16/2025,01:00,RRS,1.55,N
12/16/2025,01:00,NSPIN,3,N
12/16/2025,02:00,ECRS,0.59,N
12/16/2025,02:00,REGDN,1.17,N
12/16/2025,02:00,REGUP,1.73,N
12/16/2025,02:00,RRS,0.5,N
12/16/2025,02:00,NSPIN,3,N
12/16/2025,03:00,ECRS,0.79,N
12/16/2025,03:00,NSPIN,3,N
12/16/2025,03:00,RRS,0.7,N
12/16/2025,03:00,REGUP,1.6,N
12/16/2025,03:00,REGDN,1.05,N
12/16/2025,04:00,ECRS,0.5,N
12/16/2025,04:00,NSPIN,3,N
12/16/2025,04:00,RRS,0.5,N
12/16/2025,04:00,REGUP,1.36,N
12/16/2025,04:00,REGDN,1.21,N
12/16/2025,05:00,NSPIN,3.16,N
12/16/2025,05:00,ECRS,0.51,N
12/16/2025,05:00,RRS,0.5,N
12/16/2025,05:00,REGDN,1.67,N
12/16/2025,05:00,REGUP,1.43,N
12/16/2025,06:00,ECRS,0.7,N
12/16/2025,06:00,REGDN,1.52,N
12/16/2025,06:00,REGUP,0.63,N
12/16/2025,06:00,RRS,0.7,N
12/16/2025,06:00,NSPIN,3.44,N
12/16/2025,07:00,ECRS,1.4,N
12/16/2025,07:00,REGDN,0.01,N
12/16/2025,07:00,REGUP,2.67,N
12/16/2025,07:00,RRS,1.4,N
12/16/2025,07:00,NSPIN,5.4,N
12/16/2025,08:00,ECRS,1.99,N
12/16/2025,08:00,NSPIN,5.99,N
12/16/2025,08:00,RRS,1.99,N
12/16/2025,08:00,REGUP,1.99,N
12/16/2025,08:00,REGDN,0.02,N
12/16/2025,09:00,ECRS,2,N
12/16/2025,09:00,RRS,2,N
12/16/2025,09:00,NSPIN,3.38,N
12/16/2025,09:00,REGUP,2,N
12/16/2025,09:00,REGDN,3,N
12/16/2025,10:00,ECRS,1.69,N
12/16/2025,10:00,REGDN,1.8,N
12/16/2025,10:00,REGUP,2.56,N
12/16/2025,10:00,RRS,1.6,N
12/16/2025,10:00,NSPIN,3,N
12/16/2025,11:00,ECRS,0.98,N
12/16/2025,11:00,REGDN,1.47,N
12/16/2025,11:00,REGUP,1.2,N
12/16/2025,11:00,RRS,0.89,N
12/16/2025,11:00,NSPIN,3,N
12/16/2025,12:00,ECRS,0.6,N
12/16/2025,12:00,NSPIN,3,N
12/16/2025,12:00,RRS,0.6,N
12/16/2025,12:00,REGUP,1.11,N
12/16/2025,12:00,REGDN,1.75,N
12/16/2025,13:00,ECRS,0.5,N
12/16/2025,13:00,NSPIN,2.7,N
12/16/2025,13:00,RRS,0.5,N
12/16/2025,13:00,REGUP,1,N
12/16/2025,13:00,REGDN,1.46,N
12/16/2025,14:00,RRS,0.5,N
12/16/2025,14:00,REGUP,1.29,N
12/16/2025,14:00,REGDN,2.28,N
12/16/2025,14:00,ECRS,0.59,N
12/16/2025,14:00,NSPIN,1.8,N
12/16/2025,15:00,ECRS,0.64,N
12/16/2025,15:00,NSPIN,1.5,N
12/16/2025,15:00,RRS,0.52,N
12/16/2025,15:00,REGUP,1.45,N
12/16/2025,15:00,REGDN,1.9,N
12/16/2025,16:00,ECRS,0.88,N
12/16/2025,16:00,REGDN,2.13,N
12/16/2025,16:00,REGUP,0.87,N
12/16/2025,16:00,RRS,0.73,N
12/16/2025,16:00,NSPIN,1.5,N
12/16/2025,17:00,ECRS,1,N
12/16/2025,17:00,NSPIN,2.7,N
12/16/2025,17:00,RRS,1,N
12/16/2025,17:00,REGUP,0.98,N
12/16/2025,17:00,REGDN,0.04,N
12/16/2025,18:00,ECRS,2.07,N
12/16/2025,18:00,NSPIN,5,N
12/16/2025,18:00,RRS,2.07,N
12/16/2025,18:00,REGUP,3.79,N
12/16/2025,18:00,REGDN,0.01,N
12/16/2025,19:00,ECRS,1.91,N
12/16/2025,19:00,REGDN,2.1,N
12/16/2025,19:00,REGUP,1.79,N
12/16/2025,19:00,RRS,1.91,N
12/16/2025,19:00,NSPIN,5.77,N
12/16/2025,20:00,ECRS,2,N
12/16/2025,20:00,NSPIN,5,N
12/16/2025,20:00,RRS,2,N
12/16/2025,20:00,REGDN,0.6,N
12/16/2025,20:00,REGUP,3.01,N
12/16/2025,21:00,ECRS,3,N
12/16/2025,21:00,NSPIN,3.34,N
12/16/2025,21:00,RRS,3.14,N
12/16/2025,21:00,REGUP,3.14,N
12/16/2025,21:00,REGDN,1.79,N
12/16/2025,22:00,NSPIN,3.41,N
12/16/2025,22:00,ECRS,3,N
12/16/2025,22:00,RRS,3.21,N
12/16/2025,22:00,REGDN,1.2,N
12/16/2025,22:00,REGUP,4.11,N
12/16/2025,23:00,ECRS,3,N
12/16/2025,23:00,NSPIN,4.14,N
12/16/2025,23:00,RRS,3.94,N
12/16/2025,23:00,REGUP,4.19,N
12/16/2025,23:00,REGDN,1.51,N
12/16/2025,24:00,ECRS,3,N
12/16/2025,24:00,RRS,3.71,N
12/16/2025,24:00,NSPIN,3.91,N
12/16/2025,24:00,REGUP,4.42,N
12/16/2025,24:00,REGDN,1.1,N
12/17/2025,01:00,ECRS,1.02,N
12/17/2025,01:00,REGDN,0.65,N
12/17/2025,01:00,REGUP,1.01,N
12/17/2025,01:00,NSPIN,3,N
12/17/2025,01:00,RRS,0.93,N
12/17/2025,02:00,ECRS,0.53,N
12/17/2025,02:00,NSPIN,3.53,N
12/17/2025,02:00,RRS,0.44,N
12/17/2025,02:00,REGUP,1,N
12/17/2025,02:00,REGDN,0.64,N
12/17/2025,03:00,NSPIN,3,N
12/17/2025,03:00,ECRS,0.64,N
12/17/2025,03:00,RRS,0.54,N
12/17/2025,03:00,REGDN,1.2,N
12/17/2025,03:00,REGUP,1.58,N
12/17/2025,04:00,ECRS,0.53,N
12/17/2025,04:00,NSPIN,3,N
12/17/2025,04:00,RRS,0.5,N
12/17/2025,04:00,REGUP,1.1,N
12/17/2025,04:00,REGDN,1.25,N
12/17/2025,05:00,ECRS,0.55,N
12/17/2025,05:00,RRS,0.54,N
12/17/2025,05:00,NSPIN,3,N
12/17/2025,05:00,REGUP,0.98,N
12/17/2025,05:00,REGDN,1.53,N
12/17/2025,06:00,ECRS,0.77,N
12/17/2025,06:00,REGDN,2.42,N
12/17/2025,06:00,REGUP,0.76,N
12/17/2025,06:00,RRS,0.77,N
12/17/2025,06:00,NSPIN,3.11,N
12/17/2025,07:00,ECRS,1,N
12/17/2025,07:00,REGDN,1.11,N
12/17/2025,07:00,REGUP,1.49,N
12/17/2025,07:00,RRS,1,N
12/17/2025,07:00,NSPIN,5.97,N
12/17/2025,08:00,ECRS,1,N
12/17/2025,08:00,NSPIN,5.51,N
12/17/2025,08:00,RRS,1,N
12/17/2025,08:00,REGUP,0.89,N
12/17/2025,08:00,REGDN,1.5,N
12/17/2025,09:00,ECRS,4.01,N
12/17/2025,09:00,REGDN,0.02,N
12/17/2025,09:00,REGUP,4.69,N
12/17/2025,09:00,RRS,4.01,N
12/17/2025,09:00,NSPIN,5.01,N
12/17/2025,10:00,ECRS,2.86,N
12/17/2025,10:00,NSPIN,3.36,N
12/17/2025,10:00,RRS,2.86,N
12/17/2025,10:00,REGDN,1.3,N
12/17/2025,10:00,REGUP,2.86,N
12/17/2025,11:00,NSPIN,3,N
12/17/2025,11:00,ECRS,1.61,N
12/17/2025,11:00,RRS,1.61,N
12/17/2025,11:00,REGDN,1.62,N
12/17/2025,11:00,REGUP,1.61,N
12/17/2025,12:00,ECRS,0.93,N
12/17/2025,12:00,RRS,0.93,N
12/17/2025,12:00,NSPIN,3,N
12/17/2025,12:00,REGUP,1.36,N
12/17/2025,12:00,REGDN,1.55,N
12/17/2025,13:00,ECRS,0.89,N
12/17/2025,13:00,NSPIN,3,N
12/17/2025,13:00,RRS,0.89,N
12/17/2025,13:00,REGUP,1.18,N
12/17/2025,13:00,REGDN,1.24,N
12/17/2025,14:00,ECRS,0.94,N
12/17/2025,14:00,NSPIN,2.24,N
12/17/2025,14:00,RRS,0.94,N
12/17/2025,14:00,REGUP,1.5,N
12/17/2025,14:00,REGDN,1.18,N
12/17/2025,15:00,ECRS,1,N
12/17/2025,15:00,NSPIN,1.99,N
12/17/2025,15:00,RRS,0.91,N
12/17/2025,15:00,REGUP,1.63,N
12/17/2025,15:00,REGDN,1.2,N
12/17/2025,16:00,NSPIN,2.2,N
12/17/2025,16:00,ECRS,0.98,N
12/17/2025,16:00,RRS,0.89,N
12/17/2025,16:00,REGDN,1.35,N
12/17/2025,16:00,REGUP,1.26,N
12/17/2025,17:00,ECRS,1.6,N
12/17/2025,17:00,NSPIN,3,N
12/17/2025,17:00,RRS,1.57,N
12/17/2025,17:00,REGUP,1.57,N
12/17/2025,17:00,REGDN,0.31,N
12/17/2025,18:00,ECRS,4.5,N
12/17/2025,18:00,RRS,4.5,N
12/17/2025,18:00,NSPIN,7.3,N
12/17/2025,18:00,REGUP,5.58,N
12/17/2025,18:00,REGDN,0.01,N
12/17/2025,19:00,NSPIN,8.27,N
12/17/2025,19:00,ECRS,3,N
12/17/2025,19:00,RRS,3.67,N
12/17/2025,19:00,REGDN,1.2,N
12/17/2025,19:00,REGUP,4.54,N
12/17/2025,20:00,ECRS,2.5,N
12/17/2025,20:00,NSPIN,6.63,N
12/17/2025,20:00,RRS,2.5,N
12/17/2025,20:00,REGDN,1.14,N
12/17/2025,20:00,REGUP,3.27,N
12/17/2025,21:00,ECRS,2.09,N
12/17/2025,21:00,NSPIN,4.38,N
12/17/2025,21:00,RRS,2,N
12/17/2025,21:00,REGUP,2.59,N
12/17/2025,21:00,REGDN,1.56,N
12/17/2025,22:00,NSPIN,3.95,N
12/17/2025,22:00,ECRS,2.75,N
12/17/2025,22:00,RRS,2.66,N
12/17/2025,22:00,REGDN,0.92,N
12/17/2025,22:00,REGUP,3.4,N
12/17/2025,23:00,ECRS,3,N
12/17/2025,23:00,NSPIN,4.82,N
12/17/2025,23:00,RRS,3,N
12/17/2025,23:00,REGUP,3.33,N
12/17/2025,23:00,REGDN,1.11,N
12/17/2025,24:00,ECRS,3,N
12/17/2025,24:00,NSPIN,5,N
12/17/2025,24:00,RRS,3,N
12/17/2025,24:00,REGUP,3.45,N
12/17/2025,24:00,REGDN,1,N
12/18/2025,01:00,ECRS,0.86,N
12/18/2025,01:00,REGDN,0.48,N
12/18/2025,01:00,REGUP,1.02,N
12/18/2025,01:00,NSPIN,3,N
12/18/2025,01:00,RRS,0.77,N
12/18/2025,02:00,ECRS,0.59,N
12/18/2025,02:00,NSPIN,3,N
12/18/2025,02:00,RRS,0.5,N
12/18/2025,02:00,REGUP,1.05,N
12/18/2025,02:00,REGDN,0.53,N
12/18/2025,03:00,NSPIN,2.59,N
12/18/2025,03:00,ECRS,0.7,N
12/18/2025,03:00,RRS,0.61,N
12/18/2025,03:00,REGDN,0.79,N
12/18/2025,03:00,REGUP,1.01,N
12/18/2025,04:00,ECRS,0.6,N
12/18/2025,04:00,NSPIN,2.7,N
12/18/2025,04:00,RRS,0.6,N
12/18/2025,04:00,REGUP,0.92,N
12/18/2025,04:00,REGDN,0.84,N
12/18/2025,05:00,ECRS,0.65,N
12/18/2025,05:00,RRS,0.65,N
12/18/2025,05:00,NSPIN,2.74,N
12/18/2025,05:00,REGUP,1.08,N
12/18/2025,05:00,REGDN,0.44,N
12/18/2025,06:00,ECRS,0.89,N
12/18/2025,06:00,REGDN,0.58,N
12/18/2025,06:00,REGUP,0.86,N
12/18/2025,06:00,RRS,0.89,N
12/18/2025,06:00,NSPIN,3,N
12/18/2025,07:00,ECRS,1,N
12/18/2025,07:00,REGDN,0.02,N
12/18/2025,07:00,REGUP,0.97,N
12/18/2025,07:00,RRS,1,N
12/18/2025,07:00,NSPIN,3.5,N
12/18/2025,08:00,ECRS,2.5,N
12/18/2025,08:00,NSPIN,3.5,N
12/18/2025,08:00,RRS,2.5,N
12/18/2025,08:00,REGUP,3.66,N
12/18/2025,08:00,REGDN,0.01,N
12/18/2025,09:00,ECRS,2.09,N
12/18/2025,09:00,REGDN,1.2,N
12/18/2025,09:00,REGUP,2,N
12/18/2025,09:00,RRS,2,N
12/18/2025,09:00,NSPIN,3,N
12/18/2025,10:00,ECRS,1.35,N
12/18/2025,10:00,NSPIN,2.25,N
12/18/2025,10:00,RRS,1.25,N
12/18/2025,10:00,REGDN,0.65,N
12/18/2025,10:00,REGUP,1.41,N
12/18/2025,11:00,NSPIN,1.7,N
12/18/2025,11:00,ECRS,0.8,N
12/18/2025,11:00,RRS,0.64,N
12/18/2025,11:00,REGDN,1.75,N
12/18/2025,11:00,REGUP,0.81,N
12/18/2025,12:00,ECRS,0.5,N
12/18/2025,12:00,RRS,0.49,N
12/18/2025,12:00,NSPIN,1.73,N
12/18/2025,12:00,REGUP,0.53,N
12/18/2025,12:00,REGDN,1,N
12/18/2025,13:00,ECRS,0.5,N
12/18/2025,13:00,NSPIN,1.5,N
12/18/2025,13:00,RRS,0.45,N
12/18/2025,13:00,REGUP,0.52,N
12/18/2025,13:00,REGDN,1.68,N
12/18/2025,14:00,ECRS,0.56,N
12/18/2025,14:00,NSPIN,1.42,N
12/18/2025,14:00,RRS,0.56,N
12/18/2025,14:00,REGUP,0.69,N
12/18/2025,14:00,REGDN,0.38,N
12/18/2025,15:00,ECRS,0.65,N
12/18/2025,15:00,NSPIN,1.06,N
12/18/2025,15:00,RRS,0.55,N
12/18/2025,15:00,REGUP,0.8,N
12/18/2025,15:00,REGDN,3.78,N
12/18/2025,16:00,NSPIN,1.26,N
12/18/2025,16:00,ECRS,0.72,N
12/18/2025,16:00,RRS,0.53,N
12/18/2025,16:00,REGDN,14.29,N
12/18/2025,16:00,REGUP,0.85,N
12/18/2025,17:00,ECRS,0.89,N
12/18/2025,17:00,NSPIN,1.5,N
12/18/2025,17:00,RRS,0.79,N
12/18/2025,17:00,REGUP,1.82,N
12/18/2025,17:00,REGDN,20,N
12/18/2025,18:00,ECRS,0.88,N
12/18/2025,18:00,RRS,0.88,N
12/18/2025,18:00,NSPIN,3.74,N
12/18/2025,18:00,REGUP,0.84,N
12/18/2025,18:00,REGDN,7,N
12/18/2025,19:00,NSPIN,5.6,N
12/18/2025,19:00,ECRS,0.89,N
12/18/2025,19:00,RRS,0.89,N
12/18/2025,19:00,REGDN,0.02,N
12/18/2025,19:00,REGUP,0.81,N
12/18/2025,20:00,ECRS,2,N
12/18/2025,20:00,NSPIN,5.94,N
12/18/2025,20:00,RRS,2,N
12/18/2025,20:00,REGDN,0.01,N
12/18/2025,20:00,REGUP,1.9,N
12/18/2025,21:00,ECRS,3,N
12/18/2025,21:00,NSPIN,5.28,N
12/18/2025,21:00,RRS,2.91,N
12/18/2025,21:00,REGUP,2.91,N
12/18/2025,21:00,REGDN,0.03,N
12/18/2025,22:00,NSPIN,5.13,N
12/18/2025,22:00,ECRS,3,N
12/18/2025,22:00,RRS,2.95,N
12/18/2025,22:00,REGDN,1.65,N
12/18/2025,22:00,REGUP,2.95,N
12/18/2025,23:00,ECRS,3,N
12/18/2025,23:00,NSPIN,5,N
12/18/2025,23:00,RRS,3,N
12/18/2025,23:00,REGUP,3.77,N
12/18/2025,23:00,REGDN,1.72,N
12/18/2025,24:00,ECRS,3.14,N
12/18/2025,24:00,NSPIN,5,N
12/18/2025,24:00,RRS,3.14,N
12/18/2025,24:00,REGUP,3.71,N
12/18/2025,24:00,REGDN,1.33,N
12/19/2025,01:00,ECRS,1.22,N
12/19/2025,01:00,REGUP,1.12,N
12/19/2025,01:00,REGDN,1,N
12/19/2025,01:00,RRS,1.13,N
12/19/2025,01:00,NSPIN,3.18,N
12/19/2025,02:00,ECRS,1.09,N
12/19/2025,02:00,REGDN,0.9,N
12/19/2025,02:00,REGUP,1.9,N
12/19/2025,02:00,RRS,1,N
12/19/2025,02:00,NSPIN,3.31,N
12/19/2025,03:00,ECRS,1.31,N
12/19/2025,03:00,NSPIN,3.17,N
12/19/2025,03:00,RRS,1.22,N
12/19/2025,03:00,REGUP,1.94,N
12/19/2025,03:00,REGDN,0.76,N
12/19/2025,04:00,ECRS,0.88,N
12/19/2025,04:00,NSPIN,3.18,N
12/19/2025,04:00,RRS,0.79,N
12/19/2025,04:00,REGUP,1.51,N
12/19/2025,04:00,REGDN,0.79,N
12/19/2025,05:00,NSPIN,3.21,N
12/19/2025,05:00,ECRS,0.88,N
12/19/2025,05:00,RRS,0.87,N
12/19/2025,05:00,REGDN,0.81,N
12/19/2025,05:00,REGUP,1.59,N
12/19/2025,06:00,ECRS,1.15,N
12/19/2025,06:00,REGDN,0.76,N
12/19/2025,06:00,REGUP,1.06,N
12/19/2025,06:00,RRS,1.15,N
12/19/2025,06:00,NSPIN,4.22,N
12/19/2025,07:00,ECRS,3,N
12/19/2025,07:00,REGDN,0.01,N
12/19/2025,07:00,REGUP,5.29,N
12/19/2025,07:00,RRS,3,N
12/19/2025,07:00,NSPIN,4.7,N
12/19/2025,08:00,ECRS,3.75,N
12/19/2025,08:00,NSPIN,4.75,N
12/19/2025,08:00,RRS,3.75,N
12/19/2025,08:00,REGUP,4.54,N
12/19/2025,08:00,REGDN,0.6,N
12/19/2025,09:00,ECRS,3,N
12/19/2025,09:00,RRS,2.9,N
12/19/2025,09:00,NSPIN,3,N
12/19/2025,09:00,REGUP,3.1,N
12/19/2025,09:00,REGDN,1.89,N
12/19/2025,10:00,ECRS,2.09,N
12/19/2025,10:00,NSPIN,2.19,N
12/19/2025,10:00,RRS,1.99,N
12/19/2025,10:00,REGUP,2.1,N
12/19/2025,10:00,REGDN,1.13,N
12/19/2025,11:00,ECRS,1.15,N
12/19/2025,11:00,REGDN,0.58,N
12/19/2025,11:00,REGUP,1.12,N
12/19/2025,11:00,RRS,1.05,N
12/19/2025,11:00,NSPIN,1.99,N
12/19/2025,12:00,ECRS,0.66,N
12/19/2025,12:00,NSPIN,1.71,N
12/19/2025,12:00,RRS,0.57,N
12/19/2025,12:00,REGUP,0.6,N
12/19/2025,12:00,REGDN,0.39,N
12/19/2025,13:00,ECRS,0.49,N
12/19/2025,13:00,NSPIN,1.5,N
12/19/2025,13:00,RRS,0.4,N
12/19/2025,13:00,REGUP,0.4,N
12/19/2025,13:00,REGDN,0.39,N
12/19/2025,14:00,ECRS,0.47,N
12/19/2025,14:00,REGDN,0.39,N
12/19/2025,14:00,REGUP,0.39,N
12/19/2025,14:00,RRS,0.37,N
12/19/2025,14:00,NSPIN,1.36,N
12/19/2025,15:00,ECRS,0.53,N
12/19/2025,15:00,NSPIN,1.07,N
12/19/2025,15:00,RRS,0.4,N
12/19/2025,15:00,REGDN,1.2,N
12/19/2025,15:00,REGUP,0.48,N
12/19/2025,16:00,ECRS,0.64,N
12/19/2025,16:00,NSPIN,1.18,N
12/19/2025,16:00,RRS,0.45,N
12/19/2025,16:00,REGUP,0.66,N
12/19/2025,16:00,REGDN,2.21,N
12/19/2025,17:00,NSPIN,1.5,N
12/19/2025,17:00,ECRS,0.57,N
12/19/2025,17:00,RRS,0.5,N
12/19/2025,17:00,REGDN,0.37,N
12/19/2025,17:00,REGUP,0.97,N
12/19/2025,18:00,ECRS,2,N
12/19/2025,18:00,NSPIN,3,N
12/19/2025,18:00,RRS,1.29,N
12/19/2025,18:00,REGUP,2.71,N
12/19/2025,18:00,REGDN,0.01,N
12/19/2025,19:00,ECRS,1.71,N
12/19/2025,19:00,RRS,1,N
12/19/2025,19:00,NSPIN,3.47,N
12/19/2025,19:00,REGUP,1.62,N
12/19/2025,19:00,REGDN,0.14,N
12/19/2025,20:00,ECRS,2.09,N
12/19/2025,20:00,NSPIN,3.5,N
12/19/2025,20:00,RRS,2,N
12/19/2025,20:00,REGUP,2.14,N
12/19/2025,20:00,REGDN,0.58,N
12/19/2025,21:00,ECRS,1.2,N
12/19/2025,21:00,NSPIN,3.01,N
12/19/2025,21:00,RRS,1.16,N
12/19/2025,21:00,REGUP,1.2,N
12/19/2025,21:00,REGDN,0.66,N
12/19/2025,22:00,REGDN,0.51,N
12/19/2025,22:00,ECRS,1.27,N
12/19/2025,22:00,NSPIN,3,N
12/19/2025,22:00,RRS,1.18,N
12/19/2025,22:00,REGUP,1.25,N
12/19/2025,23:00,ECRS,2,N
12/19/2025,23:00,NSPIN,3.24,N
12/19/2025,23:00,RRS,1.98,N
12/19/2025,23:00,REGUP,1.95,N
12/19/2025,23:00,REGDN,0.67,N
12/19/2025,24:00,ECRS,2.09,N
12/19/2025,24:00,NSPIN,3.24,N
12/19/2025,24:00,RRS,2,N
12/19/2025,24:00,REGUP,2.11,N
12/19/2025,24:00,REGDN,0.62,N
12/20/2025,01:00,ECRS,0.38,N
12/20/2025,01:00,REGDN,0.52,N
12/20/2025,01:00,REGUP,0.17,N
12/20/2025,01:00,NSPIN,3,N
12/20/2025,01:00,RRS,0.19,N
12/20/2025,02:00,ECRS,0.53,N
12/20/2025,02:00,NSPIN,3,N
12/20/2025,02:00,RRS,0.44,N
12/20/2025,02:00,REGUP,0.53,N
12/20/2025,02:00,REGDN,0.29,N
12/20/2025,03:00,NSPIN,2.7,N
12/20/2025,03:00,ECRS,0.48,N
12/20/2025,03:00,RRS,0.39,N
12/20/2025,03:00,REGDN,0.29,N
12/20/2025,03:00,REGUP,0.48,N
12/20/2025,04:00,ECRS,0.53,N
12/20/2025,04:00,NSPIN,2.51,N
12/20/2025,04:00,RRS,0.44,N
12/20/2025,04:00,REGUP,0.82,N
12/20/2025,04:00,REGDN,1,N
12/20/2025,05:00,ECRS,0.5,N
12/20/2025,05:00,RRS,0.49,N
12/20/2025,05:00,NSPIN,2.67,N
12/20/2025,05:00,REGUP,0.79,N
12/20/2025,05:00,REGDN,0.59,N
12/20/2025,06:00,ECRS,0.5,N
12/20/2025,06:00,REGDN,0.55,N
12/20/2025,06:00,REGUP,0.46,N
12/20/2025,06:00,RRS,0.5,N
12/20/2025,06:00,NSPIN,2.65,N
12/20/2025,07:00,ECRS,0.81,N
12/20/2025,07:00,REGDN,0.01,N
12/20/2025,07:00,REGUP,0.71,N
12/20/2025,07:00,RRS,0.81,N
12/20/2025,07:00,NSPIN,3,N
12/20/2025,08:00,ECRS,2.5,N
12/20/2025,08:00,NSPIN,3,N
12/20/2025,08:00,RRS,2.5,N
12/20/2025,08:00,REGUP,3.25,N
12/20/2025,08:00,REGDN,0.01,N
12/20/2025,09:00,ECRS,1.27,N
12/20/2025,09:00,REGDN,0.78,N
12/20/2025,09:00,REGUP,1.27,N
12/20/2025,09:00,RRS,1.27,N
12/20/2025,09:00,NSPIN,2.05,N
12/20/2025,10:00,ECRS,1,N
12/20/2025,10:00,NSPIN,1.65,N
12/20/2025,10:00,RRS,1,N
12/20/2025,10:00,REGDN,1,N
12/20/2025,10:00,REGUP,1.47,N
12/20/2025,11:00,NSPIN,1.63,N
12/20/2025,11:00,ECRS,0.65,N
12/20/2025,11:00,RRS,0.5,N
12/20/2025,11:00,REGDN,0.83,N
12/20/2025,11:00,REGUP,0.72,N
12/20/2025,12:00,ECRS,0.43,N
12/20/2025,12:00,RRS,0.34,N
12/20/2025,12:00,NSPIN,1.7,N
12/20/2025,12:00,REGUP,0.98,N
12/20/2025,12:00,REGDN,2.4,N
12/20/2025,13:00,ECRS,0.42,N
12/20/2025,13:00,NSPIN,1.5,N
12/20/2025,13:00,RRS,0.33,N
12/20/2025,13:00,REGUP,0.89,N
12/20/2025,13:00,REGDN,2.35,N
12/20/2025,14:00,ECRS,0.53,N
12/20/2025,14:00,NSPIN,1.07,N
12/20/2025,14:00,RRS,0.44,N
12/20/2025,14:00,REGUP,0.78,N
12/20/2025,14:00,REGDN,3.25,N
12/20/2025,15:00,ECRS,0.51,N
12/20/2025,15:00,NSPIN,1.04,N
12/20/2025,15:00,RRS,0.42,N
12/20/2025,15:00,REGUP,0.8,N
12/20/2025,15:00,REGDN,7.42,N
12/20/2025,16:00,NSPIN,1.12,N
12/20/2025,16:00,ECRS,0.54,N
12/20/2025,16:00,RRS,0.49,N
12/20/2025,16:00,REGDN,4.47,N
12/20/2025,16:00,REGUP,0.9,N
12/20/2025,17:00,ECRS,0.6,N
12/20/2025,17:00,NSPIN,1.2,N
12/20/2025,17:00,RRS,0.57,N
12/20/2025,17:00,REGUP,0.56,N
12/20/2025,17:00,REGDN,8.29,N
12/20/2025,18:00,ECRS,3,N
12/20/2025,18:00,RRS,3,N
12/20/2025,18:00,NSPIN,3,N
12/20/2025,18:00,REGUP,4.3,N
12/20/2025,18:00,REGDN,0.01,N
12/20/2025,19:00,NSPIN,3.67,N
12/20/2025,19:00,ECRS,1.27,N
12/20/2025,19:00,RRS,1.27,N
12/20/2025,19:00,REGDN,0.02,N
12/20/2025,19:00,REGUP,1.27,N
12/20/2025,20:00,ECRS,1.09,N
12/20/2025,20:00,NSPIN,3.06,N
12/20/2025,20:00,RRS,1,N
12/20/2025,20:00,REGDN,1.14,N
12/20/2025,20:00,REGUP,1,N
12/20/2025,21:00,ECRS,1.02,N
12/20/2025,21:00,NSPIN,3,N
12/20/2025,21:00,RRS,1,N
12/20/2025,21:00,REGUP,1.35,N
12/20/2025,21:00,REGDN,1.33,N
12/20/2025,22:00,NSPIN,3,N
12/20/2025,22:00,ECRS,1.09,N
12/20/2025,22:00,RRS,1,N
12/20/2025,22:00,REGDN,0.93,N
12/20/2025,22:00,REGUP,1.75,N
12/20/2025,23:00,ECRS,1.01,N
12/20/2025,23:00,NSPIN,3,N
12/20/2025,23:00,RRS,1,N
12/20/2025,23:00,REGUP,0.95,N
12/20/2025,23:00,REGDN,1.1,N
12/20/2025,24:00,ECRS,2.22,N
12/20/2025,24:00,NSPIN,3,N
12/20/2025,24:00,RRS,1.42,N
12/20/2025,24:00,REGUP,3.03,N
12/20/2025,24:00,REGDN,1,N
12/21/2025,01:00,ECRS,0.45,N
12/21/2025,01:00,REGDN,0.67,N
12/21/2025,01:00,REGUP,0.35,N
12/21/2025,01:00,NSPIN,3,N
12/21/2025,01:00,RRS,0.35,N
12/21/2025,02:00,ECRS,0.34,N
12/21/2025,02:00,NSPIN,3,N
12/21/2025,02:00,RRS,0.25,N
12/21/2025,02:00,REGUP,2.35,N
12/21/2025,02:00,REGDN,1.2,N
12/21/2025,03:00,NSPIN,2.45,N
12/21/2025,03:00,ECRS,0.64,N
12/21/2025,03:00,RRS,0.49,N
12/21/2025,03:00,REGDN,1.2,N
12/21/2025,03:00,REGUP,1.51,N
12/21/2025,04:00,ECRS,0.5,N
12/21/2025,04:00,NSPIN,2.6,N
12/21/2025,04:00,RRS,0.44,N
12/21/2025,04:00,REGUP,1.11,N
12/21/2025,04:00,REGDN,1.2,N
12/21/2025,05:00,ECRS,0.49,N
12/21/2025,05:00,RRS,0.49,N
12/21/2025,05:00,NSPIN,3,N
12/21/2025,05:00,REGUP,1.26,N
12/21/2025,05:00,REGDN,1.24,N
12/21/2025,06:00,ECRS,0.44,N
12/21/2025,06:00,REGDN,1.2,N
12/21/2025,06:00,REGUP,1.09,N
12/21/2025,06:00,RRS,0.44,N
12/21/2025,06:00,NSPIN,2.99,N
12/21/2025,07:00,ECRS,0.49,N
12/21/2025,07:00,REGDN,2.08,N
12/21/2025,07:00,REGUP,0.47,N
12/21/2025,07:00,RRS,0.49,N
12/21/2025,07:00,NSPIN,3,N
12/21/2025,08:00,ECRS,0.74,N
12/21/2025,08:00,NSPIN,3,N
12/21/2025,08:00,RRS,0.74,N
12/21/2025,08:00,REGUP,0.7,N
12/21/2025,08:00,REGDN,0.05,N
12/21/2025,09:00,ECRS,1,N
12/21/2025,09:00,REGDN,1.2,N
12/21/2025,09:00,REGUP,1.99,N
12/21/2025,09:00,RRS,1,N
12/21/2025,09:00,NSPIN,3,N
12/21/2025,10:00,ECRS,1,N
12/21/2025,10:00,NSPIN,1.73,N
12/21/2025,10:00,RRS,0.96,N
12/21/2025,10:00,REGDN,1.3,N
12/21/2025,10:00,REGUP,1.29,N
12/21/2025,11:00,NSPIN,1.7,N
12/21/2025,11:00,ECRS,0.6,N
12/21/2025,11:00,RRS,0.5,N
12/21/2025,11:00,REGDN,1.4,N
12/21/2025,11:00,REGUP,0.9,N
12/21/2025,12:00,ECRS,0.41,N
12/21/2025,12:00,RRS,0.41,N
12/21/2025,12:00,NSPIN,1.99,N
12/21/2025,12:00,REGUP,0.79,N
12/21/2025,12:00,REGDN,1.39,N
12/21/2025,13:00,ECRS,0.4,N
12/21/2025,13:00,NSPIN,1.99,N
12/21/2025,13:00,RRS,0.4,N
12/21/2025,13:00,REGUP,0.97,N
12/21/2025,13:00,REGDN,1.07,N
12/21/2025,14:00,ECRS,0.53,N
12/21/2025,14:00,NSPIN,1.5,N
12/21/2025,14:00,RRS,0.49,N
12/21/2025,14:00,REGUP,1.36,N
12/21/2025,14:00,REGDN,1.04,N
12/21/2025,15:00,ECRS,0.63,N
12/21/2025,15:00,NSPIN,1.17,N
12/21/2025,15:00,RRS,0.44,N
12/21/2025,15:00,REGUP,1.96,N
12/21/2025,15:00,REGDN,3.35,N
12/21/2025,16:00,NSPIN,1.25,N
12/21/2025,16:00,ECRS,0.69,N
12/21/2025,16:00,RRS,0.5,N
12/21/2025,16:00,REGDN,4.55,N
12/21/2025,16:00,REGUP,1.64,N
12/21/2025,17:00,ECRS,0.84,N
12/21/2025,17:00,NSPIN,1.68,N
12/21/2025,17:00,RRS,0.65,N
12/21/2025,17:00,REGUP,2.54,N
12/21/2025,17:00,REGDN,8.29,N
12/21/2025,18:00,ECRS,7.99,N
12/21/2025,18:00,RRS,4.5,N
12/21/2025,18:00,NSPIN,8.2,N
12/21/2025,18:00,REGUP,11.73,N
12/21/2025,18:00,REGDN,0.01,N
12/21/2025,19:00,NSPIN,9.13,N
12/21/2025,19:00,ECRS,2,N
12/21/2025,19:00,RRS,1.97,N
12/21/2025,19:00,REGDN,0.03,N
12/21/2025,19:00,REGUP,1.92,N
12/21/2025,20:00,ECRS,3.67,N
12/21/2025,20:00,NSPIN,5.88,N
12/21/2025,20:00,RRS,3.48,N
12/21/2025,20:00,REGDN,0.02,N
12/21/2025,20:00,REGUP,3.6,N
12/21/2025,21:00,ECRS,3.19,N
12/21/2025,21:00,NSPIN,6.4,N
12/21/2025,21:00,RRS,3,N
12/21/2025,21:00,REGUP,3.1,N
12/21/2025,21:00,REGDN,1.87,N
12/21/2025,22:00,NSPIN,4.55,N
12/21/2025,22:00,ECRS,3,N
12/21/2025,22:00,RRS,2.91,N
12/21/2025,22:00,REGDN,1,N
12/21/2025,22:00,REGUP,3.01,N
12/21/2025,23:00,ECRS,3,N
12/21/2025,23:00,NSPIN,4.73,N
12/21/2025,23:00,RRS,3,N
12/21/2025,23:00,REGUP,3.07,N
12/21/2025,23:00,REGDN,1.14,N
12/21/2025,24:00,ECRS,3,N
12/21/2025,24:00,NSPIN,4.82,N
12/21/2025,24:00,RRS,3.18,N
12/21/2025,24:00,REGUP,3.7,N
12/21/2025,24:00,REGDN,0.76,N
12/22/2025,01:00,ECRS,0.64,N
12/22/2025,01:00,REGDN,0.97,N
12/22/2025,01:00,REGUP,1.05,N
12/22/2025,01:00,NSPIN,3.1,N
12/22/2025,01:00,RRS,0.55,N
12/22/2025,02:00,ECRS,0.4,N
12/22/2025,02:00,NSPIN,3.1,N
12/22/2025,02:00,RRS,0.31,N
12/22/2025,02:00,REGUP,0.29,N
12/22/2025,02:00,REGDN,1,N
12/22/2025,03:00,NSPIN,3,N
12/22/2025,03:00,ECRS,0.51,N
12/22/2025,03:00,RRS,0.5,N
12/22/2025,03:00,REGDN,0.02,N
12/22/2025,03:00,REGUP,1.21,N
12/22/2025,04:00,ECRS,0.5,N
12/22/2025,04:00,NSPIN,3,N
12/22/2025,04:00,RRS,0.49,N
12/22/2025,04:00,REGUP,0.49,N
12/22/2025,04:00,REGDN,1,N
12/22/2025,05:00,ECRS,0.58,N
12/22/2025,05:00,RRS,0.49,N
12/22/2025,05:00,NSPIN,3,N
12/22/2025,05:00,REGUP,1.39,N
12/22/2025,05:00,REGDN,1.04,N
12/22/2025,06:00,ECRS,0.59,N
12/22/2025,06:00,REGDN,1.13,N
12/22/2025,06:00,REGUP,1.76,N
12/22/2025,06:00,RRS,0.5,N
12/22/2025,06:00,NSPIN,2.74,N
12/22/2025,07:00,ECRS,0.78,N
12/22/2025,07:00,REGDN,0.01,N
12/22/2025,07:00,REGUP,0.72,N
12/22/2025,07:00,RRS,0.78,N
12/22/2025,07:00,NSPIN,3,N
12/22/2025,08:00,ECRS,2,N
12/22/2025,08:00,NSPIN,3,N
12/22/2025,08:00,RRS,2,N
12/22/2025,08:00,REGUP,5,N
12/22/2025,08:00,REGDN,0.01,N
12/22/2025,09:00,ECRS,3,N
12/22/2025,09:00,REGDN,5.37,N
12/22/2025,09:00,REGUP,2.91,N
12/22/2025,09:00,RRS,2.91,N
12/22/2025,09:00,NSPIN,2.6,N
12/22/2025,10:00,ECRS,2.09,N
12/22/2025,10:00,NSPIN,1.99,N
12/22/2025,10:00,RRS,1.97,N
12/22/2025,10:00,REGDN,2.86,N
12/22/2025,10:00,REGUP,2.66,N
12/22/2025,11:00,NSPIN,1.73,N
12/22/2025,11:00,ECRS,1.55,N
12/22/2025,11:00,RRS,1.25,N
12/22/2025,11:00,REGDN,1.94,N
12/22/2025,11:00,REGUP,1.93,N
12/22/2025,12:00,ECRS,0.83,N
12/22/2025,12:00,RRS,0.83,N
12/22/2025,12:00,NSPIN,1.9,N
12/22/2025,12:00,REGUP,1.13,N
12/22/2025,12:00,REGDN,1.52,N
12/22/2025,13:00,ECRS,0.34,N
12/22/2025,13:00,NSPIN,1.9,N
12/22/2025,13:00,RRS,0.25,N
12/22/2025,13:00,REGUP,0.74,N
12/22/2025,13:00,REGDN,1.21,N
12/22/2025,14:00,ECRS,0.53,N
12/22/2025,14:00,NSPIN,1.31,N
12/22/2025,14:00,RRS,0.34,N
12/22/2025,14:00,REGUP,1.3,N
12/22/2025,14:00,REGDN,3.16,N
12/22/2025,15:00,ECRS,0.63,N
12/22/2025,15:00,NSPIN,1.17,N
12/22/2025,15:00,RRS,0.44,N
12/22/2025,15:00,REGUP,1,N
12/22/2025,15:00,REGDN,3.34,N
12/22/2025,16:00,NSPIN,1.12,N
12/22/2025,16:00,ECRS,0.79,N
12/22/2025,16:00,RRS,0.49,N
12/22/2025,16:00,REGDN,7.95,N
12/22/2025,16:00,REGUP,1.02,N
12/22/2025,17:00,ECRS,0.76,N
12/22/2025,17:00,NSPIN,1.3,N
12/22/2025,17:00,RRS,0.57,N
12/22/2025,17:00,REGUP,1.01,N
12/22/2025,17:00,REGDN,8,N
12/22/2025,18:00,ECRS,1,N
12/22/2025,18:00,RRS,1,N
12/22/2025,18:00,NSPIN,3,N
12/22/2025,18:00,REGUP,0.97,N
12/22/2025,18:00,REGDN,0.01,N
12/22/2025,19:00,NSPIN,3.99,N
12/22/2025,19:00,ECRS,1,N
12/22/2025,19:00,RRS,1,N
12/22/2025,19:00,REGDN,0.03,N
12/22/2025,19:00,REGUP,0.99,N
12/22/2025,20:00,ECRS,1.09,N
12/22/2025,20:00,NSPIN,3.5,N
12/22/2025,20:00,RRS,1,N
12/22/2025,20:00,REGDN,0.02,N
12/22/2025,20:00,REGUP,2,N
12/22/2025,21:00,ECRS,1,N
12/22/2025,21:00,NSPIN,3.19,N
12/22/2025,21:00,RRS,1,N
12/22/2025,21:00,REGUP,1.81,N
12/22/2025,21:00,REGDN,1.29,N
12/22/2025,22:00,NSPIN,3,N
12/22/2025,22:00,ECRS,1,N
12/22/2025,22:00,RRS,1,N
12/22/2025,22:00,REGDN,0.97,N
12/22/2025,22:00,REGUP,1.87,N
12/22/2025,23:00,ECRS,1.15,N
12/22/2025,23:00,NSPIN,3,N
12/22/2025,23:00,RRS,1,N
12/22/2025,23:00,REGUP,1.77,N
12/22/2025,23:00,REGDN,0.98,N
12/22/2025,24:00,ECRS,1,N
12/22/2025,24:00,NSPIN,3,N
12/22/2025,24:00,RRS,0.95,N
12/22/2025,24:00,REGUP,1.45,N
12/22/2025,24:00,REGDN,0.88,N
12/23/2025,01:00,ECRS,0.48,N
12/23/2025,01:00,REGDN,0.5,N
12/23/2025,01:00,REGUP,0.39,N
12/23/2025,01:00,NSPIN,3,N
12/23/2025,01:00,RRS,0.39,N
12/23/2025,02:00,ECRS,0.38,N
12/23/2025,02:00,NSPIN,3,N
12/23/2025,02:00,RRS,0.29,N
12/23/2025,02:00,REGUP,0.35,N
12/23/2025,02:00,REGDN,0.33,N
12/23/2025,03:00,NSPIN,2.7,N
12/23/2025,03:00,ECRS,0.38,N
12/23/2025,03:00,RRS,0.29,N
12/23/2025,03:00,REGDN,0.75,N
12/23/2025,03:00,REGUP,0.38,N
12/23/2025,04:00,ECRS,0.43,N
12/23/2025,04:00,NSPIN,2,N
12/23/2025,04:00,RRS,0.34,N
12/23/2025,04:00,REGUP,0.59,N
12/23/2025,04:00,REGDN,1.13,N
12/23/2025,05:00,ECRS,0.35,N
12/23/2025,05:00,RRS,0.34,N
12/23/2025,05:00,NSPIN,2.05,N
12/23/2025,05:00,REGUP,0.61,N
12/23/2025,05:00,REGDN,0.7,N
12/23/2025,06:00,ECRS,0.36,N
12/23/2025,06:00,REGDN,1.08,N
12/23/2025,06:00,REGUP,0.7,N
12/23/2025,06:00,RRS,0.35,N
12/23/2025,06:00,NSPIN,2.1,N
12/23/2025,07:00,ECRS,0.49,N
12/23/2025,07:00,REGDN,0.66,N
12/23/2025,07:00,REGUP,0.4,N
12/23/2025,07:00,RRS,0.49,N
12/23/2025,07:00,NSPIN,2.91,N
12/23/2025,08:00,ECRS,1,N
12/23/2025,08:00,NSPIN,3,N
12/23/2025,08:00,RRS,1,N
12/23/2025,08:00,REGUP,2.14,N
12/23/2025,08:00,REGDN,0.01,N
12/23/2025,09:00,ECRS,0.85,N
12/23/2025,09:00,REGDN,1,N
12/23/2025,09:00,REGUP,1,N
12/23/2025,09:00,RRS,1,N
12/23/2025,09:00,NSPIN,2.97,N
12/23/2025,10:00,ECRS,1,N
12/23/2025,10:00,NSPIN,1.67,N
12/23/2025,10:00,RRS,1,N
12/23/2025,10:00,REGDN,0.74,N
12/23/2025,10:00,REGUP,1.47,N
12/23/2025,11:00,NSPIN,1.74,N
12/23/2025,11:00,ECRS,0.74,N
12/23/2025,11:00,RRS,0.65,N
12/23/2025,11:00,REGDN,0.81,N
12/23/2025,11:00,REGUP,0.9,N
12/23/2025,12:00,ECRS,0.49,N
12/23/2025,12:00,RRS,0.44,N
12/23/2025,12:00,NSPIN,1.9,N
12/23/2025,12:00,REGUP,0.71,N
12/23/2025,12:00,REGDN,0.98,N
12/23/2025,13:00,ECRS,0.34,N
12/23/2025,13:00,NSPIN,1.5,N
12/23/2025,13:00,RRS,0.25,N
12/23/2025,13:00,REGUP,1.02,N
12/23/2025,13:00,REGDN,1.5,N
12/23/2025,14:00,ECRS,0.49,N
12/23/2025,14:00,NSPIN,1.28,N
12/23/2025,14:00,RRS,0.34,N
12/23/2025,14:00,REGUP,0.83,N
12/23/2025,14:00,REGDN,2.7,N
12/23/2025,15:00,ECRS,0.62,N
12/23/2025,15:00,NSPIN,1.16,N
12/23/2025,15:00,RRS,0.44,N
12/23/2025,15:00,REGUP,0.92,N
12/23/2025,15:00,REGDN,3,N
12/23/2025,16:00,NSPIN,1.25,N
12/23/2025,16:00,ECRS,0.66,N
12/23/2025,16:00,RRS,0.44,N
12/23/2025,16:00,REGDN,6.79,N
12/23/2025,16:00,REGUP,0.8,N
12/23/2025,17:00,ECRS,0.55,N
12/23/2025,17:00,NSPIN,1.5,N
12/23/2025,17:00,RRS,0.5,N
12/23/2025,17:00,REGUP,0.85,N
12/23/2025,17:00,REGDN,0.06,N
12/23/2025,18:00,ECRS,1.99,N
12/23/2025,18:00,RRS,1.97,N
12/23/2025,18:00,NSPIN,2.8,N
12/23/2025,18:00,REGUP,3.18,N
12/23/2025,18:00,REGDN,0.01,N
12/23/2025,19:00,NSPIN,3,N
12/23/2025,19:00,ECRS,0.86,N
12/23/2025,19:00,RRS,1.2,N
12/23/2025,19:00,REGDN,1.13,N
12/23/2025,19:00,REGUP,1.61,N
12/23/2025,20:00,ECRS,0.9,N
12/23/2025,20:00,NSPIN,3,N
12/23/2025,20:00,RRS,0.9,N
12/23/2025,20:00,REGDN,1.07,N
12/23/2025,20:00,REGUP,1.15,N
12/23/2025,21:00,ECRS,0.86,N
12/23/2025,21:00,NSPIN,3,N
12/23/2025,21:00,RRS,0.74,N
12/23/2025,21:00,REGUP,1.11,N
12/23/2025,21:00,REGDN,1.07,N
12/23/2025,22:00,NSPIN,3,N
12/23/2025,22:00,ECRS,0.68,N
12/23/2025,22:00,RRS,0.59,N
12/23/2025,22:00,REGDN,0.74,N
12/23/2025,22:00,REGUP,1.05,N
12/23/2025,23:00,ECRS,0.64,N
12/23/2025,23:00,NSPIN,3,N
12/23/2025,23:00,RRS,0.59,N
12/23/2025,23:00,REGUP,0.97,N
12/23/2025,23:00,REGDN,0.58,N
12/23/2025,24:00,ECRS,1.15,N
12/23/2025,24:00,NSPIN,3,N
12/23/2025,24:00,RRS,1,N
12/23/2025,24:00,REGUP,1.9,N
12/23/2025,24:00,REGDN,0.69,N
12/24/2025,01:00,ECRS,0.44,N
12/24/2025,01:00,REGDN,0.45,N
12/24/2025,01:00,REGUP,0.35,N
12/24/2025,01:00,NSPIN,2.8,N
12/24/2025,01:00,RRS,0.35,N
12/24/2025,02:00,ECRS,0.34,N
12/24/2025,02:00,NSPIN,2.8,N
12/24/2025,02:00,RRS,0.25,N
12/24/2025,02:00,REGUP,0.34,N
12/24/2025,02:00,REGDN,0.5,N
12/24/2025,03:00,NSPIN,2.09,N
12/24/2025,03:00,ECRS,0.4,N
12/24/2025,03:00,RRS,0.31,N
12/24/2025,03:00,REGDN,0.66,N
12/24/2025,03:00,REGUP,0.49,N
12/24/2025,04:00,ECRS,0.4,N
12/24/2025,04:00,NSPIN,2,N
12/24/2025,04:00,RRS,0.31,N
12/24/2025,04:00,REGUP,0.49,N
12/24/2025,04:00,REGDN,0.64,N
12/24/2025,05:00,ECRS,0.33,N
12/24/2025,05:00,RRS,0.31,N
12/24/2025,05:00,NSPIN,2,N
12/24/2025,05:00,REGUP,0.5,N
12/24/2025,05:00,REGDN,0.81,N
12/24/2025,06:00,ECRS,0.38,N
12/24/2025,06:00,REGDN,0.91,N
12/24/2025,06:00,REGUP,0.49,N
12/24/2025,06:00,RRS,0.33,N
12/24/2025,06:00,NSPIN,2,N
12/24/2025,07:00,ECRS,0.49,N
12/24/2025,07:00,REGDN,0.54,N
12/24/2025,07:00,REGUP,0.5,N
12/24/2025,07:00,RRS,0.49,N
12/24/2025,07:00,NSPIN,2.68,N
12/24/2025,08:00,ECRS,0.5,N
12/24/2025,08:00,NSPIN,2.73,N
12/24/2025,08:00,RRS,0.5,N
12/24/2025,08:00,REGUP,0.45,N
12/24/2025,08:00,REGDN,0.44,N
12/24/2025,09:00,ECRS,1.01,N
12/24/2025,09:00,REGDN,0.5,N
12/24/2025,09:00,REGUP,1.8,N
12/24/2025,09:00,RRS,1,N
12/24/2025,09:00,NSPIN,2.08,N
12/24/2025,10:00,ECRS,0.9,N
12/24/2025,10:00,NSPIN,1.73,N
12/24/2025,10:00,RRS,0.75,N
12/24/2025,10:00,REGDN,1,N
12/24/2025,10:00,REGUP,0.9,N
12/24/2025,11:00,NSPIN,1.6,N
12/24/2025,11:00,ECRS,0.59,N
12/24/2025,11:00,RRS,0.5,N
12/24/2025,11:00,REGDN,0.91,N
12/24/2025,11:00,REGUP,1,N
12/24/2025,12:00,ECRS,0.49,N
12/24/2025,12:00,RRS,0.49,N
12/24/2025,12:00,NSPIN,1.8,N
12/24/2025,12:00,REGUP,0.79,N
12/24/2025,12:00,REGDN,0.98,N
12/24/2025,13:00,ECRS,0.32,N
12/24/2025,13:00,NSPIN,1.5,N
12/24/2025,13:00,RRS,0.25,N
12/24/2025,13:00,REGUP,0.08,N
12/24/2025,13:00,REGDN,0.71,N
12/24/2025,14:00,ECRS,0.42,N
12/24/2025,14:00,NSPIN,1.25,N
12/24/2025,14:00,RRS,0.33,N
12/24/2025,14:00,REGUP,0.33,N
12/24/2025,14:00,REGDN,1,N
12/24/2025,15:00,ECRS,0.5,N
12/24/2025,15:00,NSPIN,1.11,N
12/24/2025,15:00,RRS,0.33,N
12/24/2025,15:00,REGUP,0.49,N
12/24/2025,15:00,REGDN,1.44,N
12/24/2025,16:00,NSPIN,1.04,N
12/24/2025,16:00,ECRS,0.5,N
12/24/2025,16:00,RRS,0.39,N
12/24/2025,16:00,REGDN,3,N
12/24/2025,16:00,REGUP,0.5,N
12/24/2025,17:00,ECRS,0.7,N
12/24/2025,17:00,NSPIN,1.2,N
12/24/2025,17:00,RRS,0.5,N
12/24/2025,17:00,REGUP,0.7,N
12/24/2025,17:00,REGDN,0.37,N
12/24/2025,18:00,ECRS,1.99,N
12/24/2025,18:00,RRS,1.02,N
12/24/2025,18:00,NSPIN,3,N
12/24/2025,18:00,REGUP,2.4,N
12/24/2025,18:00,REGDN,0.01,N
12/24/2025,19:00,NSPIN,3.08,N
12/24/2025,19:00,ECRS,1.99,N
12/24/2025,19:00,RRS,1,N
12/24/2025,19:00,REGDN,0.03,N
12/24/2025,19:00,REGUP,1.2,N
12/24/2025,20:00,ECRS,0.5,N
12/24/2025,20:00,NSPIN,3,N
12/24/2025,20:00,RRS,0.5,N
12/24/2025,20:00,REGDN,0.08,N
12/24/2025,20:00,REGUP,0.5,N
12/24/2025,21:00,ECRS,0.74,N
12/24/2025,21:00,NSPIN,3,N
12/24/2025,21:00,RRS,0.5,N
12/24/2025,21:00,REGUP,0.96,N
12/24/2025,21:00,REGDN,0.05,N
12/24/2025,22:00,NSPIN,3,N
12/24/2025,22:00,ECRS,0.59,N
12/24/2025,22:00,RRS,0.5,N
12/24/2025,22:00,REGDN,0.06,N
12/24/2025,22:00,REGUP,0.5,N
12/24/2025,23:00,ECRS,0.59,N
12/24/2025,23:00,NSPIN,3,N
12/24/2025,23:00,RRS,0.5,N
12/24/2025,23:00,REGUP,0.5,N
12/24/2025,23:00,REGDN,0.06,N
12/24/2025,24:00,ECRS,0.59,N
12/24/2025,24:00,NSPIN,3,N
12/24/2025,24:00,RRS,0.5,N
12/24/2025,24:00,REGUP,0.58,N
12/24/2025,24:00,REGDN,0.03,N
12/25/2025,01:00,ECRS,0.46,N
12/25/2025,01:00,REGDN,0.81,N
12/25/2025,01:00,REGUP,0.37,N
12/25/2025,01:00,NSPIN,3,N
12/25/2025,01:00,RRS,0.37,N
12/25/2025,02:00,ECRS,0.48,N
12/25/2025,02:00,NSPIN,3,N
12/25/2025,02:00,RRS,0.39,N
12/25/2025,02:00,REGUP,0.84,N
12/25/2025,02:00,REGDN,0.77,N
12/25/2025,03:00,NSPIN,3,N
12/25/2025,03:00,ECRS,0.39,N
12/25/2025,03:00,RRS,0.3,N
12/25/2025,03:00,REGDN,0.91,N
12/25/2025,03:00,REGUP,0.65,N
12/25/2025,04:00,ECRS,0.39,N
12/25/2025,04:00,NSPIN,2.9,N
12/25/2025,04:00,RRS,0.3,N
12/25/2025,04:00,REGUP,1.2,N
12/25/2025,04:00,REGDN,1.17,N
12/25/2025,05:00,ECRS,0.49,N
12/25/2025,05:00,RRS,0.41,N
12/25/2025,05:00,NSPIN,2.76,N
12/25/2025,05:00,REGUP,0.78,N
12/25/2025,05:00,REGDN,1,N
12/25/2025,06:00,ECRS,0.43,N
12/25/2025,06:00,REGDN,0.93,N
12/25/2025,06:00,REGUP,0.39,N
12/25/2025,06:00,RRS,0.43,N
12/25/2025,06:00,NSPIN,2.66,N
12/25/2025,07:00,ECRS,1,N
12/25/2025,07:00,REGDN,0.01,N
12/25/2025,07:00,REGUP,2,N
12/25/2025,07:00,RRS,1,N
12/25/2025,07:00,NSPIN,2.97,N
12/25/2025,08:00,ECRS,1,N
12/25/2025,08:00,NSPIN,3,N
12/25/2025,08:00,RRS,1,N
12/25/2025,08:00,REGUP,1.29,N
12/25/2025,08:00,REGDN,0.02,N
12/25/2025,09:00,ECRS,1.25,N
12/25/2025,09:00,REGDN,1.26,N
12/25/2025,09:00,REGUP,1.18,N
12/25/2025,09:00,RRS,1.18,N
12/25/2025,09:00,NSPIN,2.6,N
12/25/2025,10:00,ECRS,0.81,N
12/25/2025,10:00,NSPIN,1.52,N
12/25/2025,10:00,RRS,0.8,N
12/25/2025,10:00,REGDN,0.84,N
12/25/2025,10:00,REGUP,1.65,N
12/25/2025,11:00,NSPIN,1.56,N
12/25/2025,11:00,ECRS,0.54,N
12/25/2025,11:00,RRS,0.39,N
12/25/2025,11:00,REGDN,0.71,N
12/25/2025,11:00,REGUP,0.71,N
12/25/2025,12:00,ECRS,0.37,N
12/25/2025,12:00,RRS,0.3,N
12/25/2025,12:00,NSPIN,1.73,N
12/25/2025,12:00,REGUP,0.74,N
12/25/2025,12:00,REGDN,1,N
12/25/2025,13:00,ECRS,0.29,N
12/25/2025,13:00,NSPIN,1.5,N
12/25/2025,13:00,RRS,0.2,N
12/25/2025,13:00,REGUP,1.02,N
12/25/2025,13:00,REGDN,3.04,N
12/25/2025,14:00,ECRS,0.43,N
12/25/2025,14:00,NSPIN,1.18,N
12/25/2025,14:00,RRS,0.34,N
12/25/2025,14:00,REGUP,0.94,N
12/25/2025,14:00,REGDN,3.04,N
12/25/2025,15:00,ECRS,0.5,N
12/25/2025,15:00,NSPIN,1.09,N
12/25/2025,15:00,RRS,0.34,N
12/25/2025,15:00,REGUP,0.96,N
12/25/2025,15:00,REGDN,3.03,N
12/25/2025,16:00,NSPIN,1.2,N
12/25/2025,16:00,ECRS,0.5,N
12/25/2025,16:00,RRS,0.44,N
12/25/2025,16:00,REGDN,3.32,N
12/25/2025,16:00,REGUP,0.87,N
12/25/2025,17:00,ECRS,0.5,N
12/25/2025,17:00,NSPIN,1.68,N
12/25/2025,17:00,RRS,0.5,N
12/25/2025,17:00,REGUP,1.6,N
12/25/2025,17:00,REGDN,5.55,N
12/25/2025,18:00,ECRS,1.16,N
12/25/2025,18:00,RRS,1.16,N
12/25/2025,18:00,NSPIN,3,N
12/25/2025,18:00,REGUP,3.02,N
12/25/2025,18:00,REGDN,0.01,N
12/25/2025,19:00,NSPIN,3.79,N
12/25/2025,19:00,ECRS,0.5,N
12/25/2025,19:00,RRS,1.26,N
12/25/2025,19:00,REGDN,0.03,N
12/25/2025,19:00,REGUP,2.33,N
12/25/2025,20:00,ECRS,1.2,N
12/25/2025,20:00,NSPIN,3,N
12/25/2025,20:00,RRS,0.68,N
12/25/2025,20:00,REGDN,0.5,N
12/25/2025,20:00,REGUP,3.14,N
12/25/2025,21:00,ECRS,0.64,N
12/25/2025,21:00,NSPIN,3,N
12/25/2025,21:00,RRS,0.55,N
12/25/2025,21:00,REGUP,0.55,N
12/25/2025,21:00,REGDN,0.71,N
12/25/2025,22:00,NSPIN,3,N
12/25/2025,22:00,ECRS,0.5,N
12/25/2025,22:00,RRS,0.5,N
12/25/2025,22:00,REGDN,0.5,N
12/25/2025,22:00,REGUP,1.38,N
12/25/2025,23:00,ECRS,0.5,N
12/25/2025,23:00,NSPIN,3,N
12/25/2025,23:00,RRS,1.1,N
12/25/2025,23:00,REGUP,1.69,N
12/25/2025,23:00,REGDN,0.5,N
12/25/2025,24:00,ECRS,0.74,N
12/25/2025,24:00,NSPIN,3,N
12/25/2025,24:00,RRS,0.5,N
12/25/2025,24:00,REGUP,1.16,N
12/25/2025,24:00,REGDN,0.71,N
12/26/2025,01:00,ECRS,0.47,N
12/26/2025,01:00,NSPIN,3,N
12/26/2025,01:00,RRS,0.38,N
12/26/2025,01:00,REGUP,0.38,N
12/26/2025,01:00,REGDN,0.52,N
12/26/2025,02:00,ECRS,0.31,N
12/26/2025,02:00,REGDN,0.97,N
12/26/2025,02:00,REGUP,0.64,N
12/26/2025,02:00,RRS,0.22,N
12/26/2025,02:00,NSPIN,3,N
12/26/2025,03:00,ECRS,0.39,N
12/26/2025,03:00,NSPIN,2,N
12/26/2025,03:00,RRS,0.3,N
12/26/2025,03:00,REGUP,0.66,N
12/26/2025,03:00,REGDN,0.79,N
12/26/2025,04:00,ECRS,0.33,N
12/26/2025,04:00,NSPIN,2.14,N
12/26/2025,04:00,RRS,0.33,N
12/26/2025,04:00,REGUP,0.57,N
12/26/2025,04:00,REGDN,0.77,N
12/26/2025,05:00,ECRS,0.34,N
12/26/2025,05:00,REGDN,0.76,N
12/26/2025,05:00,REGUP,0.43,N
12/26/2025,05:00,RRS,0.34,N
12/26/2025,05:00,NSPIN,2.36,N
12/26/2025,06:00,ECRS,0.35,N
12/26/2025,06:00,NSPIN,2,N
12/26/2025,06:00,RRS,0.35,N
12/26/2025,06:00,REGDN,0.03,N
12/26/2025,06:00,REGUP,0.44,N
12/26/2025,07:00,ECRS,0.5,N
12/26/2025,07:00,NSPIN,2.99,N
12/26/2025,07:00,RRS,0.5,N
12/26/2025,07:00,REGUP,0.72,N
12/26/2025,07:00,REGDN,0.02,N
12/26/2025,08:00,NSPIN,3,N
12/26/2025,08:00,ECRS,0.5,N
12/26/2025,08:00,RRS,0.5,N
12/26/2025,08:00,REGDN,0.47,N
12/26/2025,08:00,REGUP,1.37,N
12/26/2025,09:00,ECRS,0.75,N
12/26/2025,09:00,NSPIN,2.51,N
12/26/2025,09:00,RRS,0.75,N
12/26/2025,09:00,REGUP,0.75,N
12/26/2025,09:00,REGDN,1.46,N
12/26/2025,10:00,ECRS,0.58,N
12/26/2025,10:00,RRS,0.49,N
12/26/2025,10:00,NSPIN,1.5,N
12/26/2025,10:00,REGUP,1.12,N
12/26/2025,10:00,REGDN,3,N
12/26/2025,11:00,NSPIN,1.5,N
12/26/2025,11:00,RRS,0.4,N
12/26/2025,11:00,REGUP,1.17,N
12/26/2025,11:00,REGDN,2.54,N
12/26/2025,11:00,ECRS,0.49,N
12/26/2025,12:00,ECRS,0.38,N
12/26/2025,12:00,REGDN,1.74,N
12/26/2025,12:00,REGUP,0.98,N
12/26/2025,12:00,NSPIN,1.73,N
12/26/2025,12:00,RRS,0.38,N
12/26/2025,13:00,NSPIN,1.62,N
12/26/2025,13:00,ECRS,0.33,N
12/26/2025,13:00,RRS,0.33,N
12/26/2025,13:00,REGDN,3.07,N
12/26/2025,13:00,REGUP,0.87,N
12/26/2025,14:00,ECRS,0.47,N
12/26/2025,14:00,RRS,0.44,N
12/26/2025,14:00,NSPIN,1.24,N
12/26/2025,14:00,REGUP,1.13,N
12/26/2025,14:00,REGDN,3.29,N
12/26/2025,15:00,ECRS,0.5,N
12/26/2025,15:00,REGDN,3.39,N
12/26/2025,15:00,REGUP,1.3,N
12/26/2025,15:00,RRS,0.41,N
12/26/2025,15:00,NSPIN,1.04,N
12/26/2025,16:00,ECRS,0.5,N
12/26/2025,16:00,REGDN,4.04,N
12/26/2025,16:00,REGUP,1.09,N
12/26/2025,16:00,RRS,0.44,N
12/26/2025,16:00,NSPIN,1.2,N
12/26/2025,17:00,ECRS,0.65,N
12/26/2025,17:00,REGDN,5.42,N
12/26/2025,17:00,REGUP,2.46,N
12/26/2025,17:00,RRS,0.5,N
12/26/2025,17:00,NSPIN,1.8,N
12/26/2025,18:00,ECRS,4,N
12/26/2025,18:00,NSPIN,8,N
12/26/2025,18:00,RRS,3,N
12/26/2025,18:00,REGUP,5,N
12/26/2025,18:00,REGDN,0.01,N
12/26/2025,19:00,ECRS,3.02,N
12/26/2025,19:00,NSPIN,6.91,N
12/26/2025,19:00,RRS,1,N
12/26/2025,19:00,REGUP,2.93,N
12/26/2025,19:00,REGDN,0.03,N
12/26/2025,20:00,ECRS,0.5,N
12/26/2025,20:00,NSPIN,4.8,N
12/26/2025,20:00,RRS,1,N
12/26/2025,20:00,REGDN,2.71,N
12/26/2025,20:00,REGUP,1,N
12/26/2025,21:00,ECRS,0.86,N
12/26/2025,21:00,NSPIN,3.42,N
12/26/2025,21:00,RRS,0.54,N
12/26/2025,21:00,REGUP,1.54,N
12/26/2025,21:00,REGDN,2.54,N
12/26/2025,22:00,NSPIN,3.5,N
12/26/2025,22:00,ECRS,1.05,N
12/26/2025,22:00,RRS,1,N
12/26/2025,22:00,REGDN,0.91,N
12/26/2025,22:00,REGUP,2.06,N
12/26/2025,23:00,ECRS,0.88,N
12/26/2025,23:00,NSPIN,3,N
12/26/2025,23:00,RRS,1.13,N
12/26/2025,23:00,REGUP,1.74,N
12/26/2025,23:00,REGDN,1.66,N
12/26/2025,24:00,ECRS,0.88,N
12/26/2025,24:00,RRS,1.53,N
12/26/2025,24:00,NSPIN,3.08,N
12/26/2025,24:00,REGUP,2.08,N
12/26/2025,24:00,REGDN,1.72,N
12/27/2025,01:00,ECRS,0.5,N
12/27/2025,01:00,REGUP,0.41,N
12/27/2025,01:00,REGDN,0.69,N
12/27/2025,01:00,RRS,0.41,N
12/27/2025,01:00,NSPIN,3,N
12/27/2025,02:00,ECRS,0.35,N
12/27/2025,02:00,REGDN,0.41,N
12/27/2025,02:00,REGUP,0.55,N
12/27/2025,02:00,RRS,0.3,N
12/27/2025,02:00,NSPIN,3,N
12/27/2025,03:00,ECRS,0.33,N
12/27/2025,03:00,NSPIN,2.53,N
12/27/2025,03:00,RRS,0.3,N
12/27/2025,03:00,REGUP,0.46,N
12/27/2025,03:00,REGDN,0.92,N
12/27/2025,04:00,ECRS,0.33,N
12/27/2025,04:00,NSPIN,2.05,N
12/27/2025,04:00,RRS,0.33,N
12/27/2025,04:00,REGUP,0.37,N
12/27/2025,04:00,REGDN,0.93,N
12/27/2025,05:00,NSPIN,2.08,N
12/27/2025,05:00,ECRS,0.34,N
12/27/2025,05:00,RRS,0.34,N
12/27/2025,05:00,REGDN,0.64,N
12/27/2025,05:00,REGUP,0.51,N
12/27/2025,06:00,ECRS,0.43,N
12/27/2025,06:00,REGDN,0.85,N
12/27/2025,06:00,REGUP,0.4,N
12/27/2025,06:00,RRS,0.43,N
12/27/2025,06:00,NSPIN,2,N
12/27/2025,07:00,ECRS,0.54,N
12/27/2025,07:00,REGDN,0.02,N
12/27/2025,07:00,REGUP,0.53,N
12/27/2025,07:00,RRS,0.54,N
12/27/2025,07:00,NSPIN,2.24,N
12/27/2025,08:00,ECRS,1,N
12/27/2025,08:00,NSPIN,2,N
12/27/2025,08:00,RRS,1,N
12/27/2025,08:00,REGUP,1.83,N
12/27/2025,08:00,REGDN,0.01,N
12/27/2025,09:00,ECRS,1,N
12/27/2025,09:00,RRS,1,N
12/27/2025,09:00,NSPIN,1.99,N
12/27/2025,09:00,REGUP,1.41,N
12/27/2025,09:00,REGDN,3.56,N
12/27/2025,10:00,ECRS,0.77,N
12/27/2025,10:00,NSPIN,1.58,N
12/27/2025,10:00,RRS,0.77,N
12/27/2025,10:00,REGUP,1,N
12/27/2025,10:00,REGDN,1.19,N
12/27/2025,11:00,ECRS,0.53,N
12/27/2025,11:00,REGDN,0.52,N
12/27/2025,11:00,REGUP,0.56,N
12/27/2025,11:00,RRS,0.48,N
12/27/2025,11:00,NSPIN,1.5,N
12/27/2025,12:00,ECRS,0.33,N
12/27/2025,12:00,NSPIN,1.51,N
12/27/2025,12:00,RRS,0.33,N
12/27/2025,12:00,REGUP,0.5,N
12/27/2025,12:00,REGDN,0.4,N
12/27/2025,13:00,ECRS,0.28,N
12/27/2025,13:00,NSPIN,1.5,N
12/27/2025,13:00,RRS,0.29,N
12/27/2025,13:00,REGUP,0.5,N
12/27/2025,13:00,REGDN,0.4,N
12/27/2025,14:00,ECRS,0.38,N
12/27/2025,14:00,REGDN,0.5,N
12/27/2025,14:00,REGUP,0.66,N
12/27/2025,14:00,RRS,0.3,N
12/27/2025,14:00,NSPIN,1.15,N
12/27/2025,15:00,ECRS,0.48,N
12/27/2025,15:00,NSPIN,1.03,N
12/27/2025,15:00,RRS,0.33,N
12/27/2025,15:00,REGDN,1.2,N
12/27/2025,15:00,REGUP,0.74,N
12/27/2025,16:00,ECRS,0.5,N
12/27/2025,16:00,NSPIN,1.06,N
12/27/2025,16:00,RRS,0.39,N
12/27/2025,16:00,REGUP,0.64,N
12/27/2025,16:00,REGDN,2.73,N
12/27/2025,17:00,NSPIN,1.5,N
12/27/2025,17:00,ECRS,0.64,N
12/27/2025,17:00,RRS,0.5,N
12/27/2025,17:00,REGDN,5.25,N
12/27/2025,17:00,REGUP,1.13,N
12/27/2025,18:00,ECRS,1.11,N
12/27/2025,18:00,NSPIN,2.5,N
12/27/2025,18:00,RRS,1.11,N
12/27/2025,18:00,REGUP,1.07,N
12/27/2025,18:00,REGDN,0.01,N
12/27/2025,19:00,ECRS,0.5,N
12/27/2025,19:00,RRS,2,N
12/27/2025,19:00,NSPIN,3,N
12/27/2025,19:00,REGUP,2.2,N
12/27/2025,19:00,REGDN,0.03,N
12/27/2025,20:00,ECRS,1.09,N
12/27/2025,20:00,REGDN,0.5,N
12/27/2025,20:00,REGUP,1,N
12/27/2025,20:00,RRS,1,N
12/27/2025,20:00,NSPIN,2.35,N
12/27/2025,21:00,ECRS,0.7,N
12/27/2025,21:00,REGDN,1,N
12/27/2025,21:00,REGUP,0.67,N
12/27/2025,21:00,RRS,0.7,N
12/27/2025,21:00,NSPIN,2.35,N
12/27/2025,22:00,ECRS,0.59,N
12/27/2025,22:00,NSPIN,2.02,N
12/27/2025,22:00,RRS,0.5,N
12/27/2025,22:00,REGUP,0.59,N
12/27/2025,22:00,REGDN,1.18,N
12/27/2025,23:00,ECRS,0.64,N
12/27/2025,23:00,NSPIN,2.61,N
12/27/2025,23:00,RRS,0.55,N
12/27/2025,23:00,REGUP,0.89,N
12/27/2025,23:00,REGDN,0.67,N
12/27/2025,24:00,REGUP,0.98,N
12/27/2025,24:00,REGDN,1,N
12/27/2025,24:00,ECRS,0.7,N
12/27/2025,24:00,NSPIN,2.73,N
12/27/2025,24:00,RRS,0.7,N
12/28/2025,01:00,ECRS,0.45,N
12/28/2025,01:00,REGDN,0.5,N
12/28/2025,01:00,REGUP,0.57,N
12/28/2025,01:00,NSPIN,2,N
12/28/2025,01:00,RRS,0.36,N
12/28/2025,02:00,ECRS,0.33,N
12/28/2025,02:00,NSPIN,2,N
12/28/2025,02:00,RRS,0.28,N
12/28/2025,02:00,REGUP,0.52,N
12/28/2025,02:00,REGDN,0.23,N
12/28/2025,03:00,NSPIN,1.99,N
12/28/2025,03:00,ECRS,0.19,N
12/28/2025,03:00,RRS,0.19,N
12/28/2025,03:00,REGDN,0.71,N
12/28/2025,03:00,REGUP,0.19,N
12/28/2025,04:00,ECRS,0.23,N
12/28/2025,04:00,NSPIN,1.73,N
12/28/2025,04:00,RRS,0.23,N
12/28/2025,04:00,REGUP,0.23,N
12/28/2025,04:00,REGDN,0.76,N
12/28/2025,05:00,ECRS,0.3,N
12/28/2025,05:00,RRS,0.3,N
12/28/2025,05:00,NSPIN,1.88,N
12/28/2025,05:00,REGUP,0.43,N
12/28/2025,05:00,REGDN,0.5,N
12/28/2025,06:00,ECRS,0.3,N
12/28/2025,06:00,REGDN,0.09,N
12/28/2025,06:00,REGUP,0.41,N
12/28/2025,06:00,RRS,0.3,N
12/28/2025,06:00,NSPIN,1.73,N
12/28/2025,07:00,ECRS,0.41,N
12/28/2025,07:00,REGDN,0.02,N
12/28/2025,07:00,REGUP,0.4,N
12/28/2025,07:00,RRS,0.41,N
12/28/2025,07:00,NSPIN,2,N
12/28/2025,08:00,ECRS,0.74,N
12/28/2025,08:00,NSPIN,1.98,N
12/28/2025,08:00,RRS,0.74,N
12/28/2025,08:00,REGUP,1,N
12/28/2025,08:00,REGDN,0.01,N
12/28/2025,09:00,ECRS,0.85,N
12/28/2025,09:00,REGDN,1.12,N
12/28/2025,09:00,REGUP,0.85,N
12/28/2025,09:00,RRS,0.74,N
12/28/2025,09:00,NSPIN,1.65,N
12/28/2025,10:00,ECRS,0.56,N
12/28/2025,10:00,NSPIN,1.5,N
12/28/2025,10:00,RRS,0.5,N
12/28/2025,10:00,REGDN,1.2,N
12/28/2025,10:00,REGUP,0.95,N
12/28/2025,11:00,NSPIN,1.47,N
12/28/2025,11:00,ECRS,0.37,N
12/28/2025,11:00,RRS,0.37,N
12/28/2025,11:00,REGDN,0.5,N
12/28/2025,11:00,REGUP,0.5,N
12/28/2025,12:00,ECRS,0.3,N
12/28/2025,12:00,RRS,0.3,N
12/28/2025,12:00,NSPIN,1.5,N
12/28/2025,12:00,REGUP,0.51,N
12/28/2025,12:00,REGDN,0.5,N
12/28/2025,13:00,ECRS,0.27,N
12/28/2025,13:00,NSPIN,1.38,N
12/28/2025,13:00,RRS,0.3,N
12/28/2025,13:00,REGUP,0.5,N
12/28/2025,13:00,REGDN,0.25,N
12/28/2025,14:00,ECRS,0.34,N
12/28/2025,14:00,NSPIN,1.05,N
12/28/2025,14:00,RRS,0.25,N
12/28/2025,14:00,REGUP,0.56,N
12/28/2025,14:00,REGDN,1.37,N
12/28/2025,15:00,ECRS,0.46,N
12/28/2025,15:00,NSPIN,1.02,N
12/28/2025,15:00,RRS,0.3,N
12/28/2025,15:00,REGUP,0.55,N
12/28/2025,15:00,REGDN,1.68,N
12/28/2025,16:00,NSPIN,1.05,N
12/28/2025,16:00,ECRS,0.51,N
12/28/2025,16:00,RRS,0.33,N
12/28/2025,16:00,REGDN,3,N
12/28/2025,16:00,REGUP,0.5,N
12/28/2025,17:00,ECRS,0.59,N
12/28/2025,17:00,NSPIN,1.13,N
12/28/2025,17:00,RRS,0.5,N
12/28/2025,17:00,REGUP,1,N
12/28/2025,17:00,REGDN,5.81,N
12/28/2025,18:00,ECRS,1.05,N
12/28/2025,18:00,RRS,1.05,N
12/28/2025,18:00,NSPIN,2.49,N
12/28/2025,18:00,REGUP,1.32,N
12/28/2025,18:00,REGDN,0.01,N
12/28/2025,19:00,NSPIN,2.97,N
12/28/2025,19:00,ECRS,1,N
12/28/2025,19:00,RRS,1,N
12/28/2025,19:00,REGDN,0.03,N
12/28/2025,19:00,REGUP,1.15,N
12/28/2025,20:00,ECRS,0.64,N
12/28/2025,20:00,NSPIN,2.35,N
12/28/2025,20:00,RRS,0.63,N
12/28/2025,20:00,REGDN,0.93,N
12/28/2025,20:00,REGUP,0.63,N
12/28/2025,21:00,ECRS,0.5,N
12/28/2025,21:00,NSPIN,2.33,N
12/28/2025,21:00,RRS,0.5,N
12/28/2025,21:00,REGUP,0.5,N
12/28/2025,21:00,REGDN,0.93,N
12/28/2025,22:00,NSPIN,2,N
12/28/2025,22:00,ECRS,0.5,N
12/28/2025,22:00,RRS,0.5,N
12/28/2025,22:00,REGDN,0.78,N
12/28/2025,22:00,REGUP,0.47,N
12/28/2025,23:00,ECRS,0.64,N
12/28/2025,23:00,NSPIN,2.47,N
12/28/2025,23:00,RRS,0.64,N
12/28/2025,23:00,REGUP,0.83,N
12/28/2025,23:00,REGDN,0.03,N
12/28/2025,24:00,ECRS,0.5,N
12/28/2025,24:00,NSPIN,2.38,N
12/28/2025,24:00,RRS,0.5,N
12/28/2025,24:00,REGUP,0.5,N
12/28/2025,24:00,REGDN,0.5,N
12/29/2025,01:00,ECRS,0.47,N
12/29/2025,01:00,REGUP,0.64,N
12/29/2025,01:00,REGDN,0.63,N
12/29/2025,01:00,RRS,0.38,N
12/29/2025,01:00,NSPIN,2,N
12/29/2025,02:00,ECRS,0.32,N
12/29/2025,02:00,REGDN,0.5,N
12/29/2025,02:00,REGUP,0.81,N
12/29/2025,02:00,RRS,0.23,N
12/29/2025,02:00,NSPIN,2,N
12/29/2025,03:00,ECRS,0.5,N
12/29/2025,03:00,NSPIN,1.65,N
12/29/2025,03:00,RRS,0.41,N
12/29/2025,03:00,REGUP,0.72,N
12/29/2025,03:00,REGDN,0.5,N
12/29/2025,04:00,ECRS,0.16,N
12/29/2025,04:00,NSPIN,1.73,N
12/29/2025,04:00,RRS,0.31,N
12/29/2025,04:00,REGUP,0.7,N
12/29/2025,04:00,REGDN,0.88,N
12/29/2025,05:00,NSPIN,1.85,N
12/29/2025,05:00,ECRS,0.49,N
12/29/2025,05:00,RRS,0.49,N
12/29/2025,05:00,REGDN,1.62,N
12/29/2025,05:00,REGUP,0.68,N
12/29/2025,06:00,ECRS,0.49,N
12/29/2025,06:00,REGDN,0.91,N
12/29/2025,06:00,REGUP,0.75,N
12/29/2025,06:00,RRS,0.49,N
12/29/2025,06:00,NSPIN,1.86,N
12/29/2025,07:00,ECRS,0.5,N
12/29/2025,07:00,REGDN,2.06,N
12/29/2025,07:00,REGUP,1.06,N
12/29/2025,07:00,RRS,0.5,N
12/29/2025,07:00,NSPIN,2.5,N
12/29/2025,08:00,ECRS,0.5,N
12/29/2025,08:00,NSPIN,2.69,N
12/29/2025,08:00,RRS,0.5,N
12/29/2025,08:00,REGUP,1.36,N
12/29/2025,08:00,REGDN,5.85,N
12/29/2025,09:00,ECRS,0.5,N
12/29/2025,09:00,RRS,0.5,N
12/29/2025,09:00,NSPIN,2,N
12/29/2025,09:00,REGUP,1.21,N
12/29/2025,09:00,REGDN,2.49,N
12/29/2025,10:00,ECRS,0.49,N
12/29/2025,10:00,NSPIN,1.5,N
12/29/2025,10:00,RRS,0.49,N
12/29/2025,10:00,REGUP,1.02,N
12/29/2025,10:00,REGDN,1.24,N
12/29/2025,11:00,ECRS,0.39,N
12/29/2025,11:00,REGDN,1.74,N
12/29/2025,11:00,REGUP,1.01,N
12/29/2025,11:00,RRS,0.39,N
12/29/2025,11:00,NSPIN,1.5,N
12/29/2025,12:00,ECRS,0.33,N
12/29/2025,12:00,NSPIN,1.53,N
12/29/2025,12:00,RRS,0.33,N
12/29/2025,12:00,REGUP,1,N
12/29/2025,12:00,REGDN,1.24,N
12/29/2025,13:00,ECRS,0.33,N
12/29/2025,13:00,NSPIN,1.5,N
12/29/2025,13:00,RRS,0.33,N
12/29/2025,13:00,REGUP,0.4,N
12/29/2025,13:00,REGDN,2.79,N
12/29/2025,14:00,ECRS,0.49,N
12/29/2025,14:00,REGDN,1,N
12/29/2025,14:00,REGUP,1.37,N
12/29/2025,14:00,RRS,0.49,N
12/29/2025,14:00,NSPIN,1.05,N
12/29/2025,15:00,ECRS,0.5,N
12/29/2025,15:00,NSPIN,1.04,N
12/29/2025,15:00,RRS,0.45,N
12/29/2025,15:00,REGDN,3,N
12/29/2025,15:00,REGUP,1.36,N
12/29/2025,16:00,ECRS,0.69,N
12/29/2025,16:00,NSPIN,1.2,N
12/29/2025,16:00,RRS,0.5,N
12/29/2025,16:00,REGUP,1.29,N
12/29/2025,16:00,REGDN,4.39,N
12/29/2025,17:00,NSPIN,1.36,N
12/29/2025,17:00,ECRS,0.5,N
12/29/2025,17:00,RRS,0.49,N
12/29/2025,17:00,REGDN,6.18,N
12/29/2025,17:00,REGUP,1.07,N
12/29/2025,18:00,ECRS,1,N
12/29/2025,18:00,NSPIN,4.05,N
12/29/2025,18:00,RRS,1,N
12/29/2025,18:00,REGUP,0.9,N
12/29/2025,18:00,REGDN,0.87,N
12/29/2025,19:00,ECRS,3.69,N
12/29/2025,19:00,RRS,3.67,N
12/29/2025,19:00,NSPIN,6.2,N
12/29/2025,19:00,REGUP,4.52,N
12/29/2025,19:00,REGDN,0.03,N
12/29/2025,20:00,ECRS,2.53,N
12/29/2025,20:00,REGDN,0.5,N
12/29/2025,20:00,REGUP,1,N
12/29/2025,20:00,RRS,2.5,N
12/29/2025,20:00,NSPIN,5.6,N
12/29/2025,21:00,ECRS,2.83,N
12/29/2025,21:00,REGDN,0.5,N
12/29/2025,21:00,REGUP,2.72,N
12/29/2025,21:00,RRS,2.74,N
12/29/2025,21:00,NSPIN,5.54,N
12/29/2025,22:00,ECRS,2,N
12/29/2025,22:00,NSPIN,5,N
12/29/2025,22:00,RRS,1.81,N
12/29/2025,22:00,REGUP,2.86,N
12/29/2025,22:00,REGDN,0.5,N
12/29/2025,23:00,ECRS,2.06,N
12/29/2025,23:00,NSPIN,6,N
12/29/2025,23:00,RRS,1.97,N
12/29/2025,23:00,REGUP,1.97,N
12/29/2025,23:00,REGDN,1,N
12/29/2025,24:00,REGDN,2.22,N
12/29/2025,24:00,ECRS,2.34,N
12/29/2025,24:00,NSPIN,4.45,N
12/29/2025,24:00,RRS,2.25,N
12/29/2025,24:00,REGUP,2.84,N
12/30/2025,01:00,ECRS,0.51,N
12/30/2025,01:00,REGUP,0.42,N
12/30/2025,01:00,REGDN,0.5,N
12/30/2025,01:00,RRS,0.42,N
12/30/2025,01:00,NSPIN,3.17,N
12/30/2025,02:00,ECRS,0.42,N
12/30/2025,02:00,REGDN,0.22,N
12/30/2025,02:00,REGUP,0.82,N
12/30/2025,02:00,RRS,0.33,N
12/30/2025,02:00,NSPIN,3.12,N
12/30/2025,03:00,ECRS,0.43,N
12/30/2025,03:00,NSPIN,3.07,N
12/30/2025,03:00,RRS,0.34,N
12/30/2025,03:00,REGUP,0.8,N
12/30/2025,03:00,REGDN,0.5,N
12/30/2025,04:00,ECRS,0.43,N
12/30/2025,04:00,NSPIN,3.07,N
12/30/2025,04:00,RRS,0.34,N
12/30/2025,04:00,REGUP,0.55,N
12/30/2025,04:00,REGDN,1,N
12/30/2025,05:00,NSPIN,3.12,N
12/30/2025,05:00,ECRS,0.5,N
12/30/2025,05:00,RRS,0.49,N
12/30/2025,05:00,REGDN,1,N
12/30/2025,05:00,REGUP,0.57,N
12/30/2025,06:00,ECRS,0.54,N
12/30/2025,06:00,REGDN,0.5,N
12/30/2025,06:00,REGUP,0.67,N
12/30/2025,06:00,RRS,0.5,N
12/30/2025,06:00,NSPIN,4.3,N
12/30/2025,07:00,ECRS,0.94,N
12/30/2025,07:00,REGDN,0.02,N
12/30/2025,07:00,REGUP,0.93,N
12/30/2025,07:00,RRS,0.94,N
12/30/2025,07:00,NSPIN,6.2,N
12/30/2025,08:00,ECRS,9.99,N
12/30/2025,08:00,NSPIN,10.22,N
12/30/2025,08:00,RRS,9.97,N
12/30/2025,08:00,REGUP,9.94,N
12/30/2025,08:00,REGDN,0.01,N
12/30/2025,09:00,ECRS,4.45,N
12/30/2025,09:00,RRS,4.5,N
12/30/2025,09:00,NSPIN,6,N
12/30/2025,09:00,REGUP,4.5,N
12/30/2025,09:00,REGDN,5.34,N
12/30/2025,10:00,ECRS,1.93,N
12/30/2025,10:00,NSPIN,2.97,N
12/30/2025,10:00,RRS,1.88,N
12/30/2025,10:00,REGUP,2.58,N
12/30/2025,10:00,REGDN,1.24,N
12/30/2025,11:00,ECRS,0.77,N
12/30/2025,11:00,REGDN,0.76,N
12/30/2025,11:00,REGUP,1.28,N
12/30/2025,11:00,RRS,0.75,N
12/30/2025,11:00,NSPIN,2,N
12/30/2025,12:00,ECRS,0.39,N
12/30/2025,12:00,NSPIN,2,N
12/30/2025,12:00,RRS,0.39,N
12/30/2025,12:00,REGUP,0.98,N
12/30/2025,12:00,REGDN,0.5,N
12/30/2025,13:00,ECRS,0.33,N
12/30/2025,13:00,NSPIN,1.99,N
12/30/2025,13:00,RRS,0.34,N
12/30/2025,13:00,REGUP,0.92,N
12/30/2025,13:00,REGDN,0.5,N
12/30/2025,14:00,ECRS,0.42,N
12/30/2025,14:00,REGDN,0.5,N
12/30/2025,14:00,REGUP,0.49,N
12/30/2025,14:00,RRS,0.33,N
12/30/2025,14:00,NSPIN,1.36,N
12/30/2025,15:00,ECRS,0.43,N
12/30/2025,15:00,NSPIN,1.05,N
12/30/2025,15:00,RRS,0.33,N
12/30/2025,15:00,REGDN,0.5,N
12/30/2025,15:00,REGUP,0.34,N
12/30/2025,16:00,ECRS,0.52,N
12/30/2025,16:00,NSPIN,1.06,N
12/30/2025,16:00,RRS,0.37,N
12/30/2025,16:00,REGUP,0.44,N
12/30/2025,16:00,REGDN,3.94,N
12/30/2025,17:00,NSPIN,1.2,N
12/30/2025,17:00,ECRS,0.66,N
12/30/2025,17:00,RRS,0.47,N
12/30/2025,17:00,REGDN,4.05,N
12/30/2025,17:00,REGUP,1.16,N
12/30/2025,18:00,ECRS,0.5,N
12/30/2025,18:00,NSPIN,3,N
12/30/2025,18:00,RRS,0.5,N
12/30/2025,18:00,REGUP,0.47,N
12/30/2025,18:00,REGDN,0.81,N
12/30/2025,19:00,ECRS,0.84,N
12/30/2025,19:00,RRS,1,N
12/30/2025,19:00,NSPIN,3,N
12/30/2025,19:00,REGUP,1.68,N
12/30/2025,19:00,REGDN,0.03,N
12/30/2025,20:00,ECRS,0.5,N
12/30/2025,20:00,REGDN,0.04,N
12/30/2025,20:00,REGUP,3.74,N
12/30/2025,20:00,RRS,2.34,N
12/30/2025,20:00,NSPIN,3.23,N
12/30/2025,21:00,ECRS,0.5,N
12/30/2025,21:00,REGDN,1.77,N
12/30/2025,21:00,REGUP,0.88,N
12/30/2025,21:00,RRS,0.88,N
12/30/2025,21:00,NSPIN,3.05,N
12/30/2025,22:00,ECRS,0.5,N
12/30/2025,22:00,NSPIN,3,N
12/30/2025,22:00,RRS,1,N
12/30/2025,22:00,REGUP,1.43,N
12/30/2025,22:00,REGDN,1.55,N
12/30/2025,23:00,ECRS,0.5,N
12/30/2025,23:00,NSPIN,3,N
12/30/2025,23:00,RRS,2,N
12/30/2025,23:00,REGUP,2.63,N
12/30/2025,23:00,REGDN,1.65,N
12/30/2025,24:00,REGDN,1.34,N
12/30/2025,24:00,ECRS,0.5,N
12/30/2025,24:00,NSPIN,3,N
12/30/2025,24:00,RRS,2,N
12/30/2025,24:00,REGUP,2.63,N
12/31/2025,01:00,ECRS,0.78,N
12/31/2025,01:00,REGDN,0.56,N
12/31/2025,01:00,REGUP,0.98,N
12/31/2025,01:00,NSPIN,2.99,N
12/31/2025,01:00,RRS,0.69,N
12/31/2025,02:00,ECRS,0.42,N
12/31/2025,02:00,NSPIN,2.99,N
12/31/2025,02:00,RRS,0.33,N
12/31/2025,02:00,REGUP,0.82,N
12/31/2025,02:00,REGDN,0.5,N
12/31/2025,03:00,NSPIN,2,N
12/31/2025,03:00,ECRS,0.58,N
12/31/2025,03:00,RRS,0.49,N
12/31/2025,03:00,REGDN,0.71,N
12/31/2025,03:00,REGUP,0.91,N
12/31/2025,04:00,ECRS,0.34,N
12/31/2025,04:00,NSPIN,2,N
12/31/2025,04:00,RRS,0.33,N
12/31/2025,04:00,REGUP,0.88,N
12/31/2025,04:00,REGDN,0.86,N
12/31/2025,05:00,ECRS,0.37,N
12/31/2025,05:00,RRS,0.36,N
12/31/2025,05:00,NSPIN,2.67,N
12/31/2025,05:00,REGUP,0.84,N
12/31/2025,05:00,REGDN,1,N
12/31/2025,06:00,ECRS,0.49,N
12/31/2025,06:00,REGDN,0.19,N
12/31/2025,06:00,REGUP,0.87,N
12/31/2025,06:00,RRS,0.49,N
12/31/2025,06:00,NSPIN,2.99,N
12/31/2025,07:00,ECRS,0.84,N
12/31/2025,07:00,REGDN,0.02,N
12/31/2025,07:00,REGUP,0.77,N
12/31/2025,07:00,RRS,0.84,N
12/31/2025,07:00,NSPIN,4,N
12/31/2025,08:00,ECRS,4.38,N
12/31/2025,08:00,NSPIN,4.43,N
12/31/2025,08:00,RRS,4.38,N
12/31/2025,08:00,REGUP,5.23,N
12/31/2025,08:00,REGDN,0.01,N
12/31/2025,09:00,ECRS,3,N
12/31/2025,09:00,REGDN,1.5,N
12/31/2025,09:00,REGUP,2.95,N
12/31/2025,09:00,RRS,2.95,N
12/31/2025,09:00,NSPIN,3,N
12/31/2025,10:00,ECRS,2,N
12/31/2025,10:00,NSPIN,2.23,N
12/31/2025,10:00,RRS,2,N
12/31/2025,10:00,REGDN,1,N
12/31/2025,10:00,REGUP,2.38,N
12/31/2025,11:00,NSPIN,2,N
12/31/2025,11:00,ECRS,0.99,N
12/31/2025,11:00,RRS,0.99,N
12/31/2025,11:00,REGDN,0.53,N
12/31/2025,11:00,REGUP,1.29,N
12/31/2025,12:00,ECRS,0.5,N
12/31/2025,12:00,RRS,0.5,N
12/31/2025,12:00,NSPIN,2,N
12/31/2025,12:00,REGUP,0.9,N
12/31/2025,12:00,REGDN,0.5,N
12/31/2025,13:00,ECRS,0.45,N
12/31/2025,13:00,NSPIN,1.91,N
12/31/2025,13:00,RRS,0.45,N
12/31/2025,13:00,REGUP,0.78,N
12/31/2025,13:00,REGDN,0.5,N
12/31/2025,14:00,ECRS,0.46,N
12/31/2025,14:00,NSPIN,1.32,N
12/31/2025,14:00,RRS,0.37,N
12/31/2025,14:00,REGUP,0.39,N
12/31/2025,14:00,REGDN,0.49,N
12/31/2025,15:00,ECRS,0.44,N
12/31/2025,15:00,NSPIN,1.15,N
12/31/2025,15:00,RRS,0.3,N
12/31/2025,15:00,REGUP,0.25,N
12/31/2025,15:00,REGDN,3.27,N
12/31/2025,16:00,NSPIN,1.04,N
12/31/2025,16:00,ECRS,0.49,N
12/31/2025,16:00,RRS,0.36,N
12/31/2025,16:00,REGDN,1,N
12/31/2025,16:00,REGUP,0.36,N
12/31/2025,17:00,ECRS,0.5,N
12/31/2025,17:00,NSPIN,1.2,N
12/31/2025,17:00,RRS,0.42,N
12/31/2025,17:00,REGUP,1,N
12/31/2025,17:00,REGDN,1.29,N
12/31/2025,18:00,ECRS,2.9,N
12/31/2025,18:00,RRS,1.46,N
12/31/2025,18:00,NSPIN,2.85,N
12/31/2025,18:00,REGUP,4.5,N
12/31/2025,18:00,REGDN,0.01,N
12/31/2025,19:00,NSPIN,3,N
12/31/2025,19:00,ECRS,0.5,N
12/31/2025,19:00,RRS,2.95,N
12/31/2025,19:00,REGDN,0.03,N
12/31/2025,19:00,REGUP,3.24,N
12/31/2025,20:00,ECRS,1.98,N
12/31/2025,20:00,NSPIN,3,N
12/31/2025,20:00,RRS,1,N
12/31/2025,20:00,REGDN,1.45,N
12/31/2025,20:00,REGUP,2.01,N
12/31/2025,21:00,ECRS,0.93,N
12/31/2025,21:00,NSPIN,3,N
12/31/2025,21:00,RRS,0.84,N
12/31/2025,21:00,REGUP,1,N
12/31/2025,21:00,REGDN,0.92,N
12/31/2025,22:00,NSPIN,2.65,N
12/31/2025,22:00,ECRS,0.88,N
12/31/2025,22:00,RRS,0.79,N
12/31/2025,22:00,REGDN,1,N
12/31/2025,22:00,REGUP,1.05,N
12/31/2025,23:00,ECRS,0.86,N
12/31/2025,23:00,NSPIN,3,N
12/31/2025,23:00,RRS,0.77,N
12/31/2025,23:00,REGUP,1,N
12/31/2025,23:00,REGDN,0.89,N
12/31/2025,24:00,ECRS,0.99,N
12/31/2025,24:00,NSPIN,2.59,N
12/31/2025,24:00,RRS,0.99,N
12/31/2025,24:00,REGUP,1.34,N
12/31/2025,24:00,REGDN,0.85,N
01/01/2026,01:00,ECRS,0.64,N
01/01/2026,01:00,REGUP,0.87,N
01/01/2026,01:00,REGDN,0.92,N
01/01/2026,01:00,RRS,0.5,N
01/01/2026,01:00,NSPIN,1.97,N
01/01/2026,02:00,ECRS,0.38,N
01/01/2026,02:00,REGDN,1.13,N
01/01/2026,02:00,REGUP,1,N
01/01/2026,02:00,RRS,0.29,N
01/01/2026,02:00,NSPIN,1.69,N
01/01/2026,03:00,ECRS,0.5,N
01/01/2026,03:00,NSPIN,1.5,N
01/01/2026,03:00,RRS,0.41,N
01/01/2026,03:00,REGUP,0.8,N
01/01/2026,03:00,REGDN,1.07,N
01/01/2026,04:00,ECRS,0.52,N
01/01/2026,04:00,NSPIN,1.39,N
01/01/2026,04:00,RRS,0.39,N
01/01/2026,04:00,REGUP,1.04,N
01/01/2026,04:00,REGDN,1,N
01/01/2026,05:00,NSPIN,1.67,N
01/01/2026,05:00,ECRS,0.61,N
01/01/2026,05:00,RRS,0.42,N
01/01/2026,05:00,REGDN,1.2,N
01/01/2026,05:00,REGUP,1.1,N
01/01/2026,06:00,ECRS,0.55,N
01/01/2026,06:00,REGDN,1.25,N
01/01/2026,06:00,REGUP,1.16,N
01/01/2026,06:00,RRS,0.46,N
01/01/2026,06:00,NSPIN,1.78,N
01/01/2026,07:00,ECRS,1,N
01/01/2026,07:00,REGDN,0.02,N
01/01/2026,07:00,REGUP,0.94,N
01/01/2026,07:00,RRS,1,N
01/01/2026,07:00,NSPIN,2.25,N
01/01/2026,08:00,ECRS,3.05,N
01/01/2026,08:00,NSPIN,3,N
01/01/2026,08:00,RRS,2,N
01/01/2026,08:00,REGUP,4.08,N
01/01/2026,08:00,REGDN,0,N
01/01/2026,09:00,ECRS,2.98,N
01/01/2026,09:00,RRS,2.88,N
01/01/2026,09:00,NSPIN,2.93,N
01/01/2026,09:00,REGUP,3.43,N
01/01/2026,09:00,REGDN,5.2,N
01/01/2026,10:00,ECRS,2.07,N
01/01/2026,10:00,NSPIN,1.5,N
01/01/2026,10:00,RRS,1.97,N
01/01/2026,10:00,REGUP,2.79,N
01/01/2026,10:00,REGDN,1.49,N
01/01/2026,11:00,ECRS,0.85,N
01/01/2026,11:00,REGDN,0.99,N
01/01/2026,11:00,REGUP,1.17,N
01/01/2026,11:00,RRS,0.52,N
01/01/2026,11:00,NSPIN,1.2,N
01/01/2026,12:00,ECRS,0.59,N
01/01/2026,12:00,NSPIN,1.28,N
01/01/2026,12:00,RRS,0.5,N
01/01/2026,12:00,REGUP,0.92,N
01/01/2026,12:00,REGDN,0.54,N
01/01/2026,13:00,ECRS,0.65,N
01/01/2026,13:00,NSPIN,1.1,N
01/01/2026,13:00,RRS,0.49,N
01/01/2026,13:00,REGUP,0.9,N
01/01/2026,13:00,REGDN,0.5,N
01/01/2026,14:00,ECRS,0.51,N
01/01/2026,14:00,REGDN,0.5,N
01/01/2026,14:00,REGUP,0.67,N
01/01/2026,14:00,RRS,0.33,N
01/01/2026,14:00,NSPIN,1.05,N
01/01/2026,15:00,ECRS,0.55,N
01/01/2026,15:00,NSPIN,1.09,N
01/01/2026,15:00,RRS,0.36,N
01/01/2026,15:00,REGDN,1,N
01/01/2026,15:00,REGUP,0.64,N
01/01/2026,16:00,ECRS,0.62,N
01/01/2026,16:00,NSPIN,1.41,N
01/01/2026,16:00,RRS,0.43,N
01/01/2026,16:00,REGUP,0.7,N
01/01/2026,16:00,REGDN,1.2,N
01/01/2026,17:00,NSPIN,1.73,N
01/01/2026,17:00,ECRS,0.6,N
01/01/2026,17:00,RRS,0.41,N
01/01/2026,17:00,REGDN,9.51,N
01/01/2026,17:00,REGUP,1.19,N
01/01/2026,18:00,ECRS,1.12,N
01/01/2026,18:00,NSPIN,3.05,N
01/01/2026,18:00,RRS,1.12,N
01/01/2026,18:00,REGUP,2.51,N
01/01/2026,18:00,REGDN,0.01,N
01/01/2026,19:00,ECRS,1.09,N
01/01/2026,19:00,RRS,1,N
01/01/2026,19:00,NSPIN,3.09,N
01/01/2026,19:00,REGUP,1,N
01/01/2026,19:00,REGDN,0.03,N
01/01/2026,20:00,ECRS,1.2,N
01/01/2026,20:00,REGDN,1.18,N
01/01/2026,20:00,REGUP,1.07,N
01/01/2026,20:00,RRS,0.94,N
01/01/2026,20:00,NSPIN,3,N
01/01/2026,21:00,ECRS,1.15,N
01/01/2026,21:00,REGDN,1.1,N
01/01/2026,21:00,REGUP,1.08,N
01/01/2026,21:00,RRS,1,N
01/01/2026,21:00,NSPIN,2,N
01/01/2026,22:00,ECRS,1.15,N
01/01/2026,22:00,NSPIN,1.97,N
01/01/2026,22:00,RRS,1,N
01/01/2026,22:00,REGUP,1.37,N
01/01/2026,22:00,REGDN,1.16,N
01/01/2026,23:00,ECRS,0.88,N
01/01/2026,23:00,NSPIN,1.97,N
01/01/2026,23:00,RRS,0.58,N
01/01/2026,23:00,REGUP,0.58,N
01/01/2026,23:00,REGDN,1.44,N
01/01/2026,24:00,REGDN,1,N
01/01/2026,24:00,ECRS,0.88,N
01/01/2026,24:00,NSPIN,2.2,N
01/01/2026,24:00,RRS,0.55,N
01/01/2026,24:00,REGUP,0.55,N
