DeliveryDate,DeliveryHour,DeliveryInterval,RepeatedHourFlag,ASType,MCPC
12/04/2025,24,4,N,ECRS,9.34
12/04/2025,24,4,N,NSPIN,9.34
12/04/2025,24,4,N,REGDN,9.96
12/04/2025,24,4,N,REGUP,9.33
12/04/2025,24,4,N,RRS,9.37
12/05/2025,1,4,N,ECRS,0.36
12/05/2025,1,4,N,NSPIN,1.44
12/05/2025,1,4,N,REGDN,0.92
12/05/2025,1,4,N,REGUP,0.18
12/05/2025,1,4,N,RRS,0.18
12/05/2025,1,3,N,ECRS,0.4
12/05/2025,1,3,N,NSPIN,1.6
12/05/2025,1,3,N,REGDN,0.99
12/05/2025,1,3,N,REGUP,0.2
12/05/2025,1,3,N,RRS,0.2
12/05/2025,1,2,N,ECRS,0.45
12/05/2025,1,2,N,NSPIN,1.8
12/05/2025,1,2,N,REGDN,0.7
12/05/2025,1,2,N,REGUP,0.22
12/05/2025,1,2,N,RRS,0.23
12/05/2025,1,1,N,ECRS,0.67
12/05/2025,1,1,N,NSPIN,2.09
12/05/2025,1,1,N,REGDN,3.24
12/05/2025,1,1,N,REGUP,0.43
12/05/2025,1,1,N,RRS,0.44
12/05/2025,2,4,N,ECRS,0
12/05/2025,2,4,N,NSPIN,0.55
12/05/2025,2,4,N,REGDN,0.27
12/05/2025,2,4,N,REGUP,0.09
12/05/2025,2,4,N,RRS,0
12/05/2025,2,3,N,ECRS,0.02
12/05/2025,2,3,N,NSPIN,0.69
12/05/2025,2,3,N,REGDN,0.3
12/05/2025,2,3,N,REGUP,0.19
12/05/2025,2,3,N,RRS,0.02
12/05/2025,2,2,N,ECRS,0.17
12/05/2025,2,2,N,NSPIN,1
12/05/2025,2,2,N,REGDN,1.46
12/05/2025,2,2,N,REGUP,1
12/05/2025,2,2,N,RRS,0.11
12/05/2025,2,1,N,ECRS,0.15
12/05/2025,2,1,N,NSPIN,1.01
12/05/2025,2,1,N,REGDN,0.45
12/05/2025,2,1,N,REGUP,0.85
12/05/2025,2,1,N,RRS,0.09
12/05/2025,3,4,N,ECRS,0.01
12/05/2025,3,4,N,NSPIN,0.21
12/05/2025,3,4,N,REGDN,0.41
12/05/2025,3,4,N,REGUP,0.21
12/05/2025,3,4,N,RRS,0.01
12/05/2025,3,3,N,ECRS,0.04
12/05/2025,3,3,N,NSPIN,0.38
12/05/2025,3,3,N,REGDN,0.33
12/05/2025,3,3,N,REGUP,0
12/05/2025,3,3,N,RRS,0.02
12/05/2025,3,2,N,ECRS,0.06
12/05/2025,3,2,N,NSPIN,0.56
12/05/2025,3,2,N,REGDN,0.36
12/05/2025,3,2,N,REGUP,0.01
12/05/2025,3,2,N,RRS,0.03
12/05/2025,3,1,N,ECRS,0.12
12/05/2025,3,1,N,NSPIN,0.91
12/05/2025,3,1,N,REGDN,0.33
12/05/2025,3,1,N,REGUP,0.44
12/05/2025,3,1,N,RRS,0.06
12/05/2025,4,4,N,ECRS,0
12/05/2025,4,4,N,NSPIN,0.23
12/05/2025,4,4,N,REGDN,0
12/05/2025,4,4,N,REGUP,0.3
12/05/2025,4,4,N,RRS,0
12/05/2025,4,3,N,ECRS,0
12/05/2025,4,3,N,NSPIN,0.21
12/05/2025,4,3,N,REGDN,0
12/05/2025,4,3,N,REGUP,0.3
12/05/2025,4,3,N,RRS,0
12/05/2025,4,2,N,ECRS,0
12/05/2025,4,2,N,NSPIN,0.2
12/05/2025,4,2,N,REGDN,0.03
12/05/2025,4,2,N,REGUP,0.21
12/05/2025,4,2,N,RRS,0
12/05/2025,4,1,N,ECRS,0
12/05/2025,4,1,N,NSPIN,0.37
12/05/2025,4,1,N,REGDN,0.04
12/05/2025,4,1,N,REGUP,0.16
12/05/2025,4,1,N,RRS,0
12/05/2025,5,4,N,ECRS,0.01
12/05/2025,5,4,N,NSPIN,0.35
12/05/2025,5,4,N,REGDN,0.89
12/05/2025,5,4,N,REGUP,0.59
12/05/2025,5,4,N,RRS,0.01
12/05/2025,5,3,N,ECRS,0.01
12/05/2025,5,3,N,NSPIN,0.5
12/05/2025,5,3,N,REGDN,0.8
12/05/2025,5,3,N,REGUP,0.56
12/05/2025,5,3,N,RRS,0.01
12/05/2025,5,2,N,ECRS,0.01
12/05/2025,5,2,N,NSPIN,0.57
12/05/2025,5,2,N,REGDN,0.49
12/05/2025,5,2,N,REGUP,0.7
12/05/2025,5,2,N,RRS,0.01
12/05/2025,5,1,N,ECRS,0.01
12/05/2025,5,1,N,NSPIN,0.52
12/05/2025,5,1,N,REGDN,0.15
12/05/2025,5,1,N,REGUP,0.47
12/05/2025,5,1,N,RRS,0.01
12/05/2025,6,4,N,ECRS,0.1
12/05/2025,6,4,N,NSPIN,1.58
12/05/2025,6,4,N,REGDN,1.4
12/05/2025,6,4,N,REGUP,0.65
12/05/2025,6,4,N,RRS,0.1
12/05/2025,6,3,N,ECRS,0.1
12/05/2025,6,3,N,NSPIN,1.44
12/05/2025,6,3,N,REGDN,1.43
12/05/2025,6,3,N,REGUP,1
12/05/2025,6,3,N,RRS,0.08
12/05/2025,6,2,N,ECRS,0.1
12/05/2025,6,2,N,NSPIN,1.36
12/05/2025,6,2,N,REGDN,1.65
12/05/2025,6,2,N,REGUP,0.94
12/05/2025,6,2,N,RRS,0.09
12/05/2025,6,1,N,ECRS,0.1
12/05/2025,6,1,N,NSPIN,1.33
12/05/2025,6,1,N,REGDN,1.46
12/05/2025,6,1,N,REGUP,0.88
12/05/2025,6,1,N,RRS,0.07
12/05/2025,7,4,N,ECRS,0.94
12/05/2025,7,4,N,NSPIN,5.11
12/05/2025,7,4,N,REGDN,0.74
12/05/2025,7,4,N,REGUP,0.79
12/05/2025,7,4,N,RRS,0.63
12/05/2025,7,3,N,ECRS,0.14
12/05/2025,7,3,N,NSPIN,3.48
12/05/2025,7,3,N,REGDN,0.64
12/05/2025,7,3,N,REGUP,0.56
12/05/2025,7,3,N,RRS,0.14
12/05/2025,7,2,N,ECRS,0.37
12/05/2025,7,2,N,NSPIN,2.39
12/05/2025,7,2,N,REGDN,0.78
12/05/2025,7,2,N,REGUP,0.3
12/05/2025,7,2,N,RRS,0.28
12/05/2025,7,1,N,ECRS,0.21
12/05/2025,7,1,N,NSPIN,1.91
12/05/2025,7,1,N,REGDN,1.67
12/05/2025,7,1,N,REGUP,0.27
12/05/2025,7,1,N,RRS,0.15
12/05/2025,8,4,N,ECRS,0.83
12/05/2025,8,4,N,NSPIN,6.46
12/05/2025,8,4,N,REGDN,0.13
12/05/2025,8,4,N,REGUP,0.94
12/05/2025,8,4,N,RRS,0.81
12/05/2025,8,3,N,ECRS,0.84
12/05/2025,8,3,N,NSPIN,6.44
12/05/2025,8,3,N,REGDN,0.44
12/05/2025,8,3,N,REGUP,1.26
12/05/2025,8,3,N,RRS,0.81
12/05/2025,8,2,N,ECRS,1.79
12/05/2025,8,2,N,NSPIN,7.22
12/05/2025,8,2,N,REGDN,0.45
12/05/2025,8,2,N,REGUP,1.63
12/05/2025,8,2,N,RRS,0.9
12/05/2025,8,1,N,ECRS,0.82
12/05/2025,8,1,N,NSPIN,5.89
12/05/2025,8,1,N,REGDN,1.06
12/05/2025,8,1,N,REGUP,1.22
12/05/2025,8,1,N,RRS,0.73
12/05/2025,9,4,N,ECRS,0.25
12/05/2025,9,4,N,NSPIN,1
12/05/2025,9,4,N,REGDN,0.26
12/05/2025,9,4,N,REGUP,0.25
12/05/2025,9,4,N,RRS,0.13
12/05/2025,9,3,N,ECRS,0.34
12/05/2025,9,3,N,NSPIN,1.34
12/05/2025,9,3,N,REGDN,0.69
12/05/2025,9,3,N,REGUP,0.47
12/05/2025,9,3,N,RRS,0.17
12/05/2025,9,2,N,ECRS,0.58
12/05/2025,9,2,N,NSPIN,2.31
12/05/2025,9,2,N,REGDN,0.99
12/05/2025,9,2,N,REGUP,0.49
12/05/2025,9,2,N,RRS,0.29
12/05/2025,9,1,N,ECRS,0.91
12/05/2025,9,1,N,NSPIN,4.2
12/05/2025,9,1,N,REGDN,0.7
12/05/2025,9,1,N,REGUP,0.81
12/05/2025,9,1,N,RRS,0.52
12/05/2025,10,4,N,ECRS,0.05
12/05/2025,10,4,N,NSPIN,0.2
12/05/2025,10,4,N,REGDN,0.45
12/05/2025,10,4,N,REGUP,0.02
12/05/2025,10,4,N,RRS,0.02
12/05/2025,10,3,N,ECRS,0.05
12/05/2025,10,3,N,NSPIN,0.19
12/05/2025,10,3,N,REGDN,0.53
12/05/2025,10,3,N,REGUP,0.02
12/05/2025,10,3,N,RRS,0.03
12/05/2025,10,2,N,ECRS,0.05
12/05/2025,10,2,N,NSPIN,0.2
12/05/2025,10,2,N,REGDN,0.83
12/05/2025,10,2,N,REGUP,0.03
12/05/2025,10,2,N,RRS,0.03
12/05/2025,10,1,N,ECRS,0.05
12/05/2025,10,1,N,NSPIN,0.22
12/05/2025,10,1,N,REGDN,0.22
12/05/2025,10,1,N,REGUP,0.16
12/05/2025,10,1,N,RRS,0.03
12/05/2025,11,4,N,ECRS,0.03
12/05/2025,11,4,N,NSPIN,0.13
12/05/2025,11,4,N,REGDN,1.4
12/05/2025,11,4,N,REGUP,0.02
12/05/2025,11,4,N,RRS,0.01
12/05/2025,11,3,N,ECRS,0.05
12/05/2025,11,3,N,NSPIN,0.19
12/05/2025,11,3,N,REGDN,0.75
12/05/2025,11,3,N,REGUP,0.02
12/05/2025,11,3,N,RRS,0.01
12/05/2025,11,2,N,ECRS,0.05
12/05/2025,11,2,N,NSPIN,0.2
12/05/2025,11,2,N,REGDN,0.3
12/05/2025,11,2,N,REGUP,0.03
12/05/2025,11,2,N,RRS,0.01
12/05/2025,11,1,N,ECRS,0.04
12/05/2025,11,1,N,NSPIN,0.18
12/05/2025,11,1,N,REGDN,0.52
12/05/2025,11,1,N,REGUP,0.02
12/05/2025,11,1,N,RRS,0.01
12/05/2025,12,4,N,ECRS,0.01
12/05/2025,12,4,N,NSPIN,0.1
12/05/2025,12,4,N,REGDN,0.87
12/05/2025,12,4,N,REGUP,0.1
12/05/2025,12,4,N,RRS,0.01
12/05/2025,12,3,N,ECRS,0.01
12/05/2025,12,3,N,NSPIN,0.1
12/05/2025,12,3,N,REGDN,0.49
12/05/2025,12,3,N,REGUP,0.19
12/05/2025,12,3,N,RRS,0.01
12/05/2025,12,2,N,ECRS,0.01
12/05/2025,12,2,N,NSPIN,0.11
12/05/2025,12,2,N,REGDN,0.07
12/05/2025,12,2,N,REGUP,0.1
12/05/2025,12,2,N,RRS,0.01
12/05/2025,12,1,N,ECRS,0.01
12/05/2025,12,1,N,NSPIN,0.11
12/05/2025,12,1,N,REGDN,0.22
12/05/2025,12,1,N,REGUP,0.16
12/05/2025,12,1,N,RRS,0.01
12/05/2025,13,4,N,ECRS,0
12/05/2025,13,4,N,NSPIN,0.16
12/05/2025,13,4,N,REGDN,0.32
12/05/2025,13,4,N,REGUP,0.31
12/05/2025,13,4,N,RRS,0
12/05/2025,13,3,N,ECRS,0
12/05/2025,13,3,N,NSPIN,0.16
12/05/2025,13,3,N,REGDN,0.06
12/05/2025,13,3,N,REGUP,0.35
12/05/2025,13,3,N,RRS,0
12/05/2025,13,2,N,ECRS,0
12/05/2025,13,2,N,NSPIN,0.1
12/05/2025,13,2,N,REGDN,0.19
12/05/2025,13,2,N,REGUP,0.02
12/05/2025,13,2,N,RRS,0
12/05/2025,13,1,N,ECRS,0.01
12/05/2025,13,1,N,NSPIN,0.13
12/05/2025,13,1,N,REGDN,0.65
12/05/2025,13,1,N,REGUP,0.15
12/05/2025,13,1,N,RRS,0.01
12/05/2025,14,4,N,ECRS,0.01
12/05/2025,14,4,N,NSPIN,0.1
12/05/2025,14,4,N,REGDN,0.18
12/05/2025,14,4,N,REGUP,0.31
12/05/2025,14,4,N,RRS,0.01
12/05/2025,14,3,N,ECRS,0.01
12/05/2025,14,3,N,NSPIN,0.1
12/05/2025,14,3,N,REGDN,0.45
12/05/2025,14,3,N,REGUP,0.22
12/05/2025,14,3,N,RRS,0.01
12/05/2025,14,2,N,ECRS,0.01
12/05/2025,14,2,N,NSPIN,0.1
12/05/2025,14,2,N,REGDN,0.06
12/05/2025,14,2,N,REGUP,0.25
12/05/2025,14,2,N,RRS,0.01
12/05/2025,14,1,N,ECRS,0.01
12/05/2025,14,1,N,NSPIN,0.1
12/05/2025,14,1,N,REGDN,0.15
12/05/2025,14,1,N,REGUP,0.29
12/05/2025,14,1,N,RRS,0.01
12/05/2025,15,4,N,ECRS,0.03
12/05/2025,15,4,N,NSPIN,0.1
12/05/2025,15,4,N,REGDN,0.05
12/05/2025,15,4,N,REGUP,0.57
12/05/2025,15,4,N,RRS,0.01
12/05/2025,15,3,N,ECRS,0.03
12/05/2025,15,3,N,NSPIN,0.1
12/05/2025,15,3,N,REGDN,0.04
12/05/2025,15,3,N,REGUP,0.64
12/05/2025,15,3,N,RRS,0.01
12/05/2025,15,2,N,ECRS,0.03
12/05/2025,15,2,N,NSPIN,0.1
12/05/2025,15,2,N,REGDN,0.04
12/05/2025,15,2,N,REGUP,0.38
12/05/2025,15,2,N,RRS,0.01
12/05/2025,15,1,N,ECRS,0.03
12/05/2025,15,1,N,NSPIN,0.1
12/05/2025,15,1,N,REGDN,0.02
12/05/2025,15,1,N,REGUP,0.27
12/05/2025,15,1,N,RRS,0.01
12/05/2025,16,4,N,ECRS,0.03
12/05/2025,16,4,N,NSPIN,0.1
12/05/2025,16,4,N,REGDN,0.85
12/05/2025,16,4,N,REGUP,0.76
12/05/2025,16,4,N,RRS,0.01
12/05/2025,16,3,N,ECRS,0.03
12/05/2025,16,3,N,NSPIN,0.1
12/05/2025,16,3,N,REGDN,1.52
12/05/2025,16,3,N,REGUP,1
12/05/2025,16,3,N,RRS,0.01
12/05/2025,16,2,N,ECRS,0.03
12/05/2025,16,2,N,NSPIN,0.1
12/05/2025,16,2,N,REGDN,2.22
12/05/2025,16,2,N,REGUP,0.98
12/05/2025,16,2,N,RRS,0.01
12/05/2025,16,1,N,ECRS,0.03
12/05/2025,16,1,N,NSPIN,0.1
12/05/2025,16,1,N,REGDN,0.69
12/05/2025,16,1,N,REGUP,0.42
12/05/2025,16,1,N,RRS,0.01
12/05/2025,17,4,N,ECRS,0.28
12/05/2025,17,4,N,NSPIN,1.11
12/05/2025,17,4,N,REGDN,1.7
12/05/2025,17,4,N,REGUP,0.71
12/05/2025,17,4,N,RRS,0.14
12/05/2025,17,3,N,ECRS,0.24
12/05/2025,17,3,N,NSPIN,0.95
12/05/2025,17,3,N,REGDN,1.58
12/05/2025,17,3,N,REGUP,1.55
12/05/2025,17,3,N,RRS,0.12
12/05/2025,17,2,N,ECRS,0.15
12/05/2025,17,2,N,NSPIN,0.58
12/05/2025,17,2,N,REGDN,4.39
12/05/2025,17,2,N,REGUP,1.52
12/05/2025,17,2,N,RRS,0.07
12/05/2025,17,1,N,ECRS,0.1
12/05/2025,17,1,N,NSPIN,0.38
12/05/2025,17,1,N,REGDN,1.93
12/05/2025,17,1,N,REGUP,0.18
12/05/2025,17,1,N,RRS,0.05
12/05/2025,18,4,N,ECRS,1.53
12/05/2025,18,4,N,NSPIN,6.13
12/05/2025,18,4,N,REGDN,3.01
12/05/2025,18,4,N,REGUP,0.83
12/05/2025,18,4,N,RRS,0.76
12/05/2025,18,3,N,ECRS,1.42
12/05/2025,18,3,N,NSPIN,5.67
12/05/2025,18,3,N,REGDN,2.14
12/05/2025,18,3,N,REGUP,1.17
12/05/2025,18,3,N,RRS,0.71
12/05/2025,18,2,N,ECRS,0.84
12/05/2025,18,2,N,NSPIN,3.37
12/05/2025,18,2,N,REGDN,2.29
12/05/2025,18,2,N,REGUP,1.25
12/05/2025,18,2,N,RRS,0.42
12/05/2025,18,1,N,ECRS,0.53
12/05/2025,18,1,N,NSPIN,2.12
12/05/2025,18,1,N,REGDN,1.07
12/05/2025,18,1,N,REGUP,0.48
12/05/2025,18,1,N,RRS,0.27
12/05/2025,19,4,N,ECRS,1.75
12/05/2025,19,4,N,NSPIN,6.98
12/05/2025,19,4,N,REGDN,1.5
12/05/2025,19,4,N,REGUP,1.01
12/05/2025,19,4,N,RRS,0.87
12/05/2025,19,3,N,ECRS,1.47
12/05/2025,19,3,N,NSPIN,5.88
12/05/2025,19,3,N,REGDN,1.82
12/05/2025,19,3,N,REGUP,0.74
12/05/2025,19,3,N,RRS,0.74
12/05/2025,19,2,N,ECRS,1.38
12/05/2025,19,2,N,NSPIN,5.5
12/05/2025,19,2,N,REGDN,2.28
12/05/2025,19,2,N,REGUP,0.69
12/05/2025,19,2,N,RRS,0.69
12/05/2025,19,1,N,ECRS,1.45
12/05/2025,19,1,N,NSPIN,5.79
12/05/2025,19,1,N,REGDN,1.05
12/05/2025,19,1,N,REGUP,0.81
12/05/2025,19,1,N,RRS,0.59
12/05/2025,20,4,N,ECRS,0.99
12/05/2025,20,4,N,NSPIN,5
12/05/2025,20,4,N,REGDN,1.07
12/05/2025,20,4,N,REGUP,0.62
12/05/2025,20,4,N,RRS,0.49
12/05/2025,20,3,N,ECRS,1.01
12/05/2025,20,3,N,NSPIN,5.22
12/05/2025,20,3,N,REGDN,0.44
12/05/2025,20,3,N,REGUP,0.65
12/05/2025,20,3,N,RRS,0.51
12/05/2025,20,2,N,ECRS,1.34
12/05/2025,20,2,N,NSPIN,5.54
12/05/2025,20,2,N,REGDN,0.7
12/05/2025,20,2,N,REGUP,0.72
12/05/2025,20,2,N,RRS,0.67
12/05/2025,20,1,N,ECRS,1.9
12/05/2025,20,1,N,NSPIN,7.61
12/05/2025,20,1,N,REGDN,0.32
12/05/2025,20,1,N,REGUP,0.98
12/05/2025,20,1,N,RRS,0.95
12/05/2025,21,4,N,ECRS,1
12/05/2025,21,4,N,NSPIN,5
12/05/2025,21,4,N,REGDN,1.05
12/05/2025,21,4,N,REGUP,0.62
12/05/2025,21,4,N,RRS,0.58
12/05/2025,21,3,N,ECRS,1
12/05/2025,21,3,N,NSPIN,5
12/05/2025,21,3,N,REGDN,1.13
12/05/2025,21,3,N,REGUP,0.63
12/05/2025,21,3,N,RRS,0.61
12/05/2025,21,2,N,ECRS,1
12/05/2025,21,2,N,NSPIN,4.97
12/05/2025,21,2,N,REGDN,0.92
12/05/2025,21,2,N,REGUP,0.62
12/05/2025,21,2,N,RRS,0.61
12/05/2025,21,1,N,ECRS,1.04
12/05/2025,21,1,N,NSPIN,5.16
12/05/2025,21,1,N,REGDN,0.89
12/05/2025,21,1,N,REGUP,0.65
12/05/2025,21,1,N,RRS,0.55
12/05/2025,22,4,N,ECRS,0.37
12/05/2025,22,4,N,NSPIN,1.48
12/05/2025,22,4,N,REGDN,0.22
12/05/2025,22,4,N,REGUP,0.42
12/05/2025,22,4,N,RRS,0.19
12/05/2025,22,3,N,ECRS,0.37
12/05/2025,22,3,N,NSPIN,1.49
12/05/2025,22,3,N,REGDN,0.27
12/05/2025,22,3,N,REGUP,0.19
12/05/2025,22,3,N,RRS,0.19
12/05/2025,22,2,N,ECRS,0.39
12/05/2025,22,2,N,NSPIN,1.54
12/05/2025,22,2,N,REGDN,0.27
12/05/2025,22,2,N,REGUP,0.19
12/05/2025,22,2,N,RRS,0.19
12/05/2025,22,1,N,ECRS,0.45
12/05/2025,22,1,N,NSPIN,1.82
12/05/2025,22,1,N,REGDN,0.28
12/05/2025,22,1,N,REGUP,0.25
12/05/2025,22,1,N,RRS,0.23
12/05/2025,23,4,N,ECRS,0.34
12/05/2025,23,4,N,NSPIN,1.36
12/05/2025,23,4,N,REGDN,0.35
12/05/2025,23,4,N,REGUP,0.6
12/05/2025,23,4,N,RRS,0.17
12/05/2025,23,3,N,ECRS,0.34
12/05/2025,23,3,N,NSPIN,1.36
12/05/2025,23,3,N,REGDN,0.19
12/05/2025,23,3,N,REGUP,0.59
12/05/2025,23,3,N,RRS,0.17
12/05/2025,23,2,N,ECRS,0.34
12/05/2025,23,2,N,NSPIN,1.36
12/05/2025,23,2,N,REGDN,0.29
12/05/2025,23,2,N,REGUP,0.48
12/05/2025,23,2,N,RRS,0.17
12/05/2025,23,1,N,ECRS,0.39
12/05/2025,23,1,N,NSPIN,1.56
12/05/2025,23,1,N,REGDN,0.32
12/05/2025,23,1,N,REGUP,0.53
12/05/2025,23,1,N,RRS,0.19
12/05/2025,24,4,N,ECRS,0.36
12/05/2025,24,4,N,NSPIN,1.43
12/05/2025,24,4,N,REGDN,0.19
12/05/2025,24,4,N,REGUP,0.88
12/05/2025,24,4,N,RRS,0.18
12/05/2025,24,3,N,ECRS,0.35
12/05/2025,24,3,N,NSPIN,1.38
12/05/2025,24,3,N,REGDN,0.22
12/05/2025,24,3,N,REGUP,0.91
12/05/2025,24,3,N,RRS,0.17
12/05/2025,24,2,N,ECRS,0.34
12/05/2025,24,2,N,NSPIN,1.36
12/05/2025,24,2,N,REGDN,0.31
12/05/2025,24,2,N,REGUP,0.83
12/05/2025,24,2,N,RRS,0.17
12/05/2025,24,1,N,ECRS,0.35
12/05/2025,24,1,N,NSPIN,1.42
12/05/2025,24,1,N,REGDN,0.91
12/05/2025,24,1,N,REGUP,0.45
12/05/2025,24,1,N,RRS,0.18
12/06/2025,1,4,N,ECRS,0.76
12/06/2025,1,4,N,NSPIN,3.02
12/06/2025,1,4,N,REGDN,0.37
12/06/2025,1,4,N,REGUP,1.3
12/06/2025,1,4,N,RRS,0.38
12/06/2025,1,3,N,ECRS,0.76
12/06/2025,1,3,N,NSPIN,3.04
12/06/2025,1,3,N,REGDN,0.38
12/06/2025,1,3,N,REGUP,1.39
12/06/2025,1,3,N,RRS,0.38
12/06/2025,1,2,N,ECRS,0.77
12/06/2025,1,2,N,NSPIN,3.07
12/06/2025,1,2,N,REGDN,0.34
12/06/2025,1,2,N,REGUP,1.02
12/06/2025,1,2,N,RRS,0.38
12/06/2025,1,1,N,ECRS,0.76
12/06/2025,1,1,N,NSPIN,3.04
12/06/2025,1,1,N,REGDN,0.39
12/06/2025,1,1,N,REGUP,1.39
12/06/2025,1,1,N,RRS,0.38
12/06/2025,2,4,N,ECRS,0.67
12/06/2025,2,4,N,NSPIN,2.68
12/06/2025,2,4,N,REGDN,0.2
12/06/2025,2,4,N,REGUP,0.33
12/06/2025,2,4,N,RRS,0.34
12/06/2025,2,3,N,ECRS,0.67
12/06/2025,2,3,N,NSPIN,2.68
12/06/2025,2,3,N,REGDN,0.2
12/06/2025,2,3,N,REGUP,0.88
12/06/2025,2,3,N,RRS,0.34
12/06/2025,2,2,N,ECRS,0.67
12/06/2025,2,2,N,NSPIN,2.68
12/06/2025,2,2,N,REGDN,0.2
12/06/2025,2,2,N,REGUP,1.09
12/06/2025,2,2,N,RRS,0.34
12/06/2025,2,1,N,ECRS,0.67
12/06/2025,2,1,N,NSPIN,2.69
12/06/2025,2,1,N,REGDN,0.14
12/06/2025,2,1,N,REGUP,1.42
12/06/2025,2,1,N,RRS,0.34
12/06/2025,3,4,N,ECRS,0.59
12/06/2025,3,4,N,NSPIN,2.37
12/06/2025,3,4,N,REGDN,0.62
12/06/2025,3,4,N,REGUP,0.96
12/06/2025,3,4,N,RRS,0.3
12/06/2025,3,3,N,ECRS,0.6
12/06/2025,3,3,N,NSPIN,2.37
12/06/2025,3,3,N,REGDN,0.33
12/06/2025,3,3,N,REGUP,1.64
12/06/2025,3,3,N,RRS,0.31
12/06/2025,3,2,N,ECRS,0.58
12/06/2025,3,2,N,NSPIN,2.31
12/06/2025,3,2,N,REGDN,0.34
12/06/2025,3,2,N,REGUP,0.67
12/06/2025,3,2,N,RRS,0.3
12/06/2025,3,1,N,ECRS,0.55
12/06/2025,3,1,N,NSPIN,2.21
12/06/2025,3,1,N,REGDN,0.29
12/06/2025,3,1,N,REGUP,0.88
12/06/2025,3,1,N,RRS,0.28
12/06/2025,4,4,N,ECRS,0.7
12/06/2025,4,4,N,NSPIN,2.78
12/06/2025,4,4,N,REGDN,0.33
12/06/2025,4,4,N,REGUP,0.93
12/06/2025,4,4,N,RRS,0.35
12/06/2025,4,3,N,ECRS,0.72
12/06/2025,4,3,N,NSPIN,2.88
12/06/2025,4,3,N,REGDN,0.31
12/06/2025,4,3,N,REGUP,0.61
12/06/2025,4,3,N,RRS,0.36
12/06/2025,4,2,N,ECRS,0.77
12/06/2025,4,2,N,NSPIN,3.17
12/06/2025,4,2,N,REGDN,0.23
12/06/2025,4,2,N,REGUP,0.49
12/06/2025,4,2,N,RRS,0.4
12/06/2025,4,1,N,ECRS,0.84
12/06/2025,4,1,N,NSPIN,3.42
12/06/2025,4,1,N,REGDN,0.17
12/06/2025,4,1,N,REGUP,0.51
12/06/2025,4,1,N,RRS,0.43
12/06/2025,5,4,N,ECRS,0.75
12/06/2025,5,4,N,NSPIN,3.01
12/06/2025,5,4,N,REGDN,0.19
12/06/2025,5,4,N,REGUP,0.9
12/06/2025,5,4,N,RRS,0.38
12/06/2025,5,3,N,ECRS,0.76
12/06/2025,5,3,N,NSPIN,3.05
12/06/2025,5,3,N,REGDN,0.26
12/06/2025,5,3,N,REGUP,0.92
12/06/2025,5,3,N,RRS,0.38
12/06/2025,5,2,N,ECRS,0.75
12/06/2025,5,2,N,NSPIN,2.99
12/06/2025,5,2,N,REGDN,0.14
12/06/2025,5,2,N,REGUP,0.91
12/06/2025,5,2,N,RRS,0.37
12/06/2025,5,1,N,ECRS,0.78
12/06/2025,5,1,N,NSPIN,3.21
12/06/2025,5,1,N,REGDN,0.23
12/06/2025,5,1,N,REGUP,0.85
12/06/2025,5,1,N,RRS,0.4
12/06/2025,6,4,N,ECRS,1.04
12/06/2025,6,4,N,NSPIN,4.17
12/06/2025,6,4,N,REGDN,0.05
12/06/2025,6,4,N,REGUP,1.4
12/06/2025,6,4,N,RRS,0.52
12/06/2025,6,3,N,ECRS,0.98
12/06/2025,6,3,N,NSPIN,3.93
12/06/2025,6,3,N,REGDN,0
12/06/2025,6,3,N,REGUP,1.02
12/06/2025,6,3,N,RRS,0.49
12/06/2025,6,2,N,ECRS,0.96
12/06/2025,6,2,N,NSPIN,3.87
12/06/2025,6,2,N,REGDN,0
12/06/2025,6,2,N,REGUP,1.07
12/06/2025,6,2,N,RRS,0.48
12/06/2025,6,1,N,ECRS,0.85
12/06/2025,6,1,N,NSPIN,4.18
12/06/2025,6,1,N,REGDN,0.05
12/06/2025,6,1,N,REGUP,1.42
12/06/2025,6,1,N,RRS,0.52
12/06/2025,7,4,N,ECRS,2.23
12/06/2025,7,4,N,NSPIN,8.9
12/06/2025,7,4,N,REGDN,1.09
12/06/2025,7,4,N,REGUP,1.28
12/06/2025,7,4,N,RRS,1.11
12/06/2025,7,3,N,ECRS,2.08
12/06/2025,7,3,N,NSPIN,8.33
12/06/2025,7,3,N,REGDN,0.84
12/06/2025,7,3,N,REGUP,1.04
12/06/2025,7,3,N,RRS,1.04
12/06/2025,7,2,N,ECRS,2.05
12/06/2025,7,2,N,NSPIN,8.18
12/06/2025,7,2,N,REGDN,0.58
12/06/2025,7,2,N,REGUP,1.08
12/06/2025,7,2,N,RRS,1.02
12/06/2025,7,1,N,ECRS,2.08
12/06/2025,7,1,N,NSPIN,8.31
12/06/2025,7,1,N,REGDN,0.39
12/06/2025,7,1,N,REGUP,2.6
12/06/2025,7,1,N,RRS,1.04
12/06/2025,8,4,N,ECRS,2.94
12/06/2025,8,4,N,NSPIN,8.45
12/06/2025,8,4,N,REGDN,0
12/06/2025,8,4,N,REGUP,2.47
12/06/2025,8,4,N,RRS,1.47
12/06/2025,8,3,N,ECRS,4.48
12/06/2025,8,3,N,NSPIN,9.57
12/06/2025,8,3,N,REGDN,0.45
12/06/2025,8,3,N,REGUP,6.61
12/06/2025,8,3,N,RRS,2.24
12/06/2025,8,2,N,ECRS,2.88
12/06/2025,8,2,N,NSPIN,9.34
12/06/2025,8,2,N,REGDN,0.41
12/06/2025,8,2,N,REGUP,3.78
12/06/2025,8,2,N,RRS,1.44
12/06/2025,8,1,N,ECRS,2.37
12/06/2025,8,1,N,NSPIN,9.43
12/06/2025,8,1,N,REGDN,0.76
12/06/2025,8,1,N,REGUP,1.51
12/06/2025,8,1,N,RRS,1.19
12/06/2025,9,4,N,ECRS,1.14
12/06/2025,9,4,N,NSPIN,2.28
12/06/2025,9,4,N,REGDN,1.89
12/06/2025,9,4,N,REGUP,0.56
12/06/2025,9,4,N,RRS,0.57
12/06/2025,9,3,N,ECRS,2.71
12/06/2025,9,3,N,NSPIN,3.22
12/06/2025,9,3,N,REGDN,1.35
12/06/2025,9,3,N,REGUP,1.7
12/06/2025,9,3,N,RRS,1.38
12/06/2025,9,2,N,ECRS,4.04
12/06/2025,9,2,N,NSPIN,4.04
12/06/2025,9,2,N,REGDN,1.55
12/06/2025,9,2,N,REGUP,3.2
12/06/2025,9,2,N,RRS,2.4
12/06/2025,9,1,N,ECRS,4.86
12/06/2025,9,1,N,NSPIN,5.84
12/06/2025,9,1,N,REGDN,1.12
12/06/2025,9,1,N,REGUP,2.99
12/06/2025,9,1,N,RRS,2.56
12/06/2025,10,4,N,ECRS,0.78
12/06/2025,10,4,N,NSPIN,2
12/06/2025,10,4,N,REGDN,1.04
12/06/2025,10,4,N,REGUP,0.44
12/06/2025,10,4,N,RRS,0.39
12/06/2025,10,3,N,ECRS,0.83
12/06/2025,10,3,N,NSPIN,2
12/06/2025,10,3,N,REGDN,1.5
12/06/2025,10,3,N,REGUP,0.47
12/06/2025,10,3,N,RRS,0.42
12/06/2025,10,2,N,ECRS,0.92
12/06/2025,10,2,N,NSPIN,2
12/06/2025,10,2,N,REGDN,0.89
12/06/2025,10,2,N,REGUP,0.71
12/06/2025,10,2,N,RRS,0.47
12/06/2025,10,1,N,ECRS,0.93
12/06/2025,10,1,N,NSPIN,2
12/06/2025,10,1,N,REGDN,1.81
12/06/2025,10,1,N,REGUP,0.71
12/06/2025,10,1,N,RRS,0.47
12/06/2025,11,4,N,ECRS,0.76
12/06/2025,11,4,N,NSPIN,3
12/06/2025,11,4,N,REGDN,0.37
12/06/2025,11,4,N,REGUP,0.45
12/06/2025,11,4,N,RRS,0.38
12/06/2025,11,3,N,ECRS,0.82
12/06/2025,11,3,N,NSPIN,3.25
12/06/2025,11,3,N,REGDN,0.82
12/06/2025,11,3,N,REGUP,0.49
12/06/2025,11,3,N,RRS,0.42
12/06/2025,11,2,N,ECRS,0.79
12/06/2025,11,2,N,NSPIN,3.11
12/06/2025,11,2,N,REGDN,1
12/06/2025,11,2,N,REGUP,0.49
12/06/2025,11,2,N,RRS,0.4
12/06/2025,11,1,N,ECRS,0.77
12/06/2025,11,1,N,NSPIN,3.02
12/06/2025,11,1,N,REGDN,0.95
12/06/2025,11,1,N,REGUP,0.54
12/06/2025,11,1,N,RRS,0.39
12/06/2025,12,4,N,ECRS,0.59
12/06/2025,12,4,N,NSPIN,2.34
12/06/2025,12,4,N,REGDN,1.22
12/06/2025,12,4,N,REGUP,0.2
12/06/2025,12,4,N,RRS,0.29
12/06/2025,12,3,N,ECRS,0.62
12/06/2025,12,3,N,NSPIN,2.84
12/06/2025,12,3,N,REGDN,0.45
12/06/2025,12,3,N,REGUP,0.2
12/06/2025,12,3,N,RRS,0.36
12/06/2025,12,2,N,ECRS,0.64
12/06/2025,12,2,N,NSPIN,3
12/06/2025,12,2,N,REGDN,0.2
12/06/2025,12,2,N,REGUP,0.2
12/06/2025,12,2,N,RRS,0.38
12/06/2025,12,1,N,ECRS,0.64
12/06/2025,12,1,N,NSPIN,3.18
12/06/2025,12,1,N,REGDN,0.04
12/06/2025,12,1,N,REGUP,0.27
12/06/2025,12,1,N,RRS,0.4
12/06/2025,13,4,N,ECRS,0.27
12/06/2025,13,4,N,NSPIN,1.07
12/06/2025,13,4,N,REGDN,0.35
12/06/2025,13,4,N,REGUP,0.36
12/06/2025,13,4,N,RRS,0.14
12/06/2025,13,3,N,ECRS,0.28
12/06/2025,13,3,N,NSPIN,1.1
12/06/2025,13,3,N,REGDN,1.39
12/06/2025,13,3,N,REGUP,0.27
12/06/2025,13,3,N,RRS,0.14
12/06/2025,13,2,N,ECRS,0.31
12/06/2025,13,2,N,NSPIN,1.23
12/06/2025,13,2,N,REGDN,1.31
12/06/2025,13,2,N,REGUP,0.36
12/06/2025,13,2,N,RRS,0.16
12/06/2025,13,1,N,ECRS,0.42
12/06/2025,13,1,N,NSPIN,1.64
12/06/2025,13,1,N,REGDN,0.55
12/06/2025,13,1,N,REGUP,0.26
12/06/2025,13,1,N,RRS,0.21
12/06/2025,14,4,N,ECRS,0.18
12/06/2025,14,4,N,NSPIN,0.72
12/06/2025,14,4,N,REGDN,0
12/06/2025,14,4,N,REGUP,0.14
12/06/2025,14,4,N,RRS,0.09
12/06/2025,14,3,N,ECRS,0.19
12/06/2025,14,3,N,NSPIN,0.75
12/06/2025,14,3,N,REGDN,0.02
12/06/2025,14,3,N,REGUP,0.16
12/06/2025,14,3,N,RRS,0.1
12/06/2025,14,2,N,ECRS,0.22
12/06/2025,14,2,N,NSPIN,0.86
12/06/2025,14,2,N,REGDN,0.06
12/06/2025,14,2,N,REGUP,0.11
12/06/2025,14,2,N,RRS,0.11
12/06/2025,14,1,N,ECRS,0.25
12/06/2025,14,1,N,NSPIN,0.97
12/06/2025,14,1,N,REGDN,0
12/06/2025,14,1,N,REGUP,0.13
12/06/2025,14,1,N,RRS,0.12
12/06/2025,15,4,N,ECRS,0.07
12/06/2025,15,4,N,NSPIN,0.28
12/06/2025,15,4,N,REGDN,0.46
12/06/2025,15,4,N,REGUP,0.38
12/06/2025,15,4,N,RRS,0.04
12/06/2025,15,3,N,ECRS,0.08
12/06/2025,15,3,N,NSPIN,0.3
12/06/2025,15,3,N,REGDN,0.48
12/06/2025,15,3,N,REGUP,0.39
12/06/2025,15,3,N,RRS,0.04
12/06/2025,15,2,N,ECRS,0.08
12/06/2025,15,2,N,NSPIN,0.32
12/06/2025,15,2,N,REGDN,0
12/06/2025,15,2,N,REGUP,0.26
12/06/2025,15,2,N,RRS,0.04
12/06/2025,15,1,N,ECRS,0.09
12/06/2025,15,1,N,NSPIN,0.33
12/06/2025,15,1,N,REGDN,0.3
12/06/2025,15,1,N,REGUP,0.22
12/06/2025,15,1,N,RRS,0.04
12/06/2025,16,4,N,ECRS,0.03
12/06/2025,16,4,N,NSPIN,0.1
12/06/2025,16,4,N,REGDN,1.56
12/06/2025,16,4,N,REGUP,0.41
12/06/2025,16,4,N,RRS,0.01
12/06/2025,16,3,N,ECRS,0.03
12/06/2025,16,3,N,NSPIN,0.1
12/06/2025,16,3,N,REGDN,0.53
12/06/2025,16,3,N,REGUP,0.45
12/06/2025,16,3,N,RRS,0.01
12/06/2025,16,2,N,ECRS,0.03
12/06/2025,16,2,N,NSPIN,0.1
12/06/2025,16,2,N,REGDN,0.32
12/06/2025,16,2,N,REGUP,0.21
12/06/2025,16,2,N,RRS,0.01
12/06/2025,16,1,N,ECRS,0.03
12/06/2025,16,1,N,NSPIN,0.11
12/06/2025,16,1,N,REGDN,0.46
12/06/2025,16,1,N,REGUP,0.72
12/06/2025,16,1,N,RRS,0.01
12/06/2025,17,4,N,ECRS,0.22
12/06/2025,17,4,N,NSPIN,0.47
12/06/2025,17,4,N,REGDN,0.19
12/06/2025,17,4,N,REGUP,1.34
12/06/2025,17,4,N,RRS,0.18
12/06/2025,17,3,N,ECRS,0.09
12/06/2025,17,3,N,NSPIN,0.16
12/06/2025,17,3,N,REGDN,0.44
12/06/2025,17,3,N,REGUP,0.36
12/06/2025,17,3,N,RRS,0.07
12/06/2025,17,2,N,ECRS,0.03
12/06/2025,17,2,N,NSPIN,0.1
12/06/2025,17,2,N,REGDN,0.29
12/06/2025,17,2,N,REGUP,0.56
12/06/2025,17,2,N,RRS,0.01
12/06/2025,17,1,N,ECRS,0.03
12/06/2025,17,1,N,NSPIN,0.1
12/06/2025,17,1,N,REGDN,0.55
12/06/2025,17,1,N,REGUP,0.5
12/06/2025,17,1,N,RRS,0.01
12/06/2025,18,4,N,ECRS,1.16
12/06/2025,18,4,N,NSPIN,4.53
12/06/2025,18,4,N,REGDN,0.68
12/06/2025,18,4,N,REGUP,0
12/06/2025,18,4,N,RRS,0.6
12/06/2025,18,3,N,ECRS,1.63
12/06/2025,18,3,N,NSPIN,4.68
12/06/2025,18,3,N,REGDN,0.73
12/06/2025,18,3,N,REGUP,0
12/06/2025,18,3,N,RRS,1.12
12/06/2025,18,2,N,ECRS,1.38
12/06/2025,18,2,N,NSPIN,3.14
12/06/2025,18,2,N,REGDN,0.84
12/06/2025,18,2,N,REGUP,0
12/06/2025,18,2,N,RRS,1.09
12/06/2025,18,1,N,ECRS,0.63
12/06/2025,18,1,N,NSPIN,2.21
12/06/2025,18,1,N,REGDN,1.16
12/06/2025,18,1,N,REGUP,0.02
12/06/2025,18,1,N,RRS,0.37
12/06/2025,19,4,N,ECRS,1.25
12/06/2025,19,4,N,NSPIN,5
12/06/2025,19,4,N,REGDN,0.6
12/06/2025,19,4,N,REGUP,0.54
12/06/2025,19,4,N,RRS,0.63
12/06/2025,19,3,N,ECRS,1.25
12/06/2025,19,3,N,NSPIN,5
12/06/2025,19,3,N,REGDN,0.94
12/06/2025,19,3,N,REGUP,0.49
12/06/2025,19,3,N,RRS,0.63
12/06/2025,19,2,N,ECRS,1.89
12/06/2025,19,2,N,NSPIN,7.51
12/06/2025,19,2,N,REGDN,0.52
12/06/2025,19,2,N,REGUP,0.56
12/06/2025,19,2,N,RRS,0.95
12/06/2025,19,1,N,ECRS,2.13
12/06/2025,19,1,N,NSPIN,8.32
12/06/2025,19,1,N,REGDN,0.95
12/06/2025,19,1,N,REGUP,0.56
12/06/2025,19,1,N,RRS,1.1
12/06/2025,20,4,N,ECRS,1.01
12/06/2025,20,4,N,NSPIN,4.04
12/06/2025,20,4,N,REGDN,0.65
12/06/2025,20,4,N,REGUP,0.51
12/06/2025,20,4,N,RRS,0.51
12/06/2025,20,3,N,ECRS,1.05
12/06/2025,20,3,N,NSPIN,4.19
12/06/2025,20,3,N,REGDN,0.9
12/06/2025,20,3,N,REGUP,0.52
12/06/2025,20,3,N,RRS,0.52
12/06/2025,20,2,N,ECRS,1.21
12/06/2025,20,2,N,NSPIN,4.82
12/06/2025,20,2,N,REGDN,0.41
12/06/2025,20,2,N,REGUP,0.6
12/06/2025,20,2,N,RRS,0.61
12/06/2025,20,1,N,ECRS,1.37
12/06/2025,20,1,N,NSPIN,5.49
12/06/2025,20,1,N,REGDN,0.01
12/06/2025,20,1,N,REGUP,0.69
12/06/2025,20,1,N,RRS,0.69
12/06/2025,21,4,N,ECRS,0.97
12/06/2025,21,4,N,NSPIN,4.27
12/06/2025,21,4,N,REGDN,0.12
12/06/2025,21,4,N,REGUP,0.58
12/06/2025,21,4,N,RRS,0.53
12/06/2025,21,3,N,ECRS,0.96
12/06/2025,21,3,N,NSPIN,4.22
12/06/2025,21,3,N,REGDN,0.12
12/06/2025,21,3,N,REGUP,0.63
12/06/2025,21,3,N,RRS,0.53
12/06/2025,21,2,N,ECRS,0.89
12/06/2025,21,2,N,NSPIN,3.72
12/06/2025,21,2,N,REGDN,0.12
12/06/2025,21,2,N,REGUP,0.55
12/06/2025,21,2,N,RRS,0.47
12/06/2025,21,1,N,ECRS,1.02
12/06/2025,21,1,N,NSPIN,4.13
12/06/2025,21,1,N,REGDN,0.09
12/06/2025,21,1,N,REGUP,0.55
12/06/2025,21,1,N,RRS,0.51
12/06/2025,22,4,N,ECRS,1.24
12/06/2025,22,4,N,NSPIN,4.98
12/06/2025,22,4,N,REGDN,0.76
12/06/2025,22,4,N,REGUP,0.95
12/06/2025,22,4,N,RRS,0.63
12/06/2025,22,3,N,ECRS,1.25
12/06/2025,22,3,N,NSPIN,5
12/06/2025,22,3,N,REGDN,0.3
12/06/2025,22,3,N,REGUP,0.8
12/06/2025,22,3,N,RRS,0.63
12/06/2025,22,2,N,ECRS,1.25
12/06/2025,22,2,N,NSPIN,5
12/06/2025,22,2,N,REGDN,0.47
12/06/2025,22,2,N,REGUP,1.28
12/06/2025,22,2,N,RRS,0.63
12/06/2025,22,1,N,ECRS,1.25
12/06/2025,22,1,N,NSPIN,4.99
12/06/2025,22,1,N,REGDN,0.27
12/06/2025,22,1,N,REGUP,0.81
12/06/2025,22,1,N,RRS,0.63
12/06/2025,23,4,N,ECRS,0.89
12/06/2025,23,4,N,NSPIN,3.58
12/06/2025,23,4,N,REGDN,0.47
12/06/2025,23,4,N,REGUP,0.48
12/06/2025,23,4,N,RRS,0.45
12/06/2025,23,3,N,ECRS,0.92
12/06/2025,23,3,N,NSPIN,3.68
12/06/2025,23,3,N,REGDN,0.87
12/06/2025,23,3,N,REGUP,0.51
12/06/2025,23,3,N,RRS,0.46
12/06/2025,23,2,N,ECRS,0.96
12/06/2025,23,2,N,NSPIN,3.87
12/06/2025,23,2,N,REGDN,0.64
12/06/2025,23,2,N,REGUP,0.52
12/06/2025,23,2,N,RRS,0.49
12/06/2025,23,1,N,ECRS,1.1
12/06/2025,23,1,N,NSPIN,4.4
12/06/2025,23,1,N,REGDN,1.32
12/06/2025,23,1,N,REGUP,0.55
12/06/2025,23,1,N,RRS,0.55
12/06/2025,24,4,N,ECRS,0.83
12/06/2025,24,4,N,NSPIN,3.3
12/06/2025,24,4,N,REGDN,0.41
12/06/2025,24,4,N,REGUP,0.61
12/06/2025,24,4,N,RRS,0.41
12/06/2025,24,3,N,ECRS,0.83
12/06/2025,24,3,N,NSPIN,3.3
12/06/2025,24,3,N,REGDN,0.35
12/06/2025,24,3,N,REGUP,0.56
12/06/2025,24,3,N,RRS,0.41
12/06/2025,24,2,N,ECRS,0.83
12/06/2025,24,2,N,NSPIN,3.31
12/06/2025,24,2,N,REGDN,0.32
12/06/2025,24,2,N,REGUP,0.7
12/06/2025,24,2,N,RRS,0.41
12/06/2025,24,1,N,ECRS,0.88
12/06/2025,24,1,N,NSPIN,3.66
12/06/2025,24,1,N,REGDN,0.51
12/06/2025,24,1,N,REGUP,0.57
12/06/2025,24,1,N,RRS,0.46
12/07/2025,1,4,N,ECRS,0.4
12/07/2025,1,4,N,NSPIN,1.6
12/07/2025,1,4,N,REGDN,0.76
12/07/2025,1,4,N,REGUP,0.42
12/07/2025,1,4,N,RRS,0.2
12/07/2025,1,3,N,ECRS,0.41
12/07/2025,1,3,N,NSPIN,1.63
12/07/2025,1,3,N,REGDN,0.74
12/07/2025,1,3,N,REGUP,0.34
12/07/2025,1,3,N,RRS,0.2
12/07/2025,1,2,N,ECRS,0.43
12/07/2025,1,2,N,NSPIN,1.7
12/07/2025,1,2,N,REGDN,0.73
12/07/2025,1,2,N,REGUP,0.34
12/07/2025,1,2,N,RRS,0.22
12/07/2025,1,1,N,ECRS,0.42
12/07/2025,1,1,N,NSPIN,1.67
12/07/2025,1,1,N,REGDN,1.01
12/07/2025,1,1,N,REGUP,0.28
12/07/2025,1,1,N,RRS,0.21
12/07/2025,2,4,N,ECRS,0.37
12/07/2025,2,4,N,NSPIN,1.48
12/07/2025,2,4,N,REGDN,1.19
12/07/2025,2,4,N,REGUP,0.18
12/07/2025,2,4,N,RRS,0.18
12/07/2025,2,3,N,ECRS,0.38
12/07/2025,2,3,N,NSPIN,1.53
12/07/2025,2,3,N,REGDN,1.15
12/07/2025,2,3,N,REGUP,0.19
12/07/2025,2,3,N,RRS,0.19
12/07/2025,2,2,N,ECRS,0.39
12/07/2025,2,2,N,NSPIN,1.56
12/07/2025,2,2,N,REGDN,1.22
12/07/2025,2,2,N,REGUP,0.19
12/07/2025,2,2,N,RRS,0.19
12/07/2025,2,1,N,ECRS,0.46
12/07/2025,2,1,N,NSPIN,1.82
12/07/2025,2,1,N,REGDN,0.41
12/07/2025,2,1,N,REGUP,0.23
12/07/2025,2,1,N,RRS,0.23
12/07/2025,3,4,N,ECRS,0.14
12/07/2025,3,4,N,NSPIN,1
12/07/2025,3,4,N,REGDN,0.51
12/07/2025,3,4,N,REGUP,0.12
12/07/2025,3,4,N,RRS,0.13
12/07/2025,3,3,N,ECRS,0.14
12/07/2025,3,3,N,NSPIN,1
12/07/2025,3,3,N,REGDN,0.38
12/07/2025,3,3,N,REGUP,0.2
12/07/2025,3,3,N,RRS,0.13
12/07/2025,3,2,N,ECRS,0.14
12/07/2025,3,2,N,NSPIN,1
12/07/2025,3,2,N,REGDN,0.52
12/07/2025,3,2,N,REGUP,0.14
12/07/2025,3,2,N,RRS,0.13
12/07/2025,3,1,N,ECRS,0.15
12/07/2025,3,1,N,NSPIN,1.14
12/07/2025,3,1,N,REGDN,0.57
12/07/2025,3,1,N,REGUP,0.14
12/07/2025,3,1,N,RRS,0.14
12/07/2025,4,4,N,ECRS,0.21
12/07/2025,4,4,N,NSPIN,1
12/07/2025,4,4,N,REGDN,0.41
12/07/2025,4,4,N,REGUP,0.13
12/07/2025,4,4,N,RRS,0.13
12/07/2025,4,3,N,ECRS,0.21
12/07/2025,4,3,N,NSPIN,1.04
12/07/2025,4,3,N,REGDN,0.37
12/07/2025,4,3,N,REGUP,0.13
12/07/2025,4,3,N,RRS,0.13
12/07/2025,4,2,N,ECRS,0.21
12/07/2025,4,2,N,NSPIN,1.05
12/07/2025,4,2,N,REGDN,0.33
12/07/2025,4,2,N,REGUP,0.13
12/07/2025,4,2,N,RRS,0.13
12/07/2025,4,1,N,ECRS,0.21
12/07/2025,4,1,N,NSPIN,1.16
12/07/2025,4,1,N,REGDN,0.4
12/07/2025,4,1,N,REGUP,0.15
12/07/2025,4,1,N,RRS,0.15
12/07/2025,5,4,N,ECRS,0.09
12/07/2025,5,4,N,NSPIN,1
12/07/2025,5,4,N,REGDN,0.39
12/07/2025,5,4,N,REGUP,0.13
12/07/2025,5,4,N,RRS,0.13
12/07/2025,5,3,N,ECRS,0.08
12/07/2025,5,3,N,NSPIN,0.98
12/07/2025,5,3,N,REGDN,0.35
12/07/2025,5,3,N,REGUP,0.16
12/07/2025,5,3,N,RRS,0.12
12/07/2025,5,2,N,ECRS,0.08
12/07/2025,5,2,N,NSPIN,0.97
12/07/2025,5,2,N,REGDN,0.28
12/07/2025,5,2,N,REGUP,0.2
12/07/2025,5,2,N,RRS,0.12
12/07/2025,5,1,N,ECRS,0.09
12/07/2025,5,1,N,NSPIN,0.98
12/07/2025,5,1,N,REGDN,0.24
12/07/2025,5,1,N,REGUP,0.2
12/07/2025,5,1,N,RRS,0.12
12/07/2025,6,4,N,ECRS,0.24
12/07/2025,6,4,N,NSPIN,1.05
12/07/2025,6,4,N,REGDN,0.38
12/07/2025,6,4,N,REGUP,0.13
12/07/2025,6,4,N,RRS,0.13
12/07/2025,6,3,N,ECRS,0.2
12/07/2025,6,3,N,NSPIN,1
12/07/2025,6,3,N,REGDN,0.28
12/07/2025,6,3,N,REGUP,0.13
12/07/2025,6,3,N,RRS,0.13
12/07/2025,6,2,N,ECRS,0.22
12/07/2025,6,2,N,NSPIN,1
12/07/2025,6,2,N,REGDN,0.5
12/07/2025,6,2,N,REGUP,0.13
12/07/2025,6,2,N,RRS,0.13
12/07/2025,6,1,N,ECRS,0.22
12/07/2025,6,1,N,NSPIN,1.02
12/07/2025,6,1,N,REGDN,0.48
12/07/2025,6,1,N,REGUP,0.13
12/07/2025,6,1,N,RRS,0.13
12/07/2025,7,4,N,ECRS,0.68
12/07/2025,7,4,N,NSPIN,2.71
12/07/2025,7,4,N,REGDN,0.42
12/07/2025,7,4,N,REGUP,0.34
12/07/2025,7,4,N,RRS,0.34
12/07/2025,7,3,N,ECRS,0.66
12/07/2025,7,3,N,NSPIN,2.66
12/07/2025,7,3,N,REGDN,0.58
12/07/2025,7,3,N,REGUP,0.46
12/07/2025,7,3,N,RRS,0.33
12/07/2025,7,2,N,ECRS,0.66
12/07/2025,7,2,N,NSPIN,2.63
12/07/2025,7,2,N,REGDN,0.56
12/07/2025,7,2,N,REGUP,0.43
12/07/2025,7,2,N,RRS,0.33
12/07/2025,7,1,N,ECRS,0.69
12/07/2025,7,1,N,NSPIN,2.74
12/07/2025,7,1,N,REGDN,0.63
12/07/2025,7,1,N,REGUP,0.81
12/07/2025,7,1,N,RRS,0.34
12/07/2025,8,4,N,ECRS,0.37
12/07/2025,8,4,N,NSPIN,3
12/07/2025,8,4,N,REGDN,0
12/07/2025,8,4,N,REGUP,0.76
12/07/2025,8,4,N,RRS,0.49
12/07/2025,8,3,N,ECRS,0.38
12/07/2025,8,3,N,NSPIN,3
12/07/2025,8,3,N,REGDN,0.26
12/07/2025,8,3,N,REGUP,0.93
12/07/2025,8,3,N,RRS,0.38
12/07/2025,8,2,N,ECRS,0.3
12/07/2025,8,2,N,NSPIN,2.85
12/07/2025,8,2,N,REGDN,0.47
12/07/2025,8,2,N,REGUP,0.36
12/07/2025,8,2,N,RRS,0.36
12/07/2025,8,1,N,ECRS,0.29
12/07/2025,8,1,N,NSPIN,2.79
12/07/2025,8,1,N,REGDN,0.31
12/07/2025,8,1,N,REGUP,0.35
12/07/2025,8,1,N,RRS,0.35
12/07/2025,9,4,N,ECRS,0.3
12/07/2025,9,4,N,NSPIN,1.07
12/07/2025,9,4,N,REGDN,0.07
12/07/2025,9,4,N,REGUP,0.18
12/07/2025,9,4,N,RRS,0.15
12/07/2025,9,3,N,ECRS,0.3
12/07/2025,9,3,N,NSPIN,1.14
12/07/2025,9,3,N,REGDN,0.27
12/07/2025,9,3,N,REGUP,0.16
12/07/2025,9,3,N,RRS,0.15
12/07/2025,9,2,N,ECRS,0.47
12/07/2025,9,2,N,NSPIN,1.67
12/07/2025,9,2,N,REGDN,0.56
12/07/2025,9,2,N,REGUP,0.28
12/07/2025,9,2,N,RRS,0.24
12/07/2025,9,1,N,ECRS,0.64
12/07/2025,9,1,N,NSPIN,2.37
12/07/2025,9,1,N,REGDN,0.2
12/07/2025,9,1,N,REGUP,0.53
12/07/2025,9,1,N,RRS,0.33
12/07/2025,10,4,N,ECRS,0.38
12/07/2025,10,4,N,NSPIN,0.92
12/07/2025,10,4,N,REGDN,0.95
12/07/2025,10,4,N,REGUP,0.29
12/07/2025,10,4,N,RRS,0.19
12/07/2025,10,3,N,ECRS,0.38
12/07/2025,10,3,N,NSPIN,0.94
12/07/2025,10,3,N,REGDN,0.94
12/07/2025,10,3,N,REGUP,0.26
12/07/2025,10,3,N,RRS,0.2
12/07/2025,10,2,N,ECRS,0.47
12/07/2025,10,2,N,NSPIN,0.96
12/07/2025,10,2,N,REGDN,0.88
12/07/2025,10,2,N,REGUP,0.38
12/07/2025,10,2,N,RRS,0.24
12/07/2025,10,1,N,ECRS,0.47
12/07/2025,10,1,N,NSPIN,0.98
12/07/2025,10,1,N,REGDN,0.97
12/07/2025,10,1,N,REGUP,0.39
12/07/2025,10,1,N,RRS,0.24
12/07/2025,11,4,N,ECRS,0.24
12/07/2025,11,4,N,NSPIN,0.93
12/07/2025,11,4,N,REGDN,0
12/07/2025,11,4,N,REGUP,0.3
12/07/2025,11,4,N,RRS,0.12
12/07/2025,11,3,N,ECRS,0.24
12/07/2025,11,3,N,NSPIN,0.94
12/07/2025,11,3,N,REGDN,0
12/07/2025,11,3,N,REGUP,0.31
12/07/2025,11,3,N,RRS,0.12
12/07/2025,11,2,N,ECRS,0.25
12/07/2025,11,2,N,NSPIN,0.95
12/07/2025,11,2,N,REGDN,0
12/07/2025,11,2,N,REGUP,0.41
12/07/2025,11,2,N,RRS,0.13
12/07/2025,11,1,N,ECRS,0.28
12/07/2025,11,1,N,NSPIN,0.98
12/07/2025,11,1,N,REGDN,0.02
12/07/2025,11,1,N,REGUP,0.25
12/07/2025,11,1,N,RRS,0.14
12/07/2025,12,4,N,ECRS,0.25
12/07/2025,12,4,N,NSPIN,1
12/07/2025,12,4,N,REGDN,0.46
12/07/2025,12,4,N,REGUP,0.52
12/07/2025,12,4,N,RRS,0.13
12/07/2025,12,3,N,ECRS,0.25
12/07/2025,12,3,N,NSPIN,1
12/07/2025,12,3,N,REGDN,0.29
12/07/2025,12,3,N,REGUP,0.54
12/07/2025,12,3,N,RRS,0.13
12/07/2025,12,2,N,ECRS,0.25
12/07/2025,12,2,N,NSPIN,1
12/07/2025,12,2,N,REGDN,0.36
12/07/2025,12,2,N,REGUP,0.58
12/07/2025,12,2,N,RRS,0.13
12/07/2025,12,1,N,ECRS,0.25
12/07/2025,12,1,N,NSPIN,1.01
12/07/2025,12,1,N,REGDN,0.27
12/07/2025,12,1,N,REGUP,0.47
12/07/2025,12,1,N,RRS,0.13
12/07/2025,13,4,N,ECRS,0.23
12/07/2025,13,4,N,NSPIN,0.9
12/07/2025,13,4,N,REGDN,0.05
12/07/2025,13,4,N,REGUP,0.25
12/07/2025,13,4,N,RRS,0.11
12/07/2025,13,3,N,ECRS,0.23
12/07/2025,13,3,N,NSPIN,0.92
12/07/2025,13,3,N,REGDN,0.32
12/07/2025,13,3,N,REGUP,0.37
12/07/2025,13,3,N,RRS,0.12
12/07/2025,13,2,N,ECRS,0.23
12/07/2025,13,2,N,NSPIN,0.92
12/07/2025,13,2,N,REGDN,0.4
12/07/2025,13,2,N,REGUP,0.5
12/07/2025,13,2,N,RRS,0.12
12/07/2025,13,1,N,ECRS,0.24
12/07/2025,13,1,N,NSPIN,0.97
12/07/2025,13,1,N,REGDN,0.88
12/07/2025,13,1,N,REGUP,0.41
12/07/2025,13,1,N,RRS,0.12
12/07/2025,14,4,N,ECRS,0.13
12/07/2025,14,4,N,NSPIN,0.5
12/07/2025,14,4,N,REGDN,0
12/07/2025,14,4,N,REGUP,0.21
12/07/2025,14,4,N,RRS,0.06
12/07/2025,14,3,N,ECRS,0.13
12/07/2025,14,3,N,NSPIN,0.5
12/07/2025,14,3,N,REGDN,0.42
12/07/2025,14,3,N,REGUP,0.5
12/07/2025,14,3,N,RRS,0.06
12/07/2025,14,2,N,ECRS,0.13
12/07/2025,14,2,N,NSPIN,0.5
12/07/2025,14,2,N,REGDN,0.14
12/07/2025,14,2,N,REGUP,0.5
12/07/2025,14,2,N,RRS,0.06
12/07/2025,14,1,N,ECRS,0.13
12/07/2025,14,1,N,NSPIN,0.51
12/07/2025,14,1,N,REGDN,0.15
12/07/2025,14,1,N,REGUP,0.12
12/07/2025,14,1,N,RRS,0.06
12/07/2025,15,4,N,ECRS,0.05
12/07/2025,15,4,N,NSPIN,0.22
12/07/2025,15,4,N,REGDN,0
12/07/2025,15,4,N,REGUP,0.45
12/07/2025,15,4,N,RRS,0.03
12/07/2025,15,3,N,ECRS,0.07
12/07/2025,15,3,N,NSPIN,0.27
12/07/2025,15,3,N,REGDN,0
12/07/2025,15,3,N,REGUP,0.44
12/07/2025,15,3,N,RRS,0.03
12/07/2025,15,2,N,ECRS,0.08
12/07/2025,15,2,N,NSPIN,0.3
12/07/2025,15,2,N,REGDN,0
12/07/2025,15,2,N,REGUP,0.36
12/07/2025,15,2,N,RRS,0.04
12/07/2025,15,1,N,ECRS,0.08
12/07/2025,15,1,N,NSPIN,0.3
12/07/2025,15,1,N,REGDN,0
12/07/2025,15,1,N,REGUP,0.29
12/07/2025,15,1,N,RRS,0.04
12/07/2025,16,4,N,ECRS,0.03
12/07/2025,16,4,N,NSPIN,0.13
12/07/2025,16,4,N,REGDN,3.31
12/07/2025,16,4,N,REGUP,1.58
12/07/2025,16,4,N,RRS,0.02
12/07/2025,16,3,N,ECRS,0.03
12/07/2025,16,3,N,NSPIN,0.12
12/07/2025,16,3,N,REGDN,4.93
12/07/2025,16,3,N,REGUP,1.39
12/07/2025,16,3,N,RRS,0.02
12/07/2025,16,2,N,ECRS,0.03
12/07/2025,16,2,N,NSPIN,0.12
12/07/2025,16,2,N,REGDN,1.26
12/07/2025,16,2,N,REGUP,1.19
12/07/2025,16,2,N,RRS,0.02
12/07/2025,16,1,N,ECRS,0.03
12/07/2025,16,1,N,NSPIN,0.13
12/07/2025,16,1,N,REGDN,0.08
12/07/2025,16,1,N,REGUP,1.55
12/07/2025,16,1,N,RRS,0.02
12/07/2025,17,4,N,ECRS,0.13
12/07/2025,17,4,N,NSPIN,0.34
12/07/2025,17,4,N,REGDN,0.33
12/07/2025,17,4,N,REGUP,1.61
12/07/2025,17,4,N,RRS,0.09
12/07/2025,17,3,N,ECRS,0.06
12/07/2025,17,3,N,NSPIN,0.25
12/07/2025,17,3,N,REGDN,1.06
12/07/2025,17,3,N,REGUP,2.34
12/07/2025,17,3,N,RRS,0.03
12/07/2025,17,2,N,ECRS,0.04
12/07/2025,17,2,N,NSPIN,0.17
12/07/2025,17,2,N,REGDN,1.46
12/07/2025,17,2,N,REGUP,0.84
12/07/2025,17,2,N,RRS,0.02
12/07/2025,17,1,N,ECRS,0.03
12/07/2025,17,1,N,NSPIN,0.11
12/07/2025,17,1,N,REGDN,4.97
12/07/2025,17,1,N,REGUP,0.82
12/07/2025,17,1,N,RRS,0.02
12/07/2025,18,4,N,ECRS,0.88
12/07/2025,18,4,N,NSPIN,1.42
12/07/2025,18,4,N,REGDN,0.34
12/07/2025,18,4,N,REGUP,2.46
12/07/2025,18,4,N,RRS,0.79
12/07/2025,18,3,N,ECRS,0.77
12/07/2025,18,3,N,NSPIN,1.59
12/07/2025,18,3,N,REGDN,0.36
12/07/2025,18,3,N,REGUP,3.69
12/07/2025,18,3,N,RRS,0.63
12/07/2025,18,2,N,ECRS,0.95
12/07/2025,18,2,N,NSPIN,1.14
12/07/2025,18,2,N,REGDN,0.36
12/07/2025,18,2,N,REGUP,1.44
12/07/2025,18,2,N,RRS,0.92
12/07/2025,18,1,N,ECRS,0.41
12/07/2025,18,1,N,NSPIN,0.99
12/07/2025,18,1,N,REGDN,0.63
12/07/2025,18,1,N,REGUP,0.58
12/07/2025,18,1,N,RRS,0.31
12/07/2025,19,4,N,ECRS,1.05
12/07/2025,19,4,N,NSPIN,4.19
12/07/2025,19,4,N,REGDN,1.15
12/07/2025,19,4,N,REGUP,0.52
12/07/2025,19,4,N,RRS,0.52
12/07/2025,19,3,N,ECRS,1.13
12/07/2025,19,3,N,NSPIN,4.49
12/07/2025,19,3,N,REGDN,0.09
12/07/2025,19,3,N,REGUP,0.57
12/07/2025,19,3,N,RRS,0.57
12/07/2025,19,2,N,ECRS,1.46
12/07/2025,19,2,N,NSPIN,3.84
12/07/2025,19,2,N,REGDN,0.1
12/07/2025,19,2,N,REGUP,1.21
12/07/2025,19,2,N,RRS,1.09
12/07/2025,19,1,N,ECRS,1.55
12/07/2025,19,1,N,NSPIN,3.38
12/07/2025,19,1,N,REGDN,0.76
12/07/2025,19,1,N,REGUP,2.74
12/07/2025,19,1,N,RRS,1.25
12/07/2025,20,4,N,ECRS,1.06
12/07/2025,20,4,N,NSPIN,5.73
12/07/2025,20,4,N,REGDN,0.01
12/07/2025,20,4,N,REGUP,1.59
12/07/2025,20,4,N,RRS,0.72
12/07/2025,20,3,N,ECRS,0.84
12/07/2025,20,3,N,NSPIN,5.64
12/07/2025,20,3,N,REGDN,0.32
12/07/2025,20,3,N,REGUP,1.54
12/07/2025,20,3,N,RRS,0.71
12/07/2025,20,2,N,ECRS,0.8
12/07/2025,20,2,N,NSPIN,5.08
12/07/2025,20,2,N,REGDN,0.43
12/07/2025,20,2,N,REGUP,0.74
12/07/2025,20,2,N,RRS,0.64
12/07/2025,20,1,N,ECRS,0.49
12/07/2025,20,1,N,NSPIN,4.84
12/07/2025,20,1,N,REGDN,0.35
12/07/2025,20,1,N,REGUP,1.33
12/07/2025,20,1,N,RRS,0.61
12/07/2025,21,4,N,ECRS,1.87
12/07/2025,21,4,N,NSPIN,8.36
12/07/2025,21,4,N,REGDN,0.01
12/07/2025,21,4,N,REGUP,1.35
12/07/2025,21,4,N,RRS,1.04
12/07/2025,21,3,N,ECRS,1.9
12/07/2025,21,3,N,NSPIN,8.5
12/07/2025,21,3,N,REGDN,0.15
12/07/2025,21,3,N,REGUP,1.37
12/07/2025,21,3,N,RRS,1.06
12/07/2025,21,2,N,ECRS,1.87
12/07/2025,21,2,N,NSPIN,8.59
12/07/2025,21,2,N,REGDN,0.15
12/07/2025,21,2,N,REGUP,1.07
12/07/2025,21,2,N,RRS,1.07
12/07/2025,21,1,N,ECRS,1.85
12/07/2025,21,1,N,NSPIN,9.39
12/07/2025,21,1,N,REGDN,0
12/07/2025,21,1,N,REGUP,1.28
12/07/2025,21,1,N,RRS,1.18
12/07/2025,22,4,N,ECRS,0.01
12/07/2025,22,4,N,NSPIN,8.05
12/07/2025,22,4,N,REGDN,0
12/07/2025,22,4,N,REGUP,2.35
12/07/2025,22,4,N,RRS,1.01
12/07/2025,22,3,N,ECRS,0.01
12/07/2025,22,3,N,NSPIN,7.99
12/07/2025,22,3,N,REGDN,0
12/07/2025,22,3,N,REGUP,2.24
12/07/2025,22,3,N,RRS,1
12/07/2025,22,2,N,ECRS,0
12/07/2025,22,2,N,NSPIN,9.51
12/07/2025,22,2,N,REGDN,0
12/07/2025,22,2,N,REGUP,1.95
12/07/2025,22,2,N,RRS,1.19
12/07/2025,22,1,N,ECRS,0.04
12/07/2025,22,1,N,NSPIN,10.71
12/07/2025,22,1,N,REGDN,0
12/07/2025,22,1,N,REGUP,1.83
12/07/2025,22,1,N,RRS,1.34
12/07/2025,23,4,N,ECRS,0.35
12/07/2025,23,4,N,NSPIN,3.88
12/07/2025,23,4,N,REGDN,0.19
12/07/2025,23,4,N,REGUP,0.93
12/07/2025,23,4,N,RRS,0.41
12/07/2025,23,3,N,ECRS,0.35
12/07/2025,23,3,N,NSPIN,3.86
12/07/2025,23,3,N,REGDN,0.24
12/07/2025,23,3,N,REGUP,0.81
12/07/2025,23,3,N,RRS,0.42
12/07/2025,23,2,N,ECRS,0.35
12/07/2025,23,2,N,NSPIN,4.37
12/07/2025,23,2,N,REGDN,0.11
12/07/2025,23,2,N,REGUP,1.79
12/07/2025,23,2,N,RRS,0.43
12/07/2025,23,1,N,ECRS,0.34
12/07/2025,23,1,N,NSPIN,5.49
12/07/2025,23,1,N,REGDN,0
12/07/2025,23,1,N,REGUP,2.65
12/07/2025,23,1,N,RRS,0.44
12/07/2025,24,4,N,ECRS,0.09
12/07/2025,24,4,N,NSPIN,3.66
12/07/2025,24,4,N,REGDN,0.19
12/07/2025,24,4,N,REGUP,0.6
12/07/2025,24,4,N,RRS,0.46
12/07/2025,24,3,N,ECRS,0.09
12/07/2025,24,3,N,NSPIN,3.75
12/07/2025,24,3,N,REGDN,0.12
12/07/2025,24,3,N,REGUP,0.67
12/07/2025,24,3,N,RRS,0.47
12/07/2025,24,2,N,ECRS,0.09
12/07/2025,24,2,N,NSPIN,3.75
12/07/2025,24,2,N,REGDN,0.15
12/07/2025,24,2,N,REGUP,0.61
12/07/2025,24,2,N,RRS,0.47
12/07/2025,24,1,N,ECRS,0.09
12/07/2025,24,1,N,NSPIN,4.21
12/07/2025,24,1,N,REGDN,0.17
12/07/2025,24,1,N,REGUP,0.86
12/07/2025,24,1,N,RRS,0.53
12/08/2025,1,4,N,ECRS,0.31
12/08/2025,1,4,N,NSPIN,1.24
12/08/2025,1,4,N,REGDN,0.27
12/08/2025,1,4,N,REGUP,0.41
12/08/2025,1,4,N,RRS,0.16
12/08/2025,1,3,N,ECRS,0.33
12/08/2025,1,3,N,NSPIN,1.31
12/08/2025,1,3,N,REGDN,0.23
12/08/2025,1,3,N,REGUP,0.48
12/08/2025,1,3,N,RRS,0.16
12/08/2025,1,2,N,ECRS,0.34
12/08/2025,1,2,N,NSPIN,1.35
12/08/2025,1,2,N,REGDN,0.13
12/08/2025,1,2,N,REGUP,0.77
12/08/2025,1,2,N,RRS,0.17
12/08/2025,1,1,N,ECRS,0.48
12/08/2025,1,1,N,NSPIN,1.99
12/08/2025,1,1,N,REGDN,0.1
12/08/2025,1,1,N,REGUP,1.31
12/08/2025,1,1,N,RRS,0.25
12/08/2025,2,4,N,ECRS,0.28
12/08/2025,2,4,N,NSPIN,1.09
12/08/2025,2,4,N,REGDN,0.04
12/08/2025,2,4,N,REGUP,0.29
12/08/2025,2,4,N,RRS,0.14
12/08/2025,2,3,N,ECRS,0.28
12/08/2025,2,3,N,NSPIN,1.1
12/08/2025,2,3,N,REGDN,0.12
12/08/2025,2,3,N,REGUP,0.51
12/08/2025,2,3,N,RRS,0.14
12/08/2025,2,2,N,ECRS,0.29
12/08/2025,2,2,N,NSPIN,1.14
12/08/2025,2,2,N,REGDN,0.11
12/08/2025,2,2,N,REGUP,0.18
12/08/2025,2,2,N,RRS,0.14
12/08/2025,2,1,N,ECRS,0.39
12/08/2025,2,1,N,NSPIN,1.56
12/08/2025,2,1,N,REGDN,0.15
12/08/2025,2,1,N,REGUP,0.26
12/08/2025,2,1,N,RRS,0.2
12/08/2025,3,4,N,ECRS,0.25
12/08/2025,3,4,N,NSPIN,1
12/08/2025,3,4,N,REGDN,0.88
12/08/2025,3,4,N,REGUP,0
12/08/2025,3,4,N,RRS,0.13
12/08/2025,3,3,N,ECRS,0.25
12/08/2025,3,3,N,NSPIN,1
12/08/2025,3,3,N,REGDN,0.28
12/08/2025,3,3,N,REGUP,0.23
12/08/2025,3,3,N,RRS,0.13
12/08/2025,3,2,N,ECRS,0.25
12/08/2025,3,2,N,NSPIN,1
12/08/2025,3,2,N,REGDN,0.8
12/08/2025,3,2,N,REGUP,0.66
12/08/2025,3,2,N,RRS,0.13
12/08/2025,3,1,N,ECRS,0.25
12/08/2025,3,1,N,NSPIN,1
12/08/2025,3,1,N,REGDN,0.7
12/08/2025,3,1,N,REGUP,0.98
12/08/2025,3,1,N,RRS,0.13
12/08/2025,4,4,N,ECRS,0.25
12/08/2025,4,4,N,NSPIN,1
12/08/2025,4,4,N,REGDN,0.16
12/08/2025,4,4,N,REGUP,1.56
12/08/2025,4,4,N,RRS,0.13
12/08/2025,4,3,N,ECRS,0.25
12/08/2025,4,3,N,NSPIN,1
12/08/2025,4,3,N,REGDN,0.2
12/08/2025,4,3,N,REGUP,1.28
12/08/2025,4,3,N,RRS,0.13
12/08/2025,4,2,N,ECRS,0.25
12/08/2025,4,2,N,NSPIN,1
12/08/2025,4,2,N,REGDN,0.04
12/08/2025,4,2,N,REGUP,1.58
12/08/2025,4,2,N,RRS,0.13
12/08/2025,4,1,N,ECRS,0.27
12/08/2025,4,1,N,NSPIN,1.08
12/08/2025,4,1,N,REGDN,0.07
12/08/2025,4,1,N,REGUP,1.05
12/08/2025,4,1,N,RRS,0.14
12/08/2025,5,4,N,ECRS,0.27
12/08/2025,5,4,N,NSPIN,1.11
12/08/2025,5,4,N,REGDN,0.06
12/08/2025,5,4,N,REGUP,2.01
12/08/2025,5,4,N,RRS,0.14
12/08/2025,5,3,N,ECRS,0.3
12/08/2025,5,3,N,NSPIN,1.19
12/08/2025,5,3,N,REGDN,0.01
12/08/2025,5,3,N,REGUP,2.33
12/08/2025,5,3,N,RRS,0.15
12/08/2025,5,2,N,ECRS,0.3
12/08/2025,5,2,N,NSPIN,1.22
12/08/2025,5,2,N,REGDN,0.08
12/08/2025,5,2,N,REGUP,1.81
12/08/2025,5,2,N,RRS,0.16
12/08/2025,5,1,N,ECRS,0.33
12/08/2025,5,1,N,NSPIN,1.39
12/08/2025,5,1,N,REGDN,0.11
12/08/2025,5,1,N,REGUP,2.23
12/08/2025,5,1,N,RRS,0.17
12/08/2025,6,4,N,ECRS,0.57
12/08/2025,6,4,N,NSPIN,2.29
12/08/2025,6,4,N,REGDN,0.8
12/08/2025,6,4,N,REGUP,0.94
12/08/2025,6,4,N,RRS,0.29
12/08/2025,6,3,N,ECRS,0.45
12/08/2025,6,3,N,NSPIN,1.79
12/08/2025,6,3,N,REGDN,0.21
12/08/2025,6,3,N,REGUP,0.87
12/08/2025,6,3,N,RRS,0.22
12/08/2025,6,2,N,ECRS,0.42
12/08/2025,6,2,N,NSPIN,1.68
12/08/2025,6,2,N,REGDN,0.46
12/08/2025,6,2,N,REGUP,0.41
12/08/2025,6,2,N,RRS,0.21
12/08/2025,6,1,N,ECRS,0.22
12/08/2025,6,1,N,NSPIN,1.45
12/08/2025,6,1,N,REGDN,0.88
12/08/2025,6,1,N,REGUP,0.26
12/08/2025,6,1,N,RRS,0.18
12/08/2025,7,4,N,ECRS,2.1
12/08/2025,7,4,N,NSPIN,7.8
12/08/2025,7,4,N,REGDN,0.1
12/08/2025,7,4,N,REGUP,2.31
12/08/2025,7,4,N,RRS,1.14
12/08/2025,7,3,N,ECRS,1.52
12/08/2025,7,3,N,NSPIN,6.11
12/08/2025,7,3,N,REGDN,0.3
12/08/2025,7,3,N,REGUP,0.97
12/08/2025,7,3,N,RRS,0.77
12/08/2025,7,2,N,ECRS,1.31
12/08/2025,7,2,N,NSPIN,5.35
12/08/2025,7,2,N,REGDN,0.83
12/08/2025,7,2,N,REGUP,1.26
12/08/2025,7,2,N,RRS,0.67
12/08/2025,7,1,N,ECRS,1.18
12/08/2025,7,1,N,NSPIN,5.1
12/08/2025,7,1,N,REGDN,0.92
12/08/2025,7,1,N,REGUP,2.02
12/08/2025,7,1,N,RRS,0.64
12/08/2025,8,4,N,ECRS,3.12
12/08/2025,8,4,N,NSPIN,12.5
12/08/2025,8,4,N,REGDN,0
12/08/2025,8,4,N,REGUP,2.69
12/08/2025,8,4,N,RRS,1.57
12/08/2025,8,3,N,ECRS,4.14
12/08/2025,8,3,N,NSPIN,14.24
12/08/2025,8,3,N,REGDN,0
12/08/2025,8,3,N,REGUP,5.92
12/08/2025,8,3,N,RRS,2.46
12/08/2025,8,2,N,ECRS,11.6
12/08/2025,8,2,N,NSPIN,14.01
12/08/2025,8,2,N,REGDN,0
12/08/2025,8,2,N,REGUP,10.93
12/08/2025,8,2,N,RRS,11.28
12/08/2025,8,1,N,ECRS,9.57
12/08/2025,8,1,N,NSPIN,12.86
12/08/2025,8,1,N,REGDN,0.93
12/08/2025,8,1,N,REGUP,10.8
12/08/2025,8,1,N,RRS,9.29
12/08/2025,9,4,N,ECRS,0.49
12/08/2025,9,4,N,NSPIN,0.83
12/08/2025,9,4,N,REGDN,2.72
12/08/2025,9,4,N,REGUP,0.25
12/08/2025,9,4,N,RRS,0.25
12/08/2025,9,3,N,ECRS,0.88
12/08/2025,9,3,N,NSPIN,1.75
12/08/2025,9,3,N,REGDN,2.87
12/08/2025,9,3,N,REGUP,0.58
12/08/2025,9,3,N,RRS,0.57
12/08/2025,9,2,N,ECRS,1.99
12/08/2025,9,2,N,NSPIN,4.01
12/08/2025,9,2,N,REGDN,1.95
12/08/2025,9,2,N,REGUP,2.19
12/08/2025,9,2,N,RRS,1.39
12/08/2025,9,1,N,ECRS,2.41
12/08/2025,9,1,N,NSPIN,7.66
12/08/2025,9,1,N,REGDN,2.27
12/08/2025,9,1,N,REGUP,2.83
12/08/2025,9,1,N,RRS,1.47
12/08/2025,10,4,N,ECRS,0.21
12/08/2025,10,4,N,NSPIN,0.79
12/08/2025,10,4,N,REGDN,0.89
12/08/2025,10,4,N,REGUP,0.1
12/08/2025,10,4,N,RRS,0.1
12/08/2025,10,3,N,ECRS,0.22
12/08/2025,10,3,N,NSPIN,0.83
12/08/2025,10,3,N,REGDN,0.92
12/08/2025,10,3,N,REGUP,0.1
12/08/2025,10,3,N,RRS,0.11
12/08/2025,10,2,N,ECRS,0.24
12/08/2025,10,2,N,NSPIN,0.91
12/08/2025,10,2,N,REGDN,1.01
12/08/2025,10,2,N,REGUP,0.12
12/08/2025,10,2,N,RRS,0.12
12/08/2025,10,1,N,ECRS,0.45
12/08/2025,10,1,N,NSPIN,0.98
12/08/2025,10,1,N,REGDN,1.45
12/08/2025,10,1,N,REGUP,0.22
12/08/2025,10,1,N,RRS,0.23
12/08/2025,11,4,N,ECRS,0.18
12/08/2025,11,4,N,NSPIN,0.74
12/08/2025,11,4,N,REGDN,0.77
12/08/2025,11,4,N,REGUP,0.09
12/08/2025,11,4,N,RRS,0.09
12/08/2025,11,3,N,ECRS,0.21
12/08/2025,11,3,N,NSPIN,0.86
12/08/2025,11,3,N,REGDN,0.72
12/08/2025,11,3,N,REGUP,0.23
12/08/2025,11,3,N,RRS,0.11
12/08/2025,11,2,N,ECRS,0.23
12/08/2025,11,2,N,NSPIN,0.9
12/08/2025,11,2,N,REGDN,0.65
12/08/2025,11,2,N,REGUP,0.33
12/08/2025,11,2,N,RRS,0.11
12/08/2025,11,1,N,ECRS,0.24
12/08/2025,11,1,N,NSPIN,0.94
12/08/2025,11,1,N,REGDN,0.41
12/08/2025,11,1,N,REGUP,0.2
12/08/2025,11,1,N,RRS,0.12
12/08/2025,12,4,N,ECRS,0.12
12/08/2025,12,4,N,NSPIN,0.47
12/08/2025,12,4,N,REGDN,0.5
12/08/2025,12,4,N,REGUP,0.06
12/08/2025,12,4,N,RRS,0.06
12/08/2025,12,3,N,ECRS,0.14
12/08/2025,12,3,N,NSPIN,0.56
12/08/2025,12,3,N,REGDN,0.33
12/08/2025,12,3,N,REGUP,0.22
12/08/2025,12,3,N,RRS,0.07
12/08/2025,12,2,N,ECRS,0.18
12/08/2025,12,2,N,NSPIN,0.7
12/08/2025,12,2,N,REGDN,0.12
12/08/2025,12,2,N,REGUP,0.26
12/08/2025,12,2,N,RRS,0.09
12/08/2025,12,1,N,ECRS,0.2
12/08/2025,12,1,N,NSPIN,0.78
12/08/2025,12,1,N,REGDN,0.05
12/08/2025,12,1,N,REGUP,0.16
12/08/2025,12,1,N,RRS,0.1
12/08/2025,13,4,N,ECRS,0.13
12/08/2025,13,4,N,NSPIN,0.51
12/08/2025,13,4,N,REGDN,0.74
12/08/2025,13,4,N,REGUP,0.06
12/08/2025,13,4,N,RRS,0.06
12/08/2025,13,3,N,ECRS,0.16
12/08/2025,13,3,N,NSPIN,0.62
12/08/2025,13,3,N,REGDN,0.91
12/08/2025,13,3,N,REGUP,0.08
12/08/2025,13,3,N,RRS,0.08
12/08/2025,13,2,N,ECRS,0.18
12/08/2025,13,2,N,NSPIN,0.74
12/08/2025,13,2,N,REGDN,0.82
12/08/2025,13,2,N,REGUP,0.09
12/08/2025,13,2,N,RRS,0.09
12/08/2025,13,1,N,ECRS,0.22
12/08/2025,13,1,N,NSPIN,0.88
12/08/2025,13,1,N,REGDN,1.02
12/08/2025,13,1,N,REGUP,0.11
12/08/2025,13,1,N,RRS,0.11
12/08/2025,14,4,N,ECRS,0.04
12/08/2025,14,4,N,NSPIN,0.16
12/08/2025,14,4,N,REGDN,0.16
12/08/2025,14,4,N,REGUP,0.2
12/08/2025,14,4,N,RRS,0.02
12/08/2025,14,3,N,ECRS,0.05
12/08/2025,14,3,N,NSPIN,0.18
12/08/2025,14,3,N,REGDN,0.37
12/08/2025,14,3,N,REGUP,0.03
12/08/2025,14,3,N,RRS,0.02
12/08/2025,14,2,N,ECRS,0.06
12/08/2025,14,2,N,NSPIN,0.23
12/08/2025,14,2,N,REGDN,0.54
12/08/2025,14,2,N,REGUP,0.03
12/08/2025,14,2,N,RRS,0.03
12/08/2025,14,1,N,ECRS,0.06
12/08/2025,14,1,N,NSPIN,0.25
12/08/2025,14,1,N,REGDN,1.06
12/08/2025,14,1,N,REGUP,0.03
12/08/2025,14,1,N,RRS,0.03
12/08/2025,15,4,N,ECRS,0.02
12/08/2025,15,4,N,NSPIN,0.09
12/08/2025,15,4,N,REGDN,0.59
12/08/2025,15,4,N,REGUP,0.03
12/08/2025,15,4,N,RRS,0.01
12/08/2025,15,3,N,ECRS,0.03
12/08/2025,15,3,N,NSPIN,0.1
12/08/2025,15,3,N,REGDN,0.71
12/08/2025,15,3,N,REGUP,0.71
12/08/2025,15,3,N,RRS,0.01
12/08/2025,15,2,N,ECRS,0.03
12/08/2025,15,2,N,NSPIN,0.1
12/08/2025,15,2,N,REGDN,0.69
12/08/2025,15,2,N,REGUP,0.46
12/08/2025,15,2,N,RRS,0.01
12/08/2025,15,1,N,ECRS,0.03
12/08/2025,15,1,N,NSPIN,0.1
12/08/2025,15,1,N,REGDN,0.6
12/08/2025,15,1,N,REGUP,0.23
12/08/2025,15,1,N,RRS,0.01
12/08/2025,16,4,N,ECRS,0.01
12/08/2025,16,4,N,NSPIN,0.03
12/08/2025,16,4,N,REGDN,8.81
12/08/2025,16,4,N,REGUP,0
12/08/2025,16,4,N,RRS,0
12/08/2025,16,3,N,ECRS,0.01
12/08/2025,16,3,N,NSPIN,0.04
12/08/2025,16,3,N,REGDN,6.78
12/08/2025,16,3,N,REGUP,0.23
12/08/2025,16,3,N,RRS,0.01
12/08/2025,16,2,N,ECRS,0.01
12/08/2025,16,2,N,NSPIN,0.04
12/08/2025,16,2,N,REGDN,4.43
12/08/2025,16,2,N,REGUP,0.13
12/08/2025,16,2,N,RRS,0.01
12/08/2025,16,1,N,ECRS,0.01
12/08/2025,16,1,N,NSPIN,0.06
12/08/2025,16,1,N,REGDN,1.82
12/08/2025,16,1,N,REGUP,0.1
12/08/2025,16,1,N,RRS,0.01
12/08/2025,17,4,N,ECRS,0.06
12/08/2025,17,4,N,NSPIN,0.23
12/08/2025,17,4,N,REGDN,1.05
12/08/2025,17,4,N,REGUP,0.75
12/08/2025,17,4,N,RRS,0.03
12/08/2025,17,3,N,ECRS,0.03
12/08/2025,17,3,N,NSPIN,0.1
12/08/2025,17,3,N,REGDN,0.71
12/08/2025,17,3,N,REGUP,1.29
12/08/2025,17,3,N,RRS,0.01
12/08/2025,17,2,N,ECRS,0.01
12/08/2025,17,2,N,NSPIN,0.05
12/08/2025,17,2,N,REGDN,2.6
12/08/2025,17,2,N,REGUP,0.79
12/08/2025,17,2,N,RRS,0.01
12/08/2025,17,1,N,ECRS,0.01
12/08/2025,17,1,N,NSPIN,0.02
12/08/2025,17,1,N,REGDN,11.19
12/08/2025,17,1,N,REGUP,0.18
12/08/2025,17,1,N,RRS,0
12/08/2025,18,4,N,ECRS,1.03
12/08/2025,18,4,N,NSPIN,3.8
12/08/2025,18,4,N,REGDN,0.53
12/08/2025,18,4,N,REGUP,0
12/08/2025,18,4,N,RRS,0.57
12/08/2025,18,3,N,ECRS,1.2
12/08/2025,18,3,N,NSPIN,4
12/08/2025,18,3,N,REGDN,0.9
12/08/2025,18,3,N,REGUP,0
12/08/2025,18,3,N,RRS,0.8
12/08/2025,18,2,N,ECRS,1.02
12/08/2025,18,2,N,NSPIN,3.12
12/08/2025,18,2,N,REGDN,0.84
12/08/2025,18,2,N,REGUP,0
12/08/2025,18,2,N,RRS,0.82
12/08/2025,18,1,N,ECRS,0.35
12/08/2025,18,1,N,NSPIN,1.37
12/08/2025,18,1,N,REGDN,1.21
12/08/2025,18,1,N,REGUP,0.01
12/08/2025,18,1,N,RRS,0.18
12/08/2025,19,4,N,ECRS,0.98
12/08/2025,19,4,N,NSPIN,3.92
12/08/2025,19,4,N,REGDN,1.28
12/08/2025,19,4,N,REGUP,0
12/08/2025,19,4,N,RRS,0.49
12/08/2025,19,3,N,ECRS,1
12/08/2025,19,3,N,NSPIN,4
12/08/2025,19,3,N,REGDN,1.27
12/08/2025,19,3,N,REGUP,0
12/08/2025,19,3,N,RRS,0.5
12/08/2025,19,2,N,ECRS,1.06
12/08/2025,19,2,N,NSPIN,4.26
12/08/2025,19,2,N,REGDN,0.21
12/08/2025,19,2,N,REGUP,0
12/08/2025,19,2,N,RRS,0.53
12/08/2025,19,1,N,ECRS,1.19
12/08/2025,19,1,N,NSPIN,6.51
12/08/2025,19,1,N,REGDN,0.96
12/08/2025,19,1,N,REGUP,0
12/08/2025,19,1,N,RRS,0.82
12/08/2025,20,4,N,ECRS,0.23
12/08/2025,20,4,N,NSPIN,1.1
12/08/2025,20,4,N,REGDN,1.17
12/08/2025,20,4,N,REGUP,0
12/08/2025,20,4,N,RRS,0.14
12/08/2025,20,3,N,ECRS,0.23
12/08/2025,20,3,N,NSPIN,1.1
12/08/2025,20,3,N,REGDN,0.96
12/08/2025,20,3,N,REGUP,0
12/08/2025,20,3,N,RRS,0.14
12/08/2025,20,2,N,ECRS,0.3
12/08/2025,20,2,N,NSPIN,1.37
12/08/2025,20,2,N,REGDN,1.31
12/08/2025,20,2,N,REGUP,0
12/08/2025,20,2,N,RRS,0.17
12/08/2025,20,1,N,ECRS,0.59
12/08/2025,20,1,N,NSPIN,2.41
12/08/2025,20,1,N,REGDN,0.95
12/08/2025,20,1,N,REGUP,0
12/08/2025,20,1,N,RRS,0.3
12/08/2025,21,4,N,ECRS,0.33
12/08/2025,21,4,N,NSPIN,1.31
12/08/2025,21,4,N,REGDN,1.71
12/08/2025,21,4,N,REGUP,0.16
12/08/2025,21,4,N,RRS,0.16
12/08/2025,21,3,N,ECRS,0.35
12/08/2025,21,3,N,NSPIN,1.37
12/08/2025,21,3,N,REGDN,1.52
12/08/2025,21,3,N,REGUP,0.17
12/08/2025,21,3,N,RRS,0.17
12/08/2025,21,2,N,ECRS,0.37
12/08/2025,21,2,N,NSPIN,1.45
12/08/2025,21,2,N,REGDN,0.83
12/08/2025,21,2,N,REGUP,0.18
12/08/2025,21,2,N,RRS,0.18
12/08/2025,21,1,N,ECRS,0.4
12/08/2025,21,1,N,NSPIN,1.6
12/08/2025,21,1,N,REGDN,0.93
12/08/2025,21,1,N,REGUP,0.28
12/08/2025,21,1,N,RRS,0.2
12/08/2025,22,4,N,ECRS,0.25
12/08/2025,22,4,N,NSPIN,1
12/08/2025,22,4,N,REGDN,0.61
12/08/2025,22,4,N,REGUP,0.12
12/08/2025,22,4,N,RRS,0.13
12/08/2025,22,3,N,ECRS,0.25
12/08/2025,22,3,N,NSPIN,1
12/08/2025,22,3,N,REGDN,0.58
12/08/2025,22,3,N,REGUP,0.19
12/08/2025,22,3,N,RRS,0.13
12/08/2025,22,2,N,ECRS,0.25
12/08/2025,22,2,N,NSPIN,1
12/08/2025,22,2,N,REGDN,0.72
12/08/2025,22,2,N,REGUP,0.33
12/08/2025,22,2,N,RRS,0.13
12/08/2025,22,1,N,ECRS,0.26
12/08/2025,22,1,N,NSPIN,1.03
12/08/2025,22,1,N,REGDN,0.65
12/08/2025,22,1,N,REGUP,0.27
12/08/2025,22,1,N,RRS,0.13
12/08/2025,23,4,N,ECRS,0.13
12/08/2025,23,4,N,NSPIN,0.49
12/08/2025,23,4,N,REGDN,0.26
12/08/2025,23,4,N,REGUP,0.33
12/08/2025,23,4,N,RRS,0.06
12/08/2025,23,3,N,ECRS,0.16
12/08/2025,23,3,N,NSPIN,0.65
12/08/2025,23,3,N,REGDN,0.49
12/08/2025,23,3,N,REGUP,0.38
12/08/2025,23,3,N,RRS,0.08
12/08/2025,23,2,N,ECRS,0.19
12/08/2025,23,2,N,NSPIN,0.77
12/08/2025,23,2,N,REGDN,0.41
12/08/2025,23,2,N,REGUP,0.24
12/08/2025,23,2,N,RRS,0.09
12/08/2025,23,1,N,ECRS,0.24
12/08/2025,23,1,N,NSPIN,0.97
12/08/2025,23,1,N,REGDN,0.58
12/08/2025,23,1,N,REGUP,0.26
12/08/2025,23,1,N,RRS,0.12
12/08/2025,24,4,N,ECRS,0
12/08/2025,24,4,N,NSPIN,0.39
12/08/2025,24,4,N,REGDN,0.27
12/08/2025,24,4,N,REGUP,0.06
12/08/2025,24,4,N,RRS,0.05
12/08/2025,24,3,N,ECRS,0
12/08/2025,24,3,N,NSPIN,0.29
12/08/2025,24,3,N,REGDN,0.55
12/08/2025,24,3,N,REGUP,0.48
12/08/2025,24,3,N,RRS,0.04
12/08/2025,24,2,N,ECRS,0
12/08/2025,24,2,N,NSPIN,0.3
12/08/2025,24,2,N,REGDN,0.4
12/08/2025,24,2,N,REGUP,0.7
12/08/2025,24,2,N,RRS,0.04
12/08/2025,24,1,N,ECRS,0
12/08/2025,24,1,N,NSPIN,0.44
12/08/2025,24,1,N,REGDN,0.6
12/08/2025,24,1,N,REGUP,0.74
12/08/2025,24,1,N,RRS,0.06
12/09/2025,1,4,N,ECRS,0
12/09/2025,1,4,N,NSPIN,0.25
12/09/2025,1,4,N,REGDN,0.3
12/09/2025,1,4,N,REGUP,0.22
12/09/2025,1,4,N,RRS,0.03
12/09/2025,1,3,N,ECRS,0
12/09/2025,1,3,N,NSPIN,0.25
12/09/2025,1,3,N,REGDN,0.23
12/09/2025,1,3,N,REGUP,0.21
12/09/2025,1,3,N,RRS,0.03
12/09/2025,1,2,N,ECRS,0
12/09/2025,1,2,N,NSPIN,0.38
12/09/2025,1,2,N,REGDN,0.42
12/09/2025,1,2,N,REGUP,0.27
12/09/2025,1,2,N,RRS,0.05
12/09/2025,1,1,N,ECRS,0
12/09/2025,1,1,N,NSPIN,0.37
12/09/2025,1,1,N,REGDN,0.18
12/09/2025,1,1,N,REGUP,0.26
12/09/2025,1,1,N,RRS,0.05
12/09/2025,2,4,N,ECRS,0
12/09/2025,2,4,N,NSPIN,0.29
12/09/2025,2,4,N,REGDN,0.63
12/09/2025,2,4,N,REGUP,0.02
12/09/2025,2,4,N,RRS,0.04
12/09/2025,2,3,N,ECRS,0
12/09/2025,2,3,N,NSPIN,0.28
12/09/2025,2,3,N,REGDN,0.68
12/09/2025,2,3,N,REGUP,0.03
12/09/2025,2,3,N,RRS,0.03
12/09/2025,2,2,N,ECRS,0
12/09/2025,2,2,N,NSPIN,0.3
12/09/2025,2,2,N,REGDN,0.83
12/09/2025,2,2,N,REGUP,0.04
12/09/2025,2,2,N,RRS,0.04
12/09/2025,2,1,N,ECRS,0
12/09/2025,2,1,N,NSPIN,0.26
12/09/2025,2,1,N,REGDN,0.75
12/09/2025,2,1,N,REGUP,0.11
12/09/2025,2,1,N,RRS,0.03
12/09/2025,3,4,N,ECRS,0
12/09/2025,3,4,N,NSPIN,0.11
12/09/2025,3,4,N,REGDN,0.21
12/09/2025,3,4,N,REGUP,0.05
12/09/2025,3,4,N,RRS,0.01
12/09/2025,3,3,N,ECRS,0
12/09/2025,3,3,N,NSPIN,0.19
12/09/2025,3,3,N,REGDN,0.21
12/09/2025,3,3,N,REGUP,0.1
12/09/2025,3,3,N,RRS,0.03
12/09/2025,3,2,N,ECRS,0
12/09/2025,3,2,N,NSPIN,0.23
12/09/2025,3,2,N,REGDN,0.25
12/09/2025,3,2,N,REGUP,0.1
12/09/2025,3,2,N,RRS,0.03
12/09/2025,3,1,N,ECRS,0
12/09/2025,3,1,N,NSPIN,0.24
12/09/2025,3,1,N,REGDN,0.41
12/09/2025,3,1,N,REGUP,0.14
12/09/2025,3,1,N,RRS,0.03
12/09/2025,4,4,N,ECRS,0.01
12/09/2025,4,4,N,NSPIN,0.12
12/09/2025,4,4,N,REGDN,0.07
12/09/2025,4,4,N,REGUP,0.12
12/09/2025,4,4,N,RRS,0.02
12/09/2025,4,3,N,ECRS,0.01
12/09/2025,4,3,N,NSPIN,0.12
12/09/2025,4,3,N,REGDN,0.1
12/09/2025,4,3,N,REGUP,0.07
12/09/2025,4,3,N,RRS,0.01
12/09/2025,4,2,N,ECRS,0.01
12/09/2025,4,2,N,NSPIN,0.1
12/09/2025,4,2,N,REGDN,0.07
12/09/2025,4,2,N,REGUP,0.05
12/09/2025,4,2,N,RRS,0.01
12/09/2025,4,1,N,ECRS,0.01
12/09/2025,4,1,N,NSPIN,0.1
12/09/2025,4,1,N,REGDN,0.22
12/09/2025,4,1,N,REGUP,0.05
12/09/2025,4,1,N,RRS,0.01
12/09/2025,5,4,N,ECRS,0.03
12/09/2025,5,4,N,NSPIN,0.25
12/09/2025,5,4,N,REGDN,0.19
12/09/2025,5,4,N,REGUP,0.45
12/09/2025,5,4,N,RRS,0.03
12/09/2025,5,3,N,ECRS,0.03
12/09/2025,5,3,N,NSPIN,0.25
12/09/2025,5,3,N,REGDN,0.36
12/09/2025,5,3,N,REGUP,0.5
12/09/2025,5,3,N,RRS,0.03
12/09/2025,5,2,N,ECRS,0.03
12/09/2025,5,2,N,NSPIN,0.22
12/09/2025,5,2,N,REGDN,0.08
12/09/2025,5,2,N,REGUP,0.3
12/09/2025,5,2,N,RRS,0.03
12/09/2025,5,1,N,ECRS,0.02
12/09/2025,5,1,N,NSPIN,0.21
12/09/2025,5,1,N,REGDN,0.41
12/09/2025,5,1,N,REGUP,0.36
12/09/2025,5,1,N,RRS,0.03
12/09/2025,6,4,N,ECRS,0.08
12/09/2025,6,4,N,NSPIN,0.32
12/09/2025,6,4,N,REGDN,0
12/09/2025,6,4,N,REGUP,0
12/09/2025,6,4,N,RRS,0.04
12/09/2025,6,3,N,ECRS,0.06
12/09/2025,6,3,N,NSPIN,0.25
12/09/2025,6,3,N,REGDN,0
12/09/2025,6,3,N,REGUP,0
12/09/2025,6,3,N,RRS,0.03
12/09/2025,6,2,N,ECRS,0.06
12/09/2025,6,2,N,NSPIN,0.25
12/09/2025,6,2,N,REGDN,0.06
12/09/2025,6,2,N,REGUP,0
12/09/2025,6,2,N,RRS,0.03
12/09/2025,6,1,N,ECRS,0.06
12/09/2025,6,1,N,NSPIN,0.25
12/09/2025,6,1,N,REGDN,0.05
12/09/2025,6,1,N,REGUP,0.01
12/09/2025,6,1,N,RRS,0.03
12/09/2025,7,4,N,ECRS,2.97
12/09/2025,7,4,N,NSPIN,4.69
12/09/2025,7,4,N,REGDN,0.01
12/09/2025,7,4,N,REGUP,3
12/09/2025,7,4,N,RRS,3
12/09/2025,7,3,N,ECRS,1.1
12/09/2025,7,3,N,NSPIN,3.84
12/09/2025,7,3,N,REGDN,0.57
12/09/2025,7,3,N,REGUP,1.31
12/09/2025,7,3,N,RRS,1.31
12/09/2025,7,2,N,ECRS,0.92
12/09/2025,7,2,N,NSPIN,3.67
12/09/2025,7,2,N,REGDN,0.47
12/09/2025,7,2,N,REGUP,0.68
12/09/2025,7,2,N,RRS,0.68
12/09/2025,7,1,N,ECRS,0.85
12/09/2025,7,1,N,NSPIN,3.4
12/09/2025,7,1,N,REGDN,0.66
12/09/2025,7,1,N,REGUP,0.5
12/09/2025,7,1,N,RRS,0.5
12/09/2025,8,4,N,ECRS,0.79
12/09/2025,8,4,N,NSPIN,3.7
12/09/2025,8,4,N,REGDN,0.29
12/09/2025,8,4,N,REGUP,1.01
12/09/2025,8,4,N,RRS,0.94
12/09/2025,8,3,N,ECRS,0.95
12/09/2025,8,3,N,NSPIN,4.28
12/09/2025,8,3,N,REGDN,0.32
12/09/2025,8,3,N,REGUP,2.96
12/09/2025,8,3,N,RRS,2.8
12/09/2025,8,2,N,ECRS,1.46
12/09/2025,8,2,N,NSPIN,4.87
12/09/2025,8,2,N,REGDN,0.7
12/09/2025,8,2,N,REGUP,4.19
12/09/2025,8,2,N,RRS,4.19
12/09/2025,8,1,N,ECRS,2.61
12/09/2025,8,1,N,NSPIN,4.85
12/09/2025,8,1,N,REGDN,0.68
12/09/2025,8,1,N,REGUP,4.39
12/09/2025,8,1,N,RRS,4.39
12/09/2025,9,4,N,ECRS,0.03
12/09/2025,9,4,N,NSPIN,0.25
12/09/2025,9,4,N,REGDN,1.03
12/09/2025,9,4,N,REGUP,0.07
12/09/2025,9,4,N,RRS,0.03
12/09/2025,9,3,N,ECRS,0.05
12/09/2025,9,3,N,NSPIN,0.3
12/09/2025,9,3,N,REGDN,1.33
12/09/2025,9,3,N,REGUP,0.04
12/09/2025,9,3,N,RRS,0.04
12/09/2025,9,2,N,ECRS,0.14
12/09/2025,9,2,N,NSPIN,0.64
12/09/2025,9,2,N,REGDN,1.33
12/09/2025,9,2,N,REGUP,0.08
12/09/2025,9,2,N,RRS,0.08
12/09/2025,9,1,N,ECRS,0.24
12/09/2025,9,1,N,NSPIN,1.05
12/09/2025,9,1,N,REGDN,1.15
12/09/2025,9,1,N,REGUP,0.19
12/09/2025,9,1,N,RRS,0.14
12/09/2025,10,4,N,ECRS,0.23
12/09/2025,10,4,N,NSPIN,0.92
12/09/2025,10,4,N,REGDN,0.58
12/09/2025,10,4,N,REGUP,0.38
12/09/2025,10,4,N,RRS,0.12
12/09/2025,10,3,N,ECRS,0.14
12/09/2025,10,3,N,NSPIN,0.91
12/09/2025,10,3,N,REGDN,0.58
12/09/2025,10,3,N,REGUP,0.3
12/09/2025,10,3,N,RRS,0.11
12/09/2025,10,2,N,ECRS,0.16
12/09/2025,10,2,N,NSPIN,0.92
12/09/2025,10,2,N,REGDN,0.59
12/09/2025,10,2,N,REGUP,0.35
12/09/2025,10,2,N,RRS,0.12
12/09/2025,10,1,N,ECRS,0.07
12/09/2025,10,1,N,NSPIN,0.85
12/09/2025,10,1,N,REGDN,0.62
12/09/2025,10,1,N,REGUP,0.2
12/09/2025,10,1,N,RRS,0.1
12/09/2025,11,4,N,ECRS,0.11
12/09/2025,11,4,N,NSPIN,0.43
12/09/2025,11,4,N,REGDN,0.45
12/09/2025,11,4,N,REGUP,0.06
12/09/2025,11,4,N,RRS,0.06
12/09/2025,11,3,N,ECRS,0.14
12/09/2025,11,3,N,NSPIN,0.55
12/09/2025,11,3,N,REGDN,0.41
12/09/2025,11,3,N,REGUP,0.07
12/09/2025,11,3,N,RRS,0.07
12/09/2025,11,2,N,ECRS,0.21
12/09/2025,11,2,N,NSPIN,0.83
12/09/2025,11,2,N,REGDN,0.43
12/09/2025,11,2,N,REGUP,0.1
12/09/2025,11,2,N,RRS,0.1
12/09/2025,11,1,N,ECRS,0.21
12/09/2025,11,1,N,NSPIN,0.83
12/09/2025,11,1,N,REGDN,0.6
12/09/2025,11,1,N,REGUP,0.12
12/09/2025,11,1,N,RRS,0.11
12/09/2025,12,4,N,ECRS,0.14
12/09/2025,12,4,N,NSPIN,0.54
12/09/2025,12,4,N,REGDN,0.76
12/09/2025,12,4,N,REGUP,0.02
12/09/2025,12,4,N,RRS,0.07
12/09/2025,12,3,N,ECRS,0.16
12/09/2025,12,3,N,NSPIN,0.65
12/09/2025,12,3,N,REGDN,0.8
12/09/2025,12,3,N,REGUP,0
12/09/2025,12,3,N,RRS,0.08
12/09/2025,12,2,N,ECRS,0.16
12/09/2025,12,2,N,NSPIN,0.66
12/09/2025,12,2,N,REGDN,0.16
12/09/2025,12,2,N,REGUP,0
12/09/2025,12,2,N,RRS,0.08
12/09/2025,12,1,N,ECRS,0.18
12/09/2025,12,1,N,NSPIN,0.74
12/09/2025,12,1,N,REGDN,0.01
12/09/2025,12,1,N,REGUP,0
12/09/2025,12,1,N,RRS,0.09
12/09/2025,13,4,N,ECRS,0
12/09/2025,13,4,N,NSPIN,0.92
12/09/2025,13,4,N,REGDN,0.67
12/09/2025,13,4,N,REGUP,0.1
12/09/2025,13,4,N,RRS,0.12
12/09/2025,13,3,N,ECRS,0
12/09/2025,13,3,N,NSPIN,0.94
12/09/2025,13,3,N,REGDN,0.34
12/09/2025,13,3,N,REGUP,0.1
12/09/2025,13,3,N,RRS,0.12
12/09/2025,13,2,N,ECRS,0
12/09/2025,13,2,N,NSPIN,0.94
12/09/2025,13,2,N,REGDN,0.41
12/09/2025,13,2,N,REGUP,0.1
12/09/2025,13,2,N,RRS,0.12
12/09/2025,13,1,N,ECRS,0
12/09/2025,13,1,N,NSPIN,0.97
12/09/2025,13,1,N,REGDN,0.56
12/09/2025,13,1,N,REGUP,0.01
12/09/2025,13,1,N,RRS,0.12
12/09/2025,14,4,N,ECRS,0.06
12/09/2025,14,4,N,NSPIN,0.25
12/09/2025,14,4,N,REGDN,0.28
12/09/2025,14,4,N,REGUP,0.2
12/09/2025,14,4,N,RRS,0.03
12/09/2025,14,3,N,ECRS,0.06
12/09/2025,14,3,N,NSPIN,0.25
12/09/2025,14,3,N,REGDN,0.3
12/09/2025,14,3,N,REGUP,0.25
12/09/2025,14,3,N,RRS,0.03
12/09/2025,14,2,N,ECRS,0.06
12/09/2025,14,2,N,NSPIN,0.25
12/09/2025,14,2,N,REGDN,0.5
12/09/2025,14,2,N,REGUP,0.23
12/09/2025,14,2,N,RRS,0.03
12/09/2025,14,1,N,ECRS,0.06
12/09/2025,14,1,N,NSPIN,0.26
12/09/2025,14,1,N,REGDN,0.65
12/09/2025,14,1,N,REGUP,0.2
12/09/2025,14,1,N,RRS,0.03
12/09/2025,15,4,N,ECRS,0.03
12/09/2025,15,4,N,NSPIN,0.12
12/09/2025,15,4,N,REGDN,1.19
12/09/2025,15,4,N,REGUP,1.23
12/09/2025,15,4,N,RRS,0.02
12/09/2025,15,3,N,ECRS,0.04
12/09/2025,15,3,N,NSPIN,0.17
12/09/2025,15,3,N,REGDN,0.96
12/09/2025,15,3,N,REGUP,0.38
12/09/2025,15,3,N,RRS,0.02
12/09/2025,15,2,N,ECRS,0.05
12/09/2025,15,2,N,NSPIN,0.19
12/09/2025,15,2,N,REGDN,0.5
12/09/2025,15,2,N,REGUP,0.16
12/09/2025,15,2,N,RRS,0.03
12/09/2025,15,1,N,ECRS,0.06
12/09/2025,15,1,N,NSPIN,0.24
12/09/2025,15,1,N,REGDN,0.39
12/09/2025,15,1,N,REGUP,0.31
12/09/2025,15,1,N,RRS,0.03
12/09/2025,16,4,N,ECRS,0.01
12/09/2025,16,4,N,NSPIN,0.04
12/09/2025,16,4,N,REGDN,7.04
12/09/2025,16,4,N,REGUP,0.18
12/09/2025,16,4,N,RRS,0.01
12/09/2025,16,3,N,ECRS,0.01
12/09/2025,16,3,N,NSPIN,0.05
12/09/2025,16,3,N,REGDN,3.56
12/09/2025,16,3,N,REGUP,0.35
12/09/2025,16,3,N,RRS,0.01
12/09/2025,16,2,N,ECRS,0.02
12/09/2025,16,2,N,NSPIN,0.08
12/09/2025,16,2,N,REGDN,2.13
12/09/2025,16,2,N,REGUP,0.47
12/09/2025,16,2,N,RRS,0.01
12/09/2025,16,1,N,ECRS,0.03
12/09/2025,16,1,N,NSPIN,0.1
12/09/2025,16,1,N,REGDN,2.88
12/09/2025,16,1,N,REGUP,0.32
12/09/2025,16,1,N,RRS,0.01
12/09/2025,17,4,N,ECRS,0.05
12/09/2025,17,4,N,NSPIN,0.22
12/09/2025,17,4,N,REGDN,0.57
12/09/2025,17,4,N,REGUP,0.28
12/09/2025,17,4,N,RRS,0.03
12/09/2025,17,3,N,ECRS,0.04
12/09/2025,17,3,N,NSPIN,0.18
12/09/2025,17,3,N,REGDN,0.85
12/09/2025,17,3,N,REGUP,0.63
12/09/2025,17,3,N,RRS,0.02
12/09/2025,17,2,N,ECRS,0.04
12/09/2025,17,2,N,NSPIN,0.13
12/09/2025,17,2,N,REGDN,2.63
12/09/2025,17,2,N,REGUP,0.59
12/09/2025,17,2,N,RRS,0.02
12/09/2025,17,1,N,ECRS,0.03
12/09/2025,17,1,N,NSPIN,0.11
12/09/2025,17,1,N,REGDN,6.79
12/09/2025,17,1,N,REGUP,0.13
12/09/2025,17,1,N,RRS,0.01
12/09/2025,18,4,N,ECRS,1.14
12/09/2025,18,4,N,NSPIN,1.99
12/09/2025,18,4,N,REGDN,0.6
12/09/2025,18,4,N,REGUP,0.99
12/09/2025,18,4,N,RRS,0.99
12/09/2025,18,3,N,ECRS,1.99
12/09/2025,18,3,N,NSPIN,1.99
12/09/2025,18,3,N,REGDN,0.92
12/09/2025,18,3,N,REGUP,1.98
12/09/2025,18,3,N,RRS,1.99
12/09/2025,18,2,N,ECRS,0.96
12/09/2025,18,2,N,NSPIN,1.4
12/09/2025,18,2,N,REGDN,1.4
12/09/2025,18,2,N,REGUP,0.47
12/09/2025,18,2,N,RRS,0.89
12/09/2025,18,1,N,ECRS,0.26
12/09/2025,18,1,N,NSPIN,1
12/09/2025,18,1,N,REGDN,1.29
12/09/2025,18,1,N,REGUP,0.05
12/09/2025,18,1,N,RRS,0.14
12/09/2025,19,4,N,ECRS,0.28
12/09/2025,19,4,N,NSPIN,1.1
12/09/2025,19,4,N,REGDN,1.5
12/09/2025,19,4,N,REGUP,0
12/09/2025,19,4,N,RRS,0.14
12/09/2025,19,3,N,ECRS,0.28
12/09/2025,19,3,N,NSPIN,1.1
12/09/2025,19,3,N,REGDN,1.49
12/09/2025,19,3,N,REGUP,0
12/09/2025,19,3,N,RRS,0.14
12/09/2025,19,2,N,ECRS,0.28
12/09/2025,19,2,N,NSPIN,1.1
12/09/2025,19,2,N,REGDN,0.9
12/09/2025,19,2,N,REGUP,0
12/09/2025,19,2,N,RRS,0.14
12/09/2025,19,1,N,ECRS,0.3
12/09/2025,19,1,N,NSPIN,1.18
12/09/2025,19,1,N,REGDN,0.56
12/09/2025,19,1,N,REGUP,0
12/09/2025,19,1,N,RRS,0.15
12/09/2025,20,4,N,ECRS,0.26
12/09/2025,20,4,N,NSPIN,1.05
12/09/2025,20,4,N,REGDN,0.22
12/09/2025,20,4,N,REGUP,0
12/09/2025,20,4,N,RRS,0.13
12/09/2025,20,3,N,ECRS,0.25
12/09/2025,20,3,N,NSPIN,1.01
12/09/2025,20,3,N,REGDN,0.22
12/09/2025,20,3,N,REGUP,0
12/09/2025,20,3,N,RRS,0.13
12/09/2025,20,2,N,ECRS,0.25
12/09/2025,20,2,N,NSPIN,1
12/09/2025,20,2,N,REGDN,0.23
12/09/2025,20,2,N,REGUP,0
12/09/2025,20,2,N,RRS,0.13
12/09/2025,20,1,N,ECRS,0.3
12/09/2025,20,1,N,NSPIN,1.17
12/09/2025,20,1,N,REGDN,0.11
12/09/2025,20,1,N,REGUP,0
12/09/2025,20,1,N,RRS,0.15
12/09/2025,21,4,N,ECRS,0.25
12/09/2025,21,4,N,NSPIN,1
12/09/2025,21,4,N,REGDN,0.96
12/09/2025,21,4,N,REGUP,0.13
12/09/2025,21,4,N,RRS,0.13
12/09/2025,21,3,N,ECRS,0.26
12/09/2025,21,3,N,NSPIN,1.03
12/09/2025,21,3,N,REGDN,0.85
12/09/2025,21,3,N,REGUP,0.13
12/09/2025,21,3,N,RRS,0.13
12/09/2025,21,2,N,ECRS,0.28
12/09/2025,21,2,N,NSPIN,1.1
12/09/2025,21,2,N,REGDN,0.66
12/09/2025,21,2,N,REGUP,0.14
12/09/2025,21,2,N,RRS,0.14
12/09/2025,21,1,N,ECRS,0.31
12/09/2025,21,1,N,NSPIN,1.2
12/09/2025,21,1,N,REGDN,0.66
12/09/2025,21,1,N,REGUP,0.15
12/09/2025,21,1,N,RRS,0.15
12/09/2025,22,4,N,ECRS,0.13
12/09/2025,22,4,N,NSPIN,0.5
12/09/2025,22,4,N,REGDN,0.6
12/09/2025,22,4,N,REGUP,0.06
12/09/2025,22,4,N,RRS,0.06
12/09/2025,22,3,N,ECRS,0.14
12/09/2025,22,3,N,NSPIN,0.53
12/09/2025,22,3,N,REGDN,0.6
12/09/2025,22,3,N,REGUP,0.1
12/09/2025,22,3,N,RRS,0.07
12/09/2025,22,2,N,ECRS,0.23
12/09/2025,22,2,N,NSPIN,0.92
12/09/2025,22,2,N,REGDN,0.6
12/09/2025,22,2,N,REGUP,0.12
12/09/2025,22,2,N,RRS,0.12
12/09/2025,22,1,N,ECRS,0.24
12/09/2025,22,1,N,NSPIN,0.96
12/09/2025,22,1,N,REGDN,0.61
12/09/2025,22,1,N,REGUP,0.12
12/09/2025,22,1,N,RRS,0.12
12/09/2025,23,4,N,ECRS,0.13
12/09/2025,23,4,N,NSPIN,0.5
12/09/2025,23,4,N,REGDN,0.57
12/09/2025,23,4,N,REGUP,0.34
12/09/2025,23,4,N,RRS,0.06
12/09/2025,23,3,N,ECRS,0.14
12/09/2025,23,3,N,NSPIN,0.57
12/09/2025,23,3,N,REGDN,0.37
12/09/2025,23,3,N,REGUP,0.07
12/09/2025,23,3,N,RRS,0.07
12/09/2025,23,2,N,ECRS,0.15
12/09/2025,23,2,N,NSPIN,0.61
12/09/2025,23,2,N,REGDN,0.19
12/09/2025,23,2,N,REGUP,0.08
12/09/2025,23,2,N,RRS,0.08
12/09/2025,23,1,N,ECRS,0.18
12/09/2025,23,1,N,NSPIN,0.7
12/09/2025,23,1,N,REGDN,0.65
12/09/2025,23,1,N,REGUP,0.17
12/09/2025,23,1,N,RRS,0.09
12/09/2025,24,4,N,ECRS,0.03
12/09/2025,24,4,N,NSPIN,0.27
12/09/2025,24,4,N,REGDN,0.98
12/09/2025,24,4,N,REGUP,0.54
12/09/2025,24,4,N,RRS,0.03
12/09/2025,24,3,N,ECRS,0.07
12/09/2025,24,3,N,NSPIN,0.31
12/09/2025,24,3,N,REGDN,0.51
12/09/2025,24,3,N,REGUP,0.38
12/09/2025,24,3,N,RRS,0.04
12/09/2025,24,2,N,ECRS,0.09
12/09/2025,24,2,N,NSPIN,0.37
12/09/2025,24,2,N,REGDN,0.53
12/09/2025,24,2,N,REGUP,0.49
12/09/2025,24,2,N,RRS,0.05
12/09/2025,24,1,N,ECRS,0.07
12/09/2025,24,1,N,NSPIN,0.39
12/09/2025,24,1,N,REGDN,0.37
12/09/2025,24,1,N,REGUP,0.4
12/09/2025,24,1,N,RRS,0.05
12/10/2025,1,4,N,ECRS,0
12/10/2025,1,4,N,NSPIN,0.25
12/10/2025,1,4,N,REGDN,0.78
12/10/2025,1,4,N,REGUP,0.2
12/10/2025,1,4,N,RRS,0.03
12/10/2025,1,3,N,ECRS,0
12/10/2025,1,3,N,NSPIN,0.25
12/10/2025,1,3,N,REGDN,0.56
12/10/2025,1,3,N,REGUP,0.25
12/10/2025,1,3,N,RRS,0.03
12/10/2025,1,2,N,ECRS,0
12/10/2025,1,2,N,NSPIN,0.25
12/10/2025,1,2,N,REGDN,0.81
12/10/2025,1,2,N,REGUP,0.27
12/10/2025,1,2,N,RRS,0.03
12/10/2025,1,1,N,ECRS,0
12/10/2025,1,1,N,NSPIN,0.25
12/10/2025,1,1,N,REGDN,0.7
12/10/2025,1,1,N,REGUP,0.29
12/10/2025,1,1,N,RRS,0.03
12/10/2025,2,4,N,ECRS,0.06
12/10/2025,2,4,N,NSPIN,0.25
12/10/2025,2,4,N,REGDN,0.24
12/10/2025,2,4,N,REGUP,0.61
12/10/2025,2,4,N,RRS,0.03
12/10/2025,2,3,N,ECRS,0.06
12/10/2025,2,3,N,NSPIN,0.25
12/10/2025,2,3,N,REGDN,0.54
12/10/2025,2,3,N,REGUP,0.34
12/10/2025,2,3,N,RRS,0.03
12/10/2025,2,2,N,ECRS,0.06
12/10/2025,2,2,N,NSPIN,0.25
12/10/2025,2,2,N,REGDN,0.65
12/10/2025,2,2,N,REGUP,0.24
12/10/2025,2,2,N,RRS,0.03
12/10/2025,2,1,N,ECRS,0.06
12/10/2025,2,1,N,NSPIN,0.25
12/10/2025,2,1,N,REGDN,0.57
12/10/2025,2,1,N,REGUP,0.26
12/10/2025,2,1,N,RRS,0.03
12/10/2025,3,4,N,ECRS,0
12/10/2025,3,4,N,NSPIN,0.25
12/10/2025,3,4,N,REGDN,0.14
12/10/2025,3,4,N,REGUP,0.44
12/10/2025,3,4,N,RRS,0.03
12/10/2025,3,3,N,ECRS,0
12/10/2025,3,3,N,NSPIN,0.25
12/10/2025,3,3,N,REGDN,0.28
12/10/2025,3,3,N,REGUP,0.34
12/10/2025,3,3,N,RRS,0.03
12/10/2025,3,2,N,ECRS,0
12/10/2025,3,2,N,NSPIN,0.25
12/10/2025,3,2,N,REGDN,0.2
12/10/2025,3,2,N,REGUP,0.29
12/10/2025,3,2,N,RRS,0.03
12/10/2025,3,1,N,ECRS,0
12/10/2025,3,1,N,NSPIN,0.25
12/10/2025,3,1,N,REGDN,0.17
12/10/2025,3,1,N,REGUP,0.45
12/10/2025,3,1,N,RRS,0.03
12/10/2025,4,4,N,ECRS,0.06
12/10/2025,4,4,N,NSPIN,0.25
12/10/2025,4,4,N,REGDN,0.71
12/10/2025,4,4,N,REGUP,0.48
12/10/2025,4,4,N,RRS,0.03
12/10/2025,4,3,N,ECRS,0.06
12/10/2025,4,3,N,NSPIN,0.25
12/10/2025,4,3,N,REGDN,0.54
12/10/2025,4,3,N,REGUP,0.59
12/10/2025,4,3,N,RRS,0.03
12/10/2025,4,2,N,ECRS,0.06
12/10/2025,4,2,N,NSPIN,0.25
12/10/2025,4,2,N,REGDN,0.49
12/10/2025,4,2,N,REGUP,0.66
12/10/2025,4,2,N,RRS,0.03
12/10/2025,4,1,N,ECRS,0.06
12/10/2025,4,1,N,NSPIN,0.25
12/10/2025,4,1,N,REGDN,0.52
12/10/2025,4,1,N,REGUP,0.69
12/10/2025,4,1,N,RRS,0.03
12/10/2025,5,4,N,ECRS,0.08
12/10/2025,5,4,N,NSPIN,0.31
12/10/2025,5,4,N,REGDN,0.07
12/10/2025,5,4,N,REGUP,0.24
12/10/2025,5,4,N,RRS,0.04
12/10/2025,5,3,N,ECRS,0.1
12/10/2025,5,3,N,NSPIN,0.37
12/10/2025,5,3,N,REGDN,0.07
12/10/2025,5,3,N,REGUP,0.29
12/10/2025,5,3,N,RRS,0.05
12/10/2025,5,2,N,ECRS,0.09
12/10/2025,5,2,N,NSPIN,0.36
12/10/2025,5,2,N,REGDN,0.07
12/10/2025,5,2,N,REGUP,0.35
12/10/2025,5,2,N,RRS,0.04
12/10/2025,5,1,N,ECRS,0.09
12/10/2025,5,1,N,NSPIN,0.33
12/10/2025,5,1,N,REGDN,0.08
12/10/2025,5,1,N,REGUP,0.3
12/10/2025,5,1,N,RRS,0.04
12/10/2025,6,4,N,ECRS,0.19
12/10/2025,6,4,N,NSPIN,0.77
12/10/2025,6,4,N,REGDN,1.67
12/10/2025,6,4,N,REGUP,0.1
12/10/2025,6,4,N,RRS,0.1
12/10/2025,6,3,N,ECRS,0.18
12/10/2025,6,3,N,NSPIN,0.72
12/10/2025,6,3,N,REGDN,1.65
12/10/2025,6,3,N,REGUP,0.09
12/10/2025,6,3,N,RRS,0.09
12/10/2025,6,2,N,ECRS,0.19
12/10/2025,6,2,N,NSPIN,0.75
12/10/2025,6,2,N,REGDN,1.66
12/10/2025,6,2,N,REGUP,0.09
12/10/2025,6,2,N,RRS,0.09
12/10/2025,6,1,N,ECRS,0.13
12/10/2025,6,1,N,NSPIN,0.53
12/10/2025,6,1,N,REGDN,1.51
12/10/2025,6,1,N,REGUP,0.07
12/10/2025,6,1,N,RRS,0.07
12/10/2025,7,4,N,ECRS,0.39
12/10/2025,7,4,N,NSPIN,3.12
12/10/2025,7,4,N,REGDN,0.26
12/10/2025,7,4,N,REGUP,0.39
12/10/2025,7,4,N,RRS,0.39
12/10/2025,7,3,N,ECRS,0.37
12/10/2025,7,3,N,NSPIN,2.99
12/10/2025,7,3,N,REGDN,0.2
12/10/2025,7,3,N,REGUP,0.38
12/10/2025,7,3,N,RRS,0.38
12/10/2025,7,2,N,ECRS,0.34
12/10/2025,7,2,N,NSPIN,2.72
12/10/2025,7,2,N,REGDN,0.2
12/10/2025,7,2,N,REGUP,0.34
12/10/2025,7,2,N,RRS,0.34
12/10/2025,7,1,N,ECRS,0.1
12/10/2025,7,1,N,NSPIN,1.8
12/10/2025,7,1,N,REGDN,0.23
12/10/2025,7,1,N,REGUP,0.38
12/10/2025,7,1,N,RRS,0.23
12/10/2025,8,4,N,ECRS,0.57
12/10/2025,8,4,N,NSPIN,2.35
12/10/2025,8,4,N,REGDN,0.03
12/10/2025,8,4,N,REGUP,0.37
12/10/2025,8,4,N,RRS,0.3
12/10/2025,8,3,N,ECRS,0.59
12/10/2025,8,3,N,NSPIN,3.15
12/10/2025,8,3,N,REGDN,0.31
12/10/2025,8,3,N,REGUP,0.39
12/10/2025,8,3,N,RRS,0.39
12/10/2025,8,2,N,ECRS,0.64
12/10/2025,8,2,N,NSPIN,3.67
12/10/2025,8,2,N,REGDN,0.25
12/10/2025,8,2,N,REGUP,0.46
12/10/2025,8,2,N,RRS,0.46
12/10/2025,8,1,N,ECRS,0.5
12/10/2025,8,1,N,NSPIN,3.38
12/10/2025,8,1,N,REGDN,0.47
12/10/2025,8,1,N,REGUP,0.42
12/10/2025,8,1,N,RRS,0.42
12/10/2025,9,4,N,ECRS,0.21
12/10/2025,9,4,N,NSPIN,0.83
12/10/2025,9,4,N,REGDN,0.18
12/10/2025,9,4,N,REGUP,0.37
12/10/2025,9,4,N,RRS,0.1
12/10/2025,9,3,N,ECRS,0.24
12/10/2025,9,3,N,NSPIN,0.94
12/10/2025,9,3,N,REGDN,0.42
12/10/2025,9,3,N,REGUP,0.58
12/10/2025,9,3,N,RRS,0.12
12/10/2025,9,2,N,ECRS,0.25
12/10/2025,9,2,N,NSPIN,1
12/10/2025,9,2,N,REGDN,0.74
12/10/2025,9,2,N,REGUP,1.02
12/10/2025,9,2,N,RRS,0.13
12/10/2025,9,1,N,ECRS,0.35
12/10/2025,9,1,N,NSPIN,1.4
12/10/2025,9,1,N,REGDN,0.68
12/10/2025,9,1,N,REGUP,0.71
12/10/2025,9,1,N,RRS,0.18
12/10/2025,10,4,N,ECRS,0.08
12/10/2025,10,4,N,NSPIN,0.3
12/10/2025,10,4,N,REGDN,0.7
12/10/2025,10,4,N,REGUP,0.14
12/10/2025,10,4,N,RRS,0.04
12/10/2025,10,3,N,ECRS,0.08
12/10/2025,10,3,N,NSPIN,0.34
12/10/2025,10,3,N,REGDN,0.28
12/10/2025,10,3,N,REGUP,0.14
12/10/2025,10,3,N,RRS,0.04
12/10/2025,10,2,N,ECRS,0.1
12/10/2025,10,2,N,NSPIN,0.38
12/10/2025,10,2,N,REGDN,0.26
12/10/2025,10,2,N,REGUP,0.15
12/10/2025,10,2,N,RRS,0.05
12/10/2025,10,1,N,ECRS,0.12
12/10/2025,10,1,N,NSPIN,0.51
12/10/2025,10,1,N,REGDN,0.3
12/10/2025,10,1,N,REGUP,0.2
12/10/2025,10,1,N,RRS,0.06
12/10/2025,11,4,N,ECRS,0.06
12/10/2025,11,4,N,NSPIN,0.25
12/10/2025,11,4,N,REGDN,1.44
12/10/2025,11,4,N,REGUP,0.13
12/10/2025,11,4,N,RRS,0.03
12/10/2025,11,3,N,ECRS,0.05
12/10/2025,11,3,N,NSPIN,0.25
12/10/2025,11,3,N,REGDN,0.66
12/10/2025,11,3,N,REGUP,0.1
12/10/2025,11,3,N,RRS,0.03
12/10/2025,11,2,N,ECRS,0.08
12/10/2025,11,2,N,NSPIN,0.3
12/10/2025,11,2,N,REGDN,0.5
12/10/2025,11,2,N,REGUP,0.11
12/10/2025,11,2,N,RRS,0.04
12/10/2025,11,1,N,ECRS,0.1
12/10/2025,11,1,N,NSPIN,0.4
12/10/2025,11,1,N,REGDN,0.58
12/10/2025,11,1,N,REGUP,0.08
12/10/2025,11,1,N,RRS,0.05
12/10/2025,12,4,N,ECRS,0.01
12/10/2025,12,4,N,NSPIN,0.25
12/10/2025,12,4,N,REGDN,0.57
12/10/2025,12,4,N,REGUP,0.1
12/10/2025,12,4,N,RRS,0.03
12/10/2025,12,3,N,ECRS,0.01
12/10/2025,12,3,N,NSPIN,0.27
12/10/2025,12,3,N,REGDN,0.57
12/10/2025,12,3,N,REGUP,0.03
12/10/2025,12,3,N,RRS,0.03
12/10/2025,12,2,N,ECRS,0.01
12/10/2025,12,2,N,NSPIN,0.31
12/10/2025,12,2,N,REGDN,0.62
12/10/2025,12,2,N,REGUP,0.11
12/10/2025,12,2,N,RRS,0.04
12/10/2025,12,1,N,ECRS,0.01
12/10/2025,12,1,N,NSPIN,0.41
12/10/2025,12,1,N,REGDN,1.32
12/10/2025,12,1,N,REGUP,0.28
12/10/2025,12,1,N,RRS,0.05
12/10/2025,13,4,N,ECRS,0.01
12/10/2025,13,4,N,NSPIN,0.25
12/10/2025,13,4,N,REGDN,0.32
12/10/2025,13,4,N,REGUP,0.27
12/10/2025,13,4,N,RRS,0.03
12/10/2025,13,3,N,ECRS,0.01
12/10/2025,13,3,N,NSPIN,0.25
12/10/2025,13,3,N,REGDN,0.22
12/10/2025,13,3,N,REGUP,0.24
12/10/2025,13,3,N,RRS,0.03
12/10/2025,13,2,N,ECRS,0.01
12/10/2025,13,2,N,NSPIN,0.25
12/10/2025,13,2,N,REGDN,0.26
12/10/2025,13,2,N,REGUP,0.39
12/10/2025,13,2,N,RRS,0.03
12/10/2025,13,1,N,ECRS,0.02
12/10/2025,13,1,N,NSPIN,0.25
12/10/2025,13,1,N,REGDN,0.43
12/10/2025,13,1,N,REGUP,0.36
12/10/2025,13,1,N,RRS,0.03
12/10/2025,14,4,N,ECRS,0.03
12/10/2025,14,4,N,NSPIN,0.12
12/10/2025,14,4,N,REGDN,1.32
12/10/2025,14,4,N,REGUP,0.3
12/10/2025,14,4,N,RRS,0.02
12/10/2025,14,3,N,ECRS,0.03
12/10/2025,14,3,N,NSPIN,0.13
12/10/2025,14,3,N,REGDN,0.37
12/10/2025,14,3,N,REGUP,0.35
12/10/2025,14,3,N,RRS,0.02
12/10/2025,14,2,N,ECRS,0.05
12/10/2025,14,2,N,NSPIN,0.19
12/10/2025,14,2,N,REGDN,0.73
12/10/2025,14,2,N,REGUP,0.38
12/10/2025,14,2,N,RRS,0.02
12/10/2025,14,1,N,ECRS,0.05
12/10/2025,14,1,N,NSPIN,0.2
12/10/2025,14,1,N,REGDN,0.48
12/10/2025,14,1,N,REGUP,0.42
12/10/2025,14,1,N,RRS,0.03
12/10/2025,15,4,N,ECRS,0.02
12/10/2025,15,4,N,NSPIN,0.08
12/10/2025,15,4,N,REGDN,5.93
12/10/2025,15,4,N,REGUP,0.72
12/10/2025,15,4,N,RRS,0.01
12/10/2025,15,3,N,ECRS,0.02
12/10/2025,15,3,N,NSPIN,0.09
12/10/2025,15,3,N,REGDN,2.69
12/10/2025,15,3,N,REGUP,0.9
12/10/2025,15,3,N,RRS,0.01
12/10/2025,15,2,N,ECRS,0.03
12/10/2025,15,2,N,NSPIN,0.1
12/10/2025,15,2,N,REGDN,1.82
12/10/2025,15,2,N,REGUP,0.86
12/10/2025,15,2,N,RRS,0.01
12/10/2025,15,1,N,ECRS,0.02
12/10/2025,15,1,N,NSPIN,0.09
12/10/2025,15,1,N,REGDN,2.25
12/10/2025,15,1,N,REGUP,0.71
12/10/2025,15,1,N,RRS,0.01
12/10/2025,16,4,N,ECRS,0.03
12/10/2025,16,4,N,NSPIN,0.11
12/10/2025,16,4,N,REGDN,17.27
12/10/2025,16,4,N,REGUP,0.3
12/10/2025,16,4,N,RRS,0.01
12/10/2025,16,3,N,ECRS,0.03
12/10/2025,16,3,N,NSPIN,0.1
12/10/2025,16,3,N,REGDN,11.9
12/10/2025,16,3,N,REGUP,0.6
12/10/2025,16,3,N,RRS,0.01
12/10/2025,16,2,N,ECRS,0.03
12/10/2025,16,2,N,NSPIN,0.12
12/10/2025,16,2,N,REGDN,3.88
12/10/2025,16,2,N,REGUP,0.6
12/10/2025,16,2,N,RRS,0.02
12/10/2025,16,1,N,ECRS,0.03
12/10/2025,16,1,N,NSPIN,0.13
12/10/2025,16,1,N,REGDN,6.04
12/10/2025,16,1,N,REGUP,0.56
12/10/2025,16,1,N,RRS,0.02
12/10/2025,17,4,N,ECRS,0.04
12/10/2025,17,4,N,NSPIN,0.18
12/10/2025,17,4,N,REGDN,0.77
12/10/2025,17,4,N,REGUP,2.2
12/10/2025,17,4,N,RRS,0.02
12/10/2025,17,3,N,ECRS,0.01
12/10/2025,17,3,N,NSPIN,0.04
12/10/2025,17,3,N,REGDN,0.22
12/10/2025,17,3,N,REGUP,2.12
12/10/2025,17,3,N,RRS,0.01
12/10/2025,17,2,N,ECRS,0.01
12/10/2025,17,2,N,NSPIN,0.02
12/10/2025,17,2,N,REGDN,0.67
12/10/2025,17,2,N,REGUP,1.97
12/10/2025,17,2,N,RRS,0
12/10/2025,17,1,N,ECRS,0
12/10/2025,17,1,N,NSPIN,0.01
12/10/2025,17,1,N,REGDN,1.97
12/10/2025,17,1,N,REGUP,0.53
12/10/2025,17,1,N,RRS,0
12/10/2025,18,4,N,ECRS,0.76
12/10/2025,18,4,N,NSPIN,4.05
12/10/2025,18,4,N,REGDN,1.91
12/10/2025,18,4,N,REGUP,0.51
12/10/2025,18,4,N,RRS,0.51
12/10/2025,18,3,N,ECRS,0.94
12/10/2025,18,3,N,NSPIN,7.31
12/10/2025,18,3,N,REGDN,1.86
12/10/2025,18,3,N,REGUP,0.96
12/10/2025,18,3,N,RRS,0.93
12/10/2025,18,2,N,ECRS,0.58
12/10/2025,18,2,N,NSPIN,2.33
12/10/2025,18,2,N,REGDN,1.89
12/10/2025,18,2,N,REGUP,0.76
12/10/2025,18,2,N,RRS,0.3
12/10/2025,18,1,N,ECRS,0.4
12/10/2025,18,1,N,NSPIN,1.59
12/10/2025,18,1,N,REGDN,1.17
12/10/2025,18,1,N,REGUP,0.04
12/10/2025,18,1,N,RRS,0.2
12/10/2025,19,4,N,ECRS,1.89
12/10/2025,19,4,N,NSPIN,8.02
12/10/2025,19,4,N,REGDN,0.2
12/10/2025,19,4,N,REGUP,0.5
12/10/2025,19,4,N,RRS,1.01
12/10/2025,19,3,N,ECRS,1.75
12/10/2025,19,3,N,NSPIN,7.44
12/10/2025,19,3,N,REGDN,0.48
12/10/2025,19,3,N,REGUP,0.54
12/10/2025,19,3,N,RRS,0.93
12/10/2025,19,2,N,ECRS,1.55
12/10/2025,19,2,N,NSPIN,6.73
12/10/2025,19,2,N,REGDN,0.81
12/10/2025,19,2,N,REGUP,0.47
12/10/2025,19,2,N,RRS,0.84
12/10/2025,19,1,N,ECRS,1.58
12/10/2025,19,1,N,NSPIN,6.35
12/10/2025,19,1,N,REGDN,0.89
12/10/2025,19,1,N,REGUP,0.28
12/10/2025,19,1,N,RRS,0.79
12/10/2025,20,4,N,ECRS,2.21
12/10/2025,20,4,N,NSPIN,9.43
12/10/2025,20,4,N,REGDN,0.2
12/10/2025,20,4,N,REGUP,1.32
12/10/2025,20,4,N,RRS,1.18
12/10/2025,20,3,N,ECRS,2.44
12/10/2025,20,3,N,NSPIN,9.84
12/10/2025,20,3,N,REGDN,0.2
12/10/2025,20,3,N,REGUP,1.26
12/10/2025,20,3,N,RRS,1.23
12/10/2025,20,2,N,ECRS,2.5
12/10/2025,20,2,N,NSPIN,10
12/10/2025,20,2,N,REGDN,0.11
12/10/2025,20,2,N,REGUP,0.99
12/10/2025,20,2,N,RRS,1.25
12/10/2025,20,1,N,ECRS,2.43
12/10/2025,20,1,N,NSPIN,9.98
12/10/2025,20,1,N,REGDN,0.5
12/10/2025,20,1,N,REGUP,1.27
12/10/2025,20,1,N,RRS,1.25
12/10/2025,21,4,N,ECRS,1.52
12/10/2025,21,4,N,NSPIN,9.83
12/10/2025,21,4,N,REGDN,0.19
12/10/2025,21,4,N,REGUP,1.23
12/10/2025,21,4,N,RRS,1.23
12/10/2025,21,3,N,ECRS,1.31
12/10/2025,21,3,N,NSPIN,10.34
12/10/2025,21,3,N,REGDN,0.1
12/10/2025,21,3,N,REGUP,1.29
12/10/2025,21,3,N,RRS,1.29
12/10/2025,21,2,N,ECRS,1.33
12/10/2025,21,2,N,NSPIN,10.3
12/10/2025,21,2,N,REGDN,0.1
12/10/2025,21,2,N,REGUP,1.31
12/10/2025,21,2,N,RRS,1.29
12/10/2025,21,1,N,ECRS,2.41
12/10/2025,21,1,N,NSPIN,10.19
12/10/2025,21,1,N,REGDN,0.2
12/10/2025,21,1,N,REGUP,1.48
12/10/2025,21,1,N,RRS,1.28
12/10/2025,22,4,N,ECRS,1.82
12/10/2025,22,4,N,NSPIN,7.98
12/10/2025,22,4,N,REGDN,0.49
12/10/2025,22,4,N,REGUP,1.01
12/10/2025,22,4,N,RRS,1
12/10/2025,22,3,N,ECRS,1.82
12/10/2025,22,3,N,NSPIN,7.29
12/10/2025,22,3,N,REGDN,0.4
12/10/2025,22,3,N,REGUP,0.89
12/10/2025,22,3,N,RRS,0.91
12/10/2025,22,2,N,ECRS,2.12
12/10/2025,22,2,N,NSPIN,8.47
12/10/2025,22,2,N,REGDN,0.4
12/10/2025,22,2,N,REGUP,0.9
12/10/2025,22,2,N,RRS,1.06
12/10/2025,22,1,N,ECRS,2.24
12/10/2025,22,1,N,NSPIN,8.99
12/10/2025,22,1,N,REGDN,0.4
12/10/2025,22,1,N,REGUP,1
12/10/2025,22,1,N,RRS,1.12
12/10/2025,23,4,N,ECRS,0.82
12/10/2025,23,4,N,NSPIN,4.95
12/10/2025,23,4,N,REGDN,1.23
12/10/2025,23,4,N,REGUP,1.04
12/10/2025,23,4,N,RRS,0.62
12/10/2025,23,3,N,ECRS,1.35
12/10/2025,23,3,N,NSPIN,6.48
12/10/2025,23,3,N,REGDN,1.5
12/10/2025,23,3,N,REGUP,1.11
12/10/2025,23,3,N,RRS,0.81
12/10/2025,23,2,N,ECRS,1.8
12/10/2025,23,2,N,NSPIN,7.2
12/10/2025,23,2,N,REGDN,1.66
12/10/2025,23,2,N,REGUP,1.73
12/10/2025,23,2,N,RRS,0.9
12/10/2025,23,1,N,ECRS,2.01
12/10/2025,23,1,N,NSPIN,8.14
12/10/2025,23,1,N,REGDN,1.74
12/10/2025,23,1,N,REGUP,1.41
12/10/2025,23,1,N,RRS,1.02
12/10/2025,24,4,N,ECRS,0.58
12/10/2025,24,4,N,NSPIN,2.33
12/10/2025,24,4,N,REGDN,0.77
12/10/2025,24,4,N,REGUP,0.41
12/10/2025,24,4,N,RRS,0.29
12/10/2025,24,3,N,ECRS,0.61
12/10/2025,24,3,N,NSPIN,3.15
12/10/2025,24,3,N,REGDN,0.75
12/10/2025,24,3,N,REGUP,0.6
12/10/2025,24,3,N,RRS,0.39
12/10/2025,24,2,N,ECRS,0.66
12/10/2025,24,2,N,NSPIN,4.3
12/10/2025,24,2,N,REGDN,0.77
12/10/2025,24,2,N,REGUP,0.6
12/10/2025,24,2,N,RRS,0.54
12/10/2025,24,1,N,ECRS,0.73
12/10/2025,24,1,N,NSPIN,6.06
12/10/2025,24,1,N,REGDN,0.75
12/10/2025,24,1,N,REGUP,0.77
12/10/2025,24,1,N,RRS,0.76
12/11/2025,1,4,N,ECRS,0.27
12/11/2025,1,4,N,NSPIN,1.06
12/11/2025,1,4,N,REGDN,1.27
12/11/2025,1,4,N,REGUP,0.17
12/11/2025,1,4,N,RRS,0.13
12/11/2025,1,3,N,ECRS,0.27
12/11/2025,1,3,N,NSPIN,1.09
12/11/2025,1,3,N,REGDN,1.26
12/11/2025,1,3,N,REGUP,0.14
12/11/2025,1,3,N,RRS,0.14
12/11/2025,1,2,N,ECRS,0.35
12/11/2025,1,2,N,NSPIN,1.4
12/11/2025,1,2,N,REGDN,1.39
12/11/2025,1,2,N,REGUP,0.18
12/11/2025,1,2,N,RRS,0.18
12/11/2025,1,1,N,ECRS,0.39
12/11/2025,1,1,N,NSPIN,1.56
12/11/2025,1,1,N,REGDN,1.35
12/11/2025,1,1,N,REGUP,0.19
12/11/2025,1,1,N,RRS,0.2
12/11/2025,2,4,N,ECRS,0.3
12/11/2025,2,4,N,NSPIN,1.21
12/11/2025,2,4,N,REGDN,0.4
12/11/2025,2,4,N,REGUP,0.14
12/11/2025,2,4,N,RRS,0.15
12/11/2025,2,3,N,ECRS,0.29
12/11/2025,2,3,N,NSPIN,1.14
12/11/2025,2,3,N,REGDN,0.41
12/11/2025,2,3,N,REGUP,0.12
12/11/2025,2,3,N,RRS,0.14
12/11/2025,2,2,N,ECRS,0.28
12/11/2025,2,2,N,NSPIN,1.13
12/11/2025,2,2,N,REGDN,1.14
12/11/2025,2,2,N,REGUP,0.13
12/11/2025,2,2,N,RRS,0.14
12/11/2025,2,1,N,ECRS,0.3
12/11/2025,2,1,N,NSPIN,1.17
12/11/2025,2,1,N,REGDN,1.43
12/11/2025,2,1,N,REGUP,0.12
12/11/2025,2,1,N,RRS,0.15
12/11/2025,3,4,N,ECRS,0.3
12/11/2025,3,4,N,NSPIN,1.2
12/11/2025,3,4,N,REGDN,0.67
12/11/2025,3,4,N,REGUP,0.15
12/11/2025,3,4,N,RRS,0.15
12/11/2025,3,3,N,ECRS,0.31
12/11/2025,3,3,N,NSPIN,1.23
12/11/2025,3,3,N,REGDN,0.56
12/11/2025,3,3,N,REGUP,0.15
12/11/2025,3,3,N,RRS,0.16
12/11/2025,3,2,N,ECRS,0.31
12/11/2025,3,2,N,NSPIN,1.21
12/11/2025,3,2,N,REGDN,0.46
12/11/2025,3,2,N,REGUP,0.15
12/11/2025,3,2,N,RRS,0.16
12/11/2025,3,1,N,ECRS,0.38
12/11/2025,3,1,N,NSPIN,1.51
12/11/2025,3,1,N,REGDN,0.3
12/11/2025,3,1,N,REGUP,0.18
12/11/2025,3,1,N,RRS,0.19
12/11/2025,4,4,N,ECRS,0.2
12/11/2025,4,4,N,NSPIN,1.21
12/11/2025,4,4,N,REGDN,0.38
12/11/2025,4,4,N,REGUP,0
12/11/2025,4,4,N,RRS,0.15
12/11/2025,4,3,N,ECRS,0.2
12/11/2025,4,3,N,NSPIN,1.25
12/11/2025,4,3,N,REGDN,0.57
12/11/2025,4,3,N,REGUP,0.05
12/11/2025,4,3,N,RRS,0.16
12/11/2025,4,2,N,ECRS,0.2
12/11/2025,4,2,N,NSPIN,1.21
12/11/2025,4,2,N,REGDN,0.6
12/11/2025,4,2,N,REGUP,0.11
12/11/2025,4,2,N,RRS,0.15
12/11/2025,4,1,N,ECRS,0.22
12/11/2025,4,1,N,NSPIN,1.53
12/11/2025,4,1,N,REGDN,0.57
12/11/2025,4,1,N,REGUP,0.18
12/11/2025,4,1,N,RRS,0.19
12/11/2025,5,4,N,ECRS,0.19
12/11/2025,5,4,N,NSPIN,0.96
12/11/2025,5,4,N,REGDN,0.2
12/11/2025,5,4,N,REGUP,0
12/11/2025,5,4,N,RRS,0.12
12/11/2025,5,3,N,ECRS,0.2
12/11/2025,5,3,N,NSPIN,0.97
12/11/2025,5,3,N,REGDN,0.2
12/11/2025,5,3,N,REGUP,0
12/11/2025,5,3,N,RRS,0.12
12/11/2025,5,2,N,ECRS,0.19
12/11/2025,5,2,N,NSPIN,0.99
12/11/2025,5,2,N,REGDN,0.2
12/11/2025,5,2,N,REGUP,0
12/11/2025,5,2,N,RRS,0.12
12/11/2025,5,1,N,ECRS,0.22
12/11/2025,5,1,N,NSPIN,1.29
12/11/2025,5,1,N,REGDN,0.36
12/11/2025,5,1,N,REGUP,0
12/11/2025,5,1,N,RRS,0.16
12/11/2025,6,4,N,ECRS,0.25
12/11/2025,6,4,N,NSPIN,1.13
12/11/2025,6,4,N,REGDN,0
12/11/2025,6,4,N,REGUP,0.12
12/11/2025,6,4,N,RRS,0.14
12/11/2025,6,3,N,ECRS,0.25
12/11/2025,6,3,N,NSPIN,1.06
12/11/2025,6,3,N,REGDN,0.01
12/11/2025,6,3,N,REGUP,0.14
12/11/2025,6,3,N,RRS,0.14
12/11/2025,6,2,N,ECRS,0.2
12/11/2025,6,2,N,NSPIN,1
12/11/2025,6,2,N,REGDN,0
12/11/2025,6,2,N,REGUP,0.18
12/11/2025,6,2,N,RRS,0.13
12/11/2025,6,1,N,ECRS,0.22
12/11/2025,6,1,N,NSPIN,0.99
12/11/2025,6,1,N,REGDN,0.28
12/11/2025,6,1,N,REGUP,0.04
12/11/2025,6,1,N,RRS,0.13
12/11/2025,7,4,N,ECRS,0.54
12/11/2025,7,4,N,NSPIN,2.18
12/11/2025,7,4,N,REGDN,0.02
12/11/2025,7,4,N,REGUP,0.28
12/11/2025,7,4,N,RRS,0.28
12/11/2025,7,3,N,ECRS,0.48
12/11/2025,7,3,N,NSPIN,1.91
12/11/2025,7,3,N,REGDN,0.18
12/11/2025,7,3,N,REGUP,0.24
12/11/2025,7,3,N,RRS,0.24
12/11/2025,7,2,N,ECRS,0.46
12/11/2025,7,2,N,NSPIN,2.13
12/11/2025,7,2,N,REGDN,0.01
12/11/2025,7,2,N,REGUP,0.27
12/11/2025,7,2,N,RRS,0.27
12/11/2025,7,1,N,ECRS,0.38
12/11/2025,7,1,N,NSPIN,1.93
12/11/2025,7,1,N,REGDN,0.57
12/11/2025,7,1,N,REGUP,0.24
12/11/2025,7,1,N,RRS,0.24
12/11/2025,8,4,N,ECRS,0.35
12/11/2025,8,4,N,NSPIN,1.39
12/11/2025,8,4,N,REGDN,0.06
12/11/2025,8,4,N,REGUP,0.18
12/11/2025,8,4,N,RRS,0.18
12/11/2025,8,3,N,ECRS,0.48
12/11/2025,8,3,N,NSPIN,2.02
12/11/2025,8,3,N,REGDN,0
12/11/2025,8,3,N,REGUP,0.26
12/11/2025,8,3,N,RRS,0.26
12/11/2025,8,2,N,ECRS,0.52
12/11/2025,8,2,N,NSPIN,2.04
12/11/2025,8,2,N,REGDN,0
12/11/2025,8,2,N,REGUP,0.26
12/11/2025,8,2,N,RRS,0.26
12/11/2025,8,1,N,ECRS,0.61
12/11/2025,8,1,N,NSPIN,2.44
12/11/2025,8,1,N,REGDN,0
12/11/2025,8,1,N,REGUP,0.31
12/11/2025,8,1,N,RRS,0.31
12/11/2025,9,4,N,ECRS,0.14
12/11/2025,9,4,N,NSPIN,0.55
12/11/2025,9,4,N,REGDN,0.61
12/11/2025,9,4,N,REGUP,0.07
12/11/2025,9,4,N,RRS,0.07
12/11/2025,9,3,N,ECRS,0.22
12/11/2025,9,3,N,NSPIN,0.87
12/11/2025,9,3,N,REGDN,1.41
12/11/2025,9,3,N,REGUP,0.11
12/11/2025,9,3,N,RRS,0.11
12/11/2025,9,2,N,ECRS,0.26
12/11/2025,9,2,N,NSPIN,1.06
12/11/2025,9,2,N,REGDN,1.66
12/11/2025,9,2,N,REGUP,0.14
12/11/2025,9,2,N,RRS,0.14
12/11/2025,9,1,N,ECRS,0.55
12/11/2025,9,1,N,NSPIN,2.34
12/11/2025,9,1,N,REGDN,1.84
12/11/2025,9,1,N,REGUP,0.29
12/11/2025,9,1,N,RRS,0.29
12/11/2025,10,4,N,ECRS,0.16
12/11/2025,10,4,N,NSPIN,0.63
12/11/2025,10,4,N,REGDN,0.39
12/11/2025,10,4,N,REGUP,0.14
12/11/2025,10,4,N,RRS,0.08
12/11/2025,10,3,N,ECRS,0.16
12/11/2025,10,3,N,NSPIN,0.65
12/11/2025,10,3,N,REGDN,0.13
12/11/2025,10,3,N,REGUP,0.12
12/11/2025,10,3,N,RRS,0.08
12/11/2025,10,2,N,ECRS,0.15
12/11/2025,10,2,N,NSPIN,0.59
12/11/2025,10,2,N,REGDN,0.04
12/11/2025,10,2,N,REGUP,0.13
12/11/2025,10,2,N,RRS,0.08
12/11/2025,10,1,N,ECRS,0.15
12/11/2025,10,1,N,NSPIN,0.74
12/11/2025,10,1,N,REGDN,0.05
12/11/2025,10,1,N,REGUP,0.11
12/11/2025,10,1,N,RRS,0.09
12/11/2025,11,4,N,ECRS,0.11
12/11/2025,11,4,N,NSPIN,0.5
12/11/2025,11,4,N,REGDN,0.53
12/11/2025,11,4,N,REGUP,0.11
12/11/2025,11,4,N,RRS,0.06
12/11/2025,11,3,N,ECRS,0.12
12/11/2025,11,3,N,NSPIN,0.52
12/11/2025,11,3,N,REGDN,0.41
12/11/2025,11,3,N,REGUP,0.11
12/11/2025,11,3,N,RRS,0.07
12/11/2025,11,2,N,ECRS,0.15
12/11/2025,11,2,N,NSPIN,0.61
12/11/2025,11,2,N,REGDN,0.53
12/11/2025,11,2,N,REGUP,0.1
12/11/2025,11,2,N,RRS,0.08
12/11/2025,11,1,N,ECRS,0.17
12/11/2025,11,1,N,NSPIN,0.67
12/11/2025,11,1,N,REGDN,0.37
12/11/2025,11,1,N,REGUP,0.1
12/11/2025,11,1,N,RRS,0.09
12/11/2025,12,4,N,ECRS,0.15
12/11/2025,12,4,N,NSPIN,0.64
12/11/2025,12,4,N,REGDN,0.67
12/11/2025,12,4,N,REGUP,0.08
12/11/2025,12,4,N,RRS,0.08
12/11/2025,12,3,N,ECRS,0.14
12/11/2025,12,3,N,NSPIN,0.69
12/11/2025,12,3,N,REGDN,0.63
12/11/2025,12,3,N,REGUP,0.09
12/11/2025,12,3,N,RRS,0.09
12/11/2025,12,2,N,ECRS,0.19
12/11/2025,12,2,N,NSPIN,0.79
12/11/2025,12,2,N,REGDN,0.5
12/11/2025,12,2,N,REGUP,0.1
12/11/2025,12,2,N,RRS,0.1
12/11/2025,12,1,N,ECRS,0.2
12/11/2025,12,1,N,NSPIN,0.86
12/11/2025,12,1,N,REGDN,0.6
12/11/2025,12,1,N,REGUP,0.07
12/11/2025,12,1,N,RRS,0.11
12/11/2025,13,4,N,ECRS,0.06
12/11/2025,13,4,N,NSPIN,0.62
12/11/2025,13,4,N,REGDN,0.58
12/11/2025,13,4,N,REGUP,0.05
12/11/2025,13,4,N,RRS,0.08
12/11/2025,13,3,N,ECRS,0.08
12/11/2025,13,3,N,NSPIN,0.65
12/11/2025,13,3,N,REGDN,0.5
12/11/2025,13,3,N,REGUP,0.08
12/11/2025,13,3,N,RRS,0.08
12/11/2025,13,2,N,ECRS,0.09
12/11/2025,13,2,N,NSPIN,0.74
12/11/2025,13,2,N,REGDN,0.54
12/11/2025,13,2,N,REGUP,0.09
12/11/2025,13,2,N,RRS,0.09
12/11/2025,13,1,N,ECRS,0.09
12/11/2025,13,1,N,NSPIN,0.64
12/11/2025,13,1,N,REGDN,0.73
12/11/2025,13,1,N,REGUP,0.08
12/11/2025,13,1,N,RRS,0.08
12/11/2025,14,4,N,ECRS,0.05
12/11/2025,14,4,N,NSPIN,0.25
12/11/2025,14,4,N,REGDN,0.28
12/11/2025,14,4,N,REGUP,0.01
12/11/2025,14,4,N,RRS,0.03
12/11/2025,14,3,N,ECRS,0.04
12/11/2025,14,3,N,NSPIN,0.25
12/11/2025,14,3,N,REGDN,0.25
12/11/2025,14,3,N,REGUP,0.02
12/11/2025,14,3,N,RRS,0.03
12/11/2025,14,2,N,ECRS,0.05
12/11/2025,14,2,N,NSPIN,0.25
12/11/2025,14,2,N,REGDN,0.48
12/11/2025,14,2,N,REGUP,0.02
12/11/2025,14,2,N,RRS,0.03
12/11/2025,14,1,N,ECRS,0.07
12/11/2025,14,1,N,NSPIN,0.27
12/11/2025,14,1,N,REGDN,0.43
12/11/2025,14,1,N,REGUP,0.01
12/11/2025,14,1,N,RRS,0.03
12/11/2025,15,4,N,ECRS,0.02
12/11/2025,15,4,N,NSPIN,0.06
12/11/2025,15,4,N,REGDN,0.17
12/11/2025,15,4,N,REGUP,0.04
12/11/2025,15,4,N,RRS,0.01
12/11/2025,15,3,N,ECRS,0.02
12/11/2025,15,3,N,NSPIN,0.08
12/11/2025,15,3,N,REGDN,0.16
12/11/2025,15,3,N,REGUP,0.08
12/11/2025,15,3,N,RRS,0.01
12/11/2025,15,2,N,ECRS,0.04
12/11/2025,15,2,N,NSPIN,0.14
12/11/2025,15,2,N,REGDN,0.1
12/11/2025,15,2,N,REGUP,0.03
12/11/2025,15,2,N,RRS,0.02
12/11/2025,15,1,N,ECRS,0.04
12/11/2025,15,1,N,NSPIN,0.18
12/11/2025,15,1,N,REGDN,0.1
12/11/2025,15,1,N,REGUP,0
12/11/2025,15,1,N,RRS,0.02
12/11/2025,16,4,N,ECRS,0
12/11/2025,16,4,N,NSPIN,0.03
12/11/2025,16,4,N,REGDN,3.8
12/11/2025,16,4,N,REGUP,0
12/11/2025,16,4,N,RRS,0
12/11/2025,16,3,N,ECRS,0
12/11/2025,16,3,N,NSPIN,0.04
12/11/2025,16,3,N,REGDN,2.95
12/11/2025,16,3,N,REGUP,0.01
12/11/2025,16,3,N,RRS,0.01
12/11/2025,16,2,N,ECRS,0
12/11/2025,16,2,N,NSPIN,0.04
12/11/2025,16,2,N,REGDN,0.1
12/11/2025,16,2,N,REGUP,0
12/11/2025,16,2,N,RRS,0.01
12/11/2025,16,1,N,ECRS,0
12/11/2025,16,1,N,NSPIN,0.07
12/11/2025,16,1,N,REGDN,0.1
12/11/2025,16,1,N,REGUP,0
12/11/2025,16,1,N,RRS,0.01
12/11/2025,17,4,N,ECRS,0.17
12/11/2025,17,4,N,NSPIN,0.72
12/11/2025,17,4,N,REGDN,0.44
12/11/2025,17,4,N,REGUP,0.15
12/11/2025,17,4,N,RRS,0.12
12/11/2025,17,3,N,ECRS,0.02
12/11/2025,17,3,N,NSPIN,0.1
12/11/2025,17,3,N,REGDN,0.69
12/11/2025,17,3,N,REGUP,0.01
12/11/2025,17,3,N,RRS,0.02
12/11/2025,17,2,N,ECRS,0
12/11/2025,17,2,N,NSPIN,0.01
12/11/2025,17,2,N,REGDN,0.64
12/11/2025,17,2,N,REGUP,0
12/11/2025,17,2,N,RRS,0
12/11/2025,17,1,N,ECRS,0
12/11/2025,17,1,N,NSPIN,0.01
12/11/2025,17,1,N,REGDN,4.98
12/11/2025,17,1,N,REGUP,0
12/11/2025,17,1,N,RRS,0
12/11/2025,18,4,N,ECRS,1.25
12/11/2025,18,4,N,NSPIN,1.91
12/11/2025,18,4,N,REGDN,1.13
12/11/2025,18,4,N,REGUP,1
12/11/2025,18,4,N,RRS,1.47
12/11/2025,18,3,N,ECRS,2.47
12/11/2025,18,3,N,NSPIN,3.22
12/11/2025,18,3,N,REGDN,0.83
12/11/2025,18,3,N,REGUP,1.92
12/11/2025,18,3,N,RRS,2.79
12/11/2025,18,2,N,ECRS,1.65
12/11/2025,18,2,N,NSPIN,2.46
12/11/2025,18,2,N,REGDN,1.79
12/11/2025,18,2,N,REGUP,1.55
12/11/2025,18,2,N,RRS,2.2
12/11/2025,18,1,N,ECRS,0.61
12/11/2025,18,1,N,NSPIN,1.98
12/11/2025,18,1,N,REGDN,1.37
12/11/2025,18,1,N,REGUP,0.4
12/11/2025,18,1,N,RRS,0.39
12/11/2025,19,4,N,ECRS,0
12/11/2025,19,4,N,NSPIN,2.21
12/11/2025,19,4,N,REGDN,0.06
12/11/2025,19,4,N,REGUP,0.28
12/11/2025,19,4,N,RRS,0.28
12/11/2025,19,3,N,ECRS,0
12/11/2025,19,3,N,NSPIN,2.88
12/11/2025,19,3,N,REGDN,0
12/11/2025,19,3,N,REGUP,0.36
12/11/2025,19,3,N,RRS,0.36
12/11/2025,19,2,N,ECRS,0
12/11/2025,19,2,N,NSPIN,2.65
12/11/2025,19,2,N,REGDN,0
12/11/2025,19,2,N,REGUP,0.33
12/11/2025,19,2,N,RRS,0.33
12/11/2025,19,1,N,ECRS,0.27
12/11/2025,19,1,N,NSPIN,2.59
12/11/2025,19,1,N,REGDN,0.03
12/11/2025,19,1,N,REGUP,0.33
12/11/2025,19,1,N,RRS,0.33
12/11/2025,20,4,N,ECRS,0.25
12/11/2025,20,4,N,NSPIN,1.1
12/11/2025,20,4,N,REGDN,0.09
12/11/2025,20,4,N,REGUP,0
12/11/2025,20,4,N,RRS,0.14
12/11/2025,20,3,N,ECRS,0.25
12/11/2025,20,3,N,NSPIN,1.1
12/11/2025,20,3,N,REGDN,0
12/11/2025,20,3,N,REGUP,0
12/11/2025,20,3,N,RRS,0.14
12/11/2025,20,2,N,ECRS,0.25
12/11/2025,20,2,N,NSPIN,1.1
12/11/2025,20,2,N,REGDN,0
12/11/2025,20,2,N,REGUP,0
12/11/2025,20,2,N,RRS,0.14
12/11/2025,20,1,N,ECRS,0.33
12/11/2025,20,1,N,NSPIN,1.34
12/11/2025,20,1,N,REGDN,0
12/11/2025,20,1,N,REGUP,0.08
12/11/2025,20,1,N,RRS,0.17
12/11/2025,21,4,N,ECRS,0
12/11/2025,21,4,N,NSPIN,1.11
12/11/2025,21,4,N,REGDN,0.2
12/11/2025,21,4,N,REGUP,0.08
12/11/2025,21,4,N,RRS,0.14
12/11/2025,21,3,N,ECRS,0
12/11/2025,21,3,N,NSPIN,1.1
12/11/2025,21,3,N,REGDN,0.15
12/11/2025,21,3,N,REGUP,0.08
12/11/2025,21,3,N,RRS,0.14
12/11/2025,21,2,N,ECRS,0
12/11/2025,21,2,N,NSPIN,1.1
12/11/2025,21,2,N,REGDN,0.04
12/11/2025,21,2,N,REGUP,0.05
12/11/2025,21,2,N,RRS,0.14
12/11/2025,21,1,N,ECRS,0.11
12/11/2025,21,1,N,NSPIN,1.21
12/11/2025,21,1,N,REGDN,0.04
12/11/2025,21,1,N,REGUP,0.1
12/11/2025,21,1,N,RRS,0.15
12/11/2025,22,4,N,ECRS,0
12/11/2025,22,4,N,NSPIN,1.34
12/11/2025,22,4,N,REGDN,0.19
12/11/2025,22,4,N,REGUP,0.05
12/11/2025,22,4,N,RRS,0.17
12/11/2025,22,3,N,ECRS,0
12/11/2025,22,3,N,NSPIN,1.53
12/11/2025,22,3,N,REGDN,0.11
12/11/2025,22,3,N,REGUP,0.01
12/11/2025,22,3,N,RRS,0.19
12/11/2025,22,2,N,ECRS,0
12/11/2025,22,2,N,NSPIN,1.59
12/11/2025,22,2,N,REGDN,0.3
12/11/2025,22,2,N,REGUP,0.01
12/11/2025,22,2,N,RRS,0.2
12/11/2025,22,1,N,ECRS,0
12/11/2025,22,1,N,NSPIN,1.72
12/11/2025,22,1,N,REGDN,0.2
12/11/2025,22,1,N,REGUP,0.01
12/11/2025,22,1,N,RRS,0.22
12/11/2025,23,4,N,ECRS,0
12/11/2025,23,4,N,NSPIN,0.61
12/11/2025,23,4,N,REGDN,0
12/11/2025,23,4,N,REGUP,0
12/11/2025,23,4,N,RRS,0.08
12/11/2025,23,3,N,ECRS,0
12/11/2025,23,3,N,NSPIN,0.75
12/11/2025,23,3,N,REGDN,0
12/11/2025,23,3,N,REGUP,0
12/11/2025,23,3,N,RRS,0.09
12/11/2025,23,2,N,ECRS,0
12/11/2025,23,2,N,NSPIN,0.92
12/11/2025,23,2,N,REGDN,0
12/11/2025,23,2,N,REGUP,0.05
12/11/2025,23,2,N,RRS,0.12
12/11/2025,23,1,N,ECRS,0
12/11/2025,23,1,N,NSPIN,1.02
12/11/2025,23,1,N,REGDN,0.01
12/11/2025,23,1,N,REGUP,0.02
12/11/2025,23,1,N,RRS,0.13
12/11/2025,24,4,N,ECRS,0.01
12/11/2025,24,4,N,NSPIN,0.25
12/11/2025,24,4,N,REGDN,0.53
12/11/2025,24,4,N,REGUP,0
12/11/2025,24,4,N,RRS,0.03
12/11/2025,24,3,N,ECRS,0.01
12/11/2025,24,3,N,NSPIN,0.25
12/11/2025,24,3,N,REGDN,0.42
12/11/2025,24,3,N,REGUP,0
12/11/2025,24,3,N,RRS,0.03
12/11/2025,24,2,N,ECRS,0.01
12/11/2025,24,2,N,NSPIN,0.35
12/11/2025,24,2,N,REGDN,0.33
12/11/2025,24,2,N,REGUP,0
12/11/2025,24,2,N,RRS,0.05
12/11/2025,24,1,N,ECRS,0.01
12/11/2025,24,1,N,NSPIN,0.42
12/11/2025,24,1,N,REGDN,0.03
12/11/2025,24,1,N,REGUP,0
12/11/2025,24,1,N,RRS,0.05
12/12/2025,1,4,N,ECRS,0.01
12/12/2025,1,4,N,NSPIN,0.19
12/12/2025,1,4,N,REGDN,0.23
12/12/2025,1,4,N,REGUP,0
12/12/2025,1,4,N,RRS,0.01
12/12/2025,1,3,N,ECRS,0.01
12/12/2025,1,3,N,NSPIN,0.2
12/12/2025,1,3,N,REGDN,0.45
12/12/2025,1,3,N,REGUP,0
12/12/2025,1,3,N,RRS,0.01
12/12/2025,1,2,N,ECRS,0.01
12/12/2025,1,2,N,NSPIN,0.2
12/12/2025,1,2,N,REGDN,0.19
12/12/2025,1,2,N,REGUP,0
12/12/2025,1,2,N,RRS,0.01
12/12/2025,1,1,N,ECRS,0.01
12/12/2025,1,1,N,NSPIN,0.23
12/12/2025,1,1,N,REGDN,0.31
12/12/2025,1,1,N,REGUP,0.02
12/12/2025,1,1,N,RRS,0.02
12/12/2025,2,4,N,ECRS,0.01
12/12/2025,2,4,N,NSPIN,0.18
12/12/2025,2,4,N,REGDN,0.09
12/12/2025,2,4,N,REGUP,0
12/12/2025,2,4,N,RRS,0
12/12/2025,2,3,N,ECRS,0.01
12/12/2025,2,3,N,NSPIN,0.2
12/12/2025,2,3,N,REGDN,0.13
12/12/2025,2,3,N,REGUP,0
12/12/2025,2,3,N,RRS,0.01
12/12/2025,2,2,N,ECRS,0.01
12/12/2025,2,2,N,NSPIN,0.22
12/12/2025,2,2,N,REGDN,0.19
12/12/2025,2,2,N,REGUP,0
12/12/2025,2,2,N,RRS,0.01
12/12/2025,2,1,N,ECRS,0
12/12/2025,2,1,N,NSPIN,0.19
12/12/2025,2,1,N,REGDN,0.22
12/12/2025,2,1,N,REGUP,0
12/12/2025,2,1,N,RRS,0.01
12/12/2025,3,4,N,ECRS,0
12/12/2025,3,4,N,NSPIN,0.1
12/12/2025,3,4,N,REGDN,0.16
12/12/2025,3,4,N,REGUP,0
12/12/2025,3,4,N,RRS,0
12/12/2025,3,3,N,ECRS,0
12/12/2025,3,3,N,NSPIN,0.1
12/12/2025,3,3,N,REGDN,0.06
12/12/2025,3,3,N,REGUP,0
12/12/2025,3,3,N,RRS,0
12/12/2025,3,2,N,ECRS,0
12/12/2025,3,2,N,NSPIN,0.12
12/12/2025,3,2,N,REGDN,0
12/12/2025,3,2,N,REGUP,0
12/12/2025,3,2,N,RRS,0
12/12/2025,3,1,N,ECRS,0
12/12/2025,3,1,N,NSPIN,0.1
12/12/2025,3,1,N,REGDN,0.04
12/12/2025,3,1,N,REGUP,0
12/12/2025,3,1,N,RRS,0
12/12/2025,4,4,N,ECRS,0
12/12/2025,4,4,N,NSPIN,0.07
12/12/2025,4,4,N,REGDN,0.03
12/12/2025,4,4,N,REGUP,0
12/12/2025,4,4,N,RRS,0
12/12/2025,4,3,N,ECRS,0
12/12/2025,4,3,N,NSPIN,0.08
12/12/2025,4,3,N,REGDN,0.05
12/12/2025,4,3,N,REGUP,0
12/12/2025,4,3,N,RRS,0
12/12/2025,4,2,N,ECRS,0
12/12/2025,4,2,N,NSPIN,0.09
12/12/2025,4,2,N,REGDN,0
12/12/2025,4,2,N,REGUP,0
12/12/2025,4,2,N,RRS,0
12/12/2025,4,1,N,ECRS,0
12/12/2025,4,1,N,NSPIN,0.09
12/12/2025,4,1,N,REGDN,0
12/12/2025,4,1,N,REGUP,0
12/12/2025,4,1,N,RRS,0
12/12/2025,5,4,N,ECRS,0.01
12/12/2025,5,4,N,NSPIN,0.23
12/12/2025,5,4,N,REGDN,0
12/12/2025,5,4,N,REGUP,0
12/12/2025,5,4,N,RRS,0.01
12/12/2025,5,3,N,ECRS,0.01
12/12/2025,5,3,N,NSPIN,0.15
12/12/2025,5,3,N,REGDN,0
12/12/2025,5,3,N,REGUP,0
12/12/2025,5,3,N,RRS,0.01
12/12/2025,5,2,N,ECRS,0.01
12/12/2025,5,2,N,NSPIN,0.06
12/12/2025,5,2,N,REGDN,0.01
12/12/2025,5,2,N,REGUP,0
12/12/2025,5,2,N,RRS,0
12/12/2025,5,1,N,ECRS,0
12/12/2025,5,1,N,NSPIN,0.06
12/12/2025,5,1,N,REGDN,0.03
12/12/2025,5,1,N,REGUP,0
12/12/2025,5,1,N,RRS,0
12/12/2025,6,4,N,ECRS,0.01
12/12/2025,6,4,N,NSPIN,0.25
12/12/2025,6,4,N,REGDN,0
12/12/2025,6,4,N,REGUP,0
12/12/2025,6,4,N,RRS,0.01
12/12/2025,6,3,N,ECRS,0.01
12/12/2025,6,3,N,NSPIN,0.24
12/12/2025,6,3,N,REGDN,0
12/12/2025,6,3,N,REGUP,0
12/12/2025,6,3,N,RRS,0.01
12/12/2025,6,2,N,ECRS,0.01
12/12/2025,6,2,N,NSPIN,0.23
12/12/2025,6,2,N,REGDN,0
12/12/2025,6,2,N,REGUP,0
12/12/2025,6,2,N,RRS,0.01
12/12/2025,6,1,N,ECRS,0.01
12/12/2025,6,1,N,NSPIN,0.23
12/12/2025,6,1,N,REGDN,0.2
12/12/2025,6,1,N,REGUP,0
12/12/2025,6,1,N,RRS,0.01
12/12/2025,7,4,N,ECRS,0.93
12/12/2025,7,4,N,NSPIN,3.73
12/12/2025,7,4,N,REGDN,0
12/12/2025,7,4,N,REGUP,0.16
12/12/2025,7,4,N,RRS,0.46
12/12/2025,7,3,N,ECRS,0.66
12/12/2025,7,3,N,NSPIN,2.63
12/12/2025,7,3,N,REGDN,0
12/12/2025,7,3,N,REGUP,0
12/12/2025,7,3,N,RRS,0.33
12/12/2025,7,2,N,ECRS,0.36
12/12/2025,7,2,N,NSPIN,1.43
12/12/2025,7,2,N,REGDN,0.29
12/12/2025,7,2,N,REGUP,0
12/12/2025,7,2,N,RRS,0.18
12/12/2025,7,1,N,ECRS,0.25
12/12/2025,7,1,N,NSPIN,1.08
12/12/2025,7,1,N,REGDN,0
12/12/2025,7,1,N,REGUP,0
12/12/2025,7,1,N,RRS,0.14
12/12/2025,8,4,N,ECRS,1.42
12/12/2025,8,4,N,NSPIN,5.65
12/12/2025,8,4,N,REGDN,0.92
12/12/2025,8,4,N,REGUP,3.51
12/12/2025,8,4,N,RRS,0.71
12/12/2025,8,3,N,ECRS,2.13
12/12/2025,8,3,N,NSPIN,5.21
12/12/2025,8,3,N,REGDN,0.73
12/12/2025,8,3,N,REGUP,3.68
12/12/2025,8,3,N,RRS,1.62
12/12/2025,8,2,N,ECRS,2.85
12/12/2025,8,2,N,NSPIN,5.04
12/12/2025,8,2,N,REGDN,0.15
12/12/2025,8,2,N,REGUP,4.47
12/12/2025,8,2,N,RRS,2.49
12/12/2025,8,1,N,ECRS,1.8
12/12/2025,8,1,N,NSPIN,3.68
12/12/2025,8,1,N,REGDN,0.29
12/12/2025,8,1,N,REGUP,2.1
12/12/2025,8,1,N,RRS,1.49
12/12/2025,9,4,N,ECRS,0.72
12/12/2025,9,4,N,NSPIN,2.92
12/12/2025,9,4,N,REGDN,2.15
12/12/2025,9,4,N,REGUP,1.06
12/12/2025,9,4,N,RRS,0.37
12/12/2025,9,3,N,ECRS,0.82
12/12/2025,9,3,N,NSPIN,3.29
12/12/2025,9,3,N,REGDN,1.06
12/12/2025,9,3,N,REGUP,1.23
12/12/2025,9,3,N,RRS,0.41
12/12/2025,9,2,N,ECRS,1.09
12/12/2025,9,2,N,NSPIN,4.35
12/12/2025,9,2,N,REGDN,0.98
12/12/2025,9,2,N,REGUP,1.16
12/12/2025,9,2,N,RRS,0.54
12/12/2025,9,1,N,ECRS,1.18
12/12/2025,9,1,N,NSPIN,5.63
12/12/2025,9,1,N,REGDN,2.05
12/12/2025,9,1,N,REGUP,3.29
12/12/2025,9,1,N,RRS,0.71
12/12/2025,10,4,N,ECRS,0.28
12/12/2025,10,4,N,NSPIN,1.1
12/12/2025,10,4,N,REGDN,0.65
12/12/2025,10,4,N,REGUP,0.28
12/12/2025,10,4,N,RRS,0.14
12/12/2025,10,3,N,ECRS,0.31
12/12/2025,10,3,N,NSPIN,1.22
12/12/2025,10,3,N,REGDN,0.5
12/12/2025,10,3,N,REGUP,0.66
12/12/2025,10,3,N,RRS,0.16
12/12/2025,10,2,N,ECRS,0.29
12/12/2025,10,2,N,NSPIN,1.15
12/12/2025,10,2,N,REGDN,0.4
12/12/2025,10,2,N,REGUP,0.49
12/12/2025,10,2,N,RRS,0.15
12/12/2025,10,1,N,ECRS,0.32
12/12/2025,10,1,N,NSPIN,1.26
12/12/2025,10,1,N,REGDN,0.51
12/12/2025,10,1,N,REGUP,0.5
12/12/2025,10,1,N,RRS,0.16
12/12/2025,11,4,N,ECRS,0.13
12/12/2025,11,4,N,NSPIN,0.84
12/12/2025,11,4,N,REGDN,1.3
12/12/2025,11,4,N,REGUP,0.26
12/12/2025,11,4,N,RRS,0.07
12/12/2025,11,3,N,ECRS,0.16
12/12/2025,11,3,N,NSPIN,0.99
12/12/2025,11,3,N,REGDN,0.91
12/12/2025,11,3,N,REGUP,0.34
12/12/2025,11,3,N,RRS,0.07
12/12/2025,11,2,N,ECRS,0.19
12/12/2025,11,2,N,NSPIN,1.07
12/12/2025,11,2,N,REGDN,0.42
12/12/2025,11,2,N,REGUP,0.42
12/12/2025,11,2,N,RRS,0.08
12/12/2025,11,1,N,ECRS,0.32
12/12/2025,11,1,N,NSPIN,1.28
12/12/2025,11,1,N,REGDN,1.57
12/12/2025,11,1,N,REGUP,0.31
12/12/2025,11,1,N,RRS,0.16
12/12/2025,12,4,N,ECRS,0.15
12/12/2025,12,4,N,NSPIN,0.7
12/12/2025,12,4,N,REGDN,0.36
12/12/2025,12,4,N,REGUP,0.06
12/12/2025,12,4,N,RRS,0.09
12/12/2025,12,3,N,ECRS,0.14
12/12/2025,12,3,N,NSPIN,0.73
12/12/2025,12,3,N,REGDN,0.2
12/12/2025,12,3,N,REGUP,0
12/12/2025,12,3,N,RRS,0.09
12/12/2025,12,2,N,ECRS,0.11
12/12/2025,12,2,N,NSPIN,0.74
12/12/2025,12,2,N,REGDN,0.35
12/12/2025,12,2,N,REGUP,0.07
12/12/2025,12,2,N,RRS,0.09
12/12/2025,12,1,N,ECRS,0.22
12/12/2025,12,1,N,NSPIN,0.94
12/12/2025,12,1,N,REGDN,0.23
12/12/2025,12,1,N,REGUP,0.18
12/12/2025,12,1,N,RRS,0.12
12/12/2025,13,4,N,ECRS,0.09
12/12/2025,13,4,N,NSPIN,0.55
12/12/2025,13,4,N,REGDN,0.3
12/12/2025,13,4,N,REGUP,0
12/12/2025,13,4,N,RRS,0.07
12/12/2025,13,3,N,ECRS,0.12
12/12/2025,13,3,N,NSPIN,0.57
12/12/2025,13,3,N,REGDN,0.3
12/12/2025,13,3,N,REGUP,0.01
12/12/2025,13,3,N,RRS,0.07
12/12/2025,13,2,N,ECRS,0.14
12/12/2025,13,2,N,NSPIN,0.66
12/12/2025,13,2,N,REGDN,0.3
12/12/2025,13,2,N,REGUP,0.01
12/12/2025,13,2,N,RRS,0.08
12/12/2025,13,1,N,ECRS,0.13
12/12/2025,13,1,N,NSPIN,0.68
12/12/2025,13,1,N,REGDN,0.3
12/12/2025,13,1,N,REGUP,0.06
12/12/2025,13,1,N,RRS,0.09
12/12/2025,14,4,N,ECRS,0.06
12/12/2025,14,4,N,NSPIN,0.25
12/12/2025,14,4,N,REGDN,0.91
12/12/2025,14,4,N,REGUP,0.15
12/12/2025,14,4,N,RRS,0.03
12/12/2025,14,3,N,ECRS,0.06
12/12/2025,14,3,N,NSPIN,0.25
12/12/2025,14,3,N,REGDN,1.33
12/12/2025,14,3,N,REGUP,0.15
12/12/2025,14,3,N,RRS,0.03
12/12/2025,14,2,N,ECRS,0.06
12/12/2025,14,2,N,NSPIN,0.25
12/12/2025,14,2,N,REGDN,0.42
12/12/2025,14,2,N,REGUP,0.16
12/12/2025,14,2,N,RRS,0.03
12/12/2025,14,1,N,ECRS,0.06
12/12/2025,14,1,N,NSPIN,0.26
12/12/2025,14,1,N,REGDN,0.26
12/12/2025,14,1,N,REGUP,0
12/12/2025,14,1,N,RRS,0.03
12/12/2025,15,4,N,ECRS,0.03
12/12/2025,15,4,N,NSPIN,0.1
12/12/2025,15,4,N,REGDN,1.27
12/12/2025,15,4,N,REGUP,0.08
12/12/2025,15,4,N,RRS,0.01
12/12/2025,15,3,N,ECRS,0.04
12/12/2025,15,3,N,NSPIN,0.16
12/12/2025,15,3,N,REGDN,1.8
12/12/2025,15,3,N,REGUP,0.05
12/12/2025,15,3,N,RRS,0.02
12/12/2025,15,2,N,ECRS,0.05
12/12/2025,15,2,N,NSPIN,0.19
12/12/2025,15,2,N,REGDN,1.99
12/12/2025,15,2,N,REGUP,0.03
12/12/2025,15,2,N,RRS,0.02
12/12/2025,15,1,N,ECRS,0.05
12/12/2025,15,1,N,NSPIN,0.21
12/12/2025,15,1,N,REGDN,1.42
12/12/2025,15,1,N,REGUP,0.04
12/12/2025,15,1,N,RRS,0.03
12/12/2025,16,4,N,ECRS,0.01
12/12/2025,16,4,N,NSPIN,0.02
12/12/2025,16,4,N,REGDN,4.17
12/12/2025,16,4,N,REGUP,0
12/12/2025,16,4,N,RRS,0
12/12/2025,16,3,N,ECRS,0.01
12/12/2025,16,3,N,NSPIN,0.02
12/12/2025,16,3,N,REGDN,4.49
12/12/2025,16,3,N,REGUP,0
12/12/2025,16,3,N,RRS,0
12/12/2025,16,2,N,ECRS,0.01
12/12/2025,16,2,N,NSPIN,0.03
12/12/2025,16,2,N,REGDN,3.41
12/12/2025,16,2,N,REGUP,0.05
12/12/2025,16,2,N,RRS,0
12/12/2025,16,1,N,ECRS,0.02
12/12/2025,16,1,N,NSPIN,0.07
12/12/2025,16,1,N,REGDN,3.37
12/12/2025,16,1,N,REGUP,0.01
12/12/2025,16,1,N,RRS,0.01
12/12/2025,17,4,N,ECRS,0.05
12/12/2025,17,4,N,NSPIN,0.19
12/12/2025,17,4,N,REGDN,2.56
12/12/2025,17,4,N,REGUP,0.35
12/12/2025,17,4,N,RRS,0.02
12/12/2025,17,3,N,ECRS,0.01
12/12/2025,17,3,N,NSPIN,0.04
12/12/2025,17,3,N,REGDN,5.83
12/12/2025,17,3,N,REGUP,0.03
12/12/2025,17,3,N,RRS,0.01
12/12/2025,17,2,N,ECRS,0
12/12/2025,17,2,N,NSPIN,0.01
12/12/2025,17,2,N,REGDN,6.49
12/12/2025,17,2,N,REGUP,0
12/12/2025,17,2,N,RRS,0
12/12/2025,17,1,N,ECRS,0
12/12/2025,17,1,N,NSPIN,0.01
12/12/2025,17,1,N,REGDN,7.04
12/12/2025,17,1,N,REGUP,0
12/12/2025,17,1,N,RRS,0
12/12/2025,18,4,N,ECRS,0.39
12/12/2025,18,4,N,NSPIN,1.67
12/12/2025,18,4,N,REGDN,0.75
12/12/2025,18,4,N,REGUP,0
12/12/2025,18,4,N,RRS,0.21
12/12/2025,18,3,N,ECRS,0.26
12/12/2025,18,3,N,NSPIN,1.26
12/12/2025,18,3,N,REGDN,1.01
12/12/2025,18,3,N,REGUP,0
12/12/2025,18,3,N,RRS,0.16
12/12/2025,18,2,N,ECRS,0.15
12/12/2025,18,2,N,NSPIN,1.12
12/12/2025,18,2,N,REGDN,1.37
12/12/2025,18,2,N,REGUP,0
12/12/2025,18,2,N,RRS,0.14
12/12/2025,18,1,N,ECRS,0.28
12/12/2025,18,1,N,NSPIN,1.15
12/12/2025,18,1,N,REGDN,1.55
12/12/2025,18,1,N,REGUP,0.02
12/12/2025,18,1,N,RRS,0.15
12/12/2025,19,4,N,ECRS,0.73
12/12/2025,19,4,N,NSPIN,2.94
12/12/2025,19,4,N,REGDN,0.18
12/12/2025,19,4,N,REGUP,0.31
12/12/2025,19,4,N,RRS,0.37
12/12/2025,19,3,N,ECRS,0.75
12/12/2025,19,3,N,NSPIN,3.02
12/12/2025,19,3,N,REGDN,0
12/12/2025,19,3,N,REGUP,0.19
12/12/2025,19,3,N,RRS,0.38
12/12/2025,19,2,N,ECRS,0.79
12/12/2025,19,2,N,NSPIN,3.16
12/12/2025,19,2,N,REGDN,0
12/12/2025,19,2,N,REGUP,0.22
12/12/2025,19,2,N,RRS,0.4
12/12/2025,19,1,N,ECRS,0.91
12/12/2025,19,1,N,NSPIN,3.63
12/12/2025,19,1,N,REGDN,0.02
12/12/2025,19,1,N,REGUP,0.11
12/12/2025,19,1,N,RRS,0.45
12/12/2025,20,4,N,ECRS,0.47
12/12/2025,20,4,N,NSPIN,2.03
12/12/2025,20,4,N,REGDN,0.17
12/12/2025,20,4,N,REGUP,0.21
12/12/2025,20,4,N,RRS,0.25
12/12/2025,20,3,N,ECRS,0.47
12/12/2025,20,3,N,NSPIN,2.17
12/12/2025,20,3,N,REGDN,0.27
12/12/2025,20,3,N,REGUP,0.27
12/12/2025,20,3,N,RRS,0.27
12/12/2025,20,2,N,ECRS,0.57
12/12/2025,20,2,N,NSPIN,2.28
12/12/2025,20,2,N,REGDN,0.2
12/12/2025,20,2,N,REGUP,0.31
12/12/2025,20,2,N,RRS,0.28
12/12/2025,20,1,N,ECRS,0.65
12/12/2025,20,1,N,NSPIN,2.59
12/12/2025,20,1,N,REGDN,0.22
12/12/2025,20,1,N,REGUP,0.38
12/12/2025,20,1,N,RRS,0.32
12/12/2025,21,4,N,ECRS,0.11
12/12/2025,21,4,N,NSPIN,0.43
12/12/2025,21,4,N,REGDN,0.13
12/12/2025,21,4,N,REGUP,0.13
12/12/2025,21,4,N,RRS,0.06
12/12/2025,21,3,N,ECRS,0.11
12/12/2025,21,3,N,NSPIN,0.46
12/12/2025,21,3,N,REGDN,0.1
12/12/2025,21,3,N,REGUP,0.03
12/12/2025,21,3,N,RRS,0.06
12/12/2025,21,2,N,ECRS,0.12
12/12/2025,21,2,N,NSPIN,0.48
12/12/2025,21,2,N,REGDN,0.1
12/12/2025,21,2,N,REGUP,0.05
12/12/2025,21,2,N,RRS,0.06
12/12/2025,21,1,N,ECRS,0.14
12/12/2025,21,1,N,NSPIN,0.53
12/12/2025,21,1,N,REGDN,0.08
12/12/2025,21,1,N,REGUP,0.2
12/12/2025,21,1,N,RRS,0.06
12/12/2025,22,4,N,ECRS,0.25
12/12/2025,22,4,N,NSPIN,1
12/12/2025,22,4,N,REGDN,0.4
12/12/2025,22,4,N,REGUP,0.11
12/12/2025,22,4,N,RRS,0.13
12/12/2025,22,3,N,ECRS,0.25
12/12/2025,22,3,N,NSPIN,1
12/12/2025,22,3,N,REGDN,0.21
12/12/2025,22,3,N,REGUP,0.17
12/12/2025,22,3,N,RRS,0.13
12/12/2025,22,2,N,ECRS,0.25
12/12/2025,22,2,N,NSPIN,1
12/12/2025,22,2,N,REGDN,0.14
12/12/2025,22,2,N,REGUP,0.17
12/12/2025,22,2,N,RRS,0.13
12/12/2025,22,1,N,ECRS,0.3
12/12/2025,22,1,N,NSPIN,1.19
12/12/2025,22,1,N,REGDN,0.3
12/12/2025,22,1,N,REGUP,0.13
12/12/2025,22,1,N,RRS,0.15
12/12/2025,23,4,N,ECRS,0.26
12/12/2025,23,4,N,NSPIN,1.03
12/12/2025,23,4,N,REGDN,0.04
12/12/2025,23,4,N,REGUP,0.07
12/12/2025,23,4,N,RRS,0.13
12/12/2025,23,3,N,ECRS,0.28
12/12/2025,23,3,N,NSPIN,1.1
12/12/2025,23,3,N,REGDN,0.04
12/12/2025,23,3,N,REGUP,0.1
12/12/2025,23,3,N,RRS,0.14
12/12/2025,23,2,N,ECRS,0.29
12/12/2025,23,2,N,NSPIN,1.16
12/12/2025,23,2,N,REGDN,0.04
12/12/2025,23,2,N,REGUP,0.16
12/12/2025,23,2,N,RRS,0.15
12/12/2025,23,1,N,ECRS,0.33
12/12/2025,23,1,N,NSPIN,1.33
12/12/2025,23,1,N,REGDN,0.05
12/12/2025,23,1,N,REGUP,0.28
12/12/2025,23,1,N,RRS,0.17
12/12/2025,24,4,N,ECRS,0.2
12/12/2025,24,4,N,NSPIN,0.96
12/12/2025,24,4,N,REGDN,0.16
12/12/2025,24,4,N,REGUP,0.04
12/12/2025,24,4,N,RRS,0.1
12/12/2025,24,3,N,ECRS,0.24
12/12/2025,24,3,N,NSPIN,0.96
12/12/2025,24,3,N,REGDN,0.23
12/12/2025,24,3,N,REGUP,0.06
12/12/2025,24,3,N,RRS,0.12
12/12/2025,24,2,N,ECRS,0.24
12/12/2025,24,2,N,NSPIN,0.97
12/12/2025,24,2,N,REGDN,0.23
12/12/2025,24,2,N,REGUP,0.07
12/12/2025,24,2,N,RRS,0.12
12/12/2025,24,1,N,ECRS,0.24
12/12/2025,24,1,N,NSPIN,0.98
12/12/2025,24,1,N,REGDN,0.23
12/12/2025,24,1,N,REGUP,0.16
12/12/2025,24,1,N,RRS,0.12
12/13/2025,1,4,N,ECRS,0.15
12/13/2025,1,4,N,NSPIN,0.81
12/13/2025,1,4,N,REGDN,0.14
12/13/2025,1,4,N,REGUP,0
12/13/2025,1,4,N,RRS,0.05
12/13/2025,1,3,N,ECRS,0.16
12/13/2025,1,3,N,NSPIN,0.8
12/13/2025,1,3,N,REGDN,0
12/13/2025,1,3,N,REGUP,0
12/13/2025,1,3,N,RRS,0.08
12/13/2025,1,2,N,ECRS,0.17
12/13/2025,1,2,N,NSPIN,0.78
12/13/2025,1,2,N,REGDN,0
12/13/2025,1,2,N,REGUP,0
12/13/2025,1,2,N,RRS,0.09
12/13/2025,1,1,N,ECRS,0.2
12/13/2025,1,1,N,NSPIN,0.84
12/13/2025,1,1,N,REGDN,0
12/13/2025,1,1,N,REGUP,0
12/13/2025,1,1,N,RRS,0.1
12/13/2025,2,4,N,ECRS,0.01
12/13/2025,2,4,N,NSPIN,0.89
12/13/2025,2,4,N,REGDN,0.14
12/13/2025,2,4,N,REGUP,0
12/13/2025,2,4,N,RRS,0.01
12/13/2025,2,3,N,ECRS,0.01
12/13/2025,2,3,N,NSPIN,0.89
12/13/2025,2,3,N,REGDN,0.13
12/13/2025,2,3,N,REGUP,0
12/13/2025,2,3,N,RRS,0.01
12/13/2025,2,2,N,ECRS,0.02
12/13/2025,2,2,N,NSPIN,0.92
12/13/2025,2,2,N,REGDN,0.13
12/13/2025,2,2,N,REGUP,0.01
12/13/2025,2,2,N,RRS,0.02
12/13/2025,2,1,N,ECRS,0.07
12/13/2025,2,1,N,NSPIN,0.88
12/13/2025,2,1,N,REGDN,0.14
12/13/2025,2,1,N,REGUP,0.01
12/13/2025,2,1,N,RRS,0.07
12/13/2025,3,4,N,ECRS,0.01
12/13/2025,3,4,N,NSPIN,0.81
12/13/2025,3,4,N,REGDN,0.2
12/13/2025,3,4,N,REGUP,0
12/13/2025,3,4,N,RRS,0.01
12/13/2025,3,3,N,ECRS,0.01
12/13/2025,3,3,N,NSPIN,0.81
12/13/2025,3,3,N,REGDN,0.1
12/13/2025,3,3,N,REGUP,0
12/13/2025,3,3,N,RRS,0.01
12/13/2025,3,2,N,ECRS,0
12/13/2025,3,2,N,NSPIN,0.83
12/13/2025,3,2,N,REGDN,0.03
12/13/2025,3,2,N,REGUP,0
12/13/2025,3,2,N,RRS,0
12/13/2025,3,1,N,ECRS,0.04
12/13/2025,3,1,N,NSPIN,0.81
12/13/2025,3,1,N,REGDN,0.06
12/13/2025,3,1,N,REGUP,0
12/13/2025,3,1,N,RRS,0.04
12/13/2025,4,4,N,ECRS,0.04
12/13/2025,4,4,N,NSPIN,0.95
12/13/2025,4,4,N,REGDN,0
12/13/2025,4,4,N,REGUP,0
12/13/2025,4,4,N,RRS,0.03
12/13/2025,4,3,N,ECRS,0.04
12/13/2025,4,3,N,NSPIN,0.94
12/13/2025,4,3,N,REGDN,0.51
12/13/2025,4,3,N,REGUP,0
12/13/2025,4,3,N,RRS,0.02
12/13/2025,4,2,N,ECRS,0.04
12/13/2025,4,2,N,NSPIN,0.94
12/13/2025,4,2,N,REGDN,0.41
12/13/2025,4,2,N,REGUP,0
12/13/2025,4,2,N,RRS,0.02
12/13/2025,4,1,N,ECRS,0.02
12/13/2025,4,1,N,NSPIN,0.96
12/13/2025,4,1,N,REGDN,0.34
12/13/2025,4,1,N,REGUP,0
12/13/2025,4,1,N,RRS,0.04
12/13/2025,5,4,N,ECRS,0.03
12/13/2025,5,4,N,NSPIN,0.97
12/13/2025,5,4,N,REGDN,0.57
12/13/2025,5,4,N,REGUP,0
12/13/2025,5,4,N,RRS,0.02
12/13/2025,5,3,N,ECRS,0.09
12/13/2025,5,3,N,NSPIN,0.97
12/13/2025,5,3,N,REGDN,0.63
12/13/2025,5,3,N,REGUP,0
12/13/2025,5,3,N,RRS,0.03
12/13/2025,5,2,N,ECRS,0.05
12/13/2025,5,2,N,NSPIN,0.97
12/13/2025,5,2,N,REGDN,0.59
12/13/2025,5,2,N,REGUP,0
12/13/2025,5,2,N,RRS,0.02
12/13/2025,5,1,N,ECRS,0.02
12/13/2025,5,1,N,NSPIN,0.98
12/13/2025,5,1,N,REGDN,0.46
12/13/2025,5,1,N,REGUP,0
12/13/2025,5,1,N,RRS,0.04
12/13/2025,6,4,N,ECRS,0
12/13/2025,6,4,N,NSPIN,1.14
12/13/2025,6,4,N,REGDN,0.01
12/13/2025,6,4,N,REGUP,0
12/13/2025,6,4,N,RRS,0.15
12/13/2025,6,3,N,ECRS,0
12/13/2025,6,3,N,NSPIN,1.06
12/13/2025,6,3,N,REGDN,0.35
12/13/2025,6,3,N,REGUP,0
12/13/2025,6,3,N,RRS,0.13
12/13/2025,6,2,N,ECRS,0
12/13/2025,6,2,N,NSPIN,1
12/13/2025,6,2,N,REGDN,0.35
12/13/2025,6,2,N,REGUP,0
12/13/2025,6,2,N,RRS,0.11
12/13/2025,6,1,N,ECRS,0.03
12/13/2025,6,1,N,NSPIN,1
12/13/2025,6,1,N,REGDN,0.4
12/13/2025,6,1,N,REGUP,0
12/13/2025,6,1,N,RRS,0.09
12/13/2025,7,4,N,ECRS,0.51
12/13/2025,7,4,N,NSPIN,2.04
12/13/2025,7,4,N,REGDN,0.36
12/13/2025,7,4,N,REGUP,0.5
12/13/2025,7,4,N,RRS,0.26
12/13/2025,7,3,N,ECRS,0.4
12/13/2025,7,3,N,NSPIN,1.59
12/13/2025,7,3,N,REGDN,0.29
12/13/2025,7,3,N,REGUP,0.14
12/13/2025,7,3,N,RRS,0.2
12/13/2025,7,2,N,ECRS,0.6
12/13/2025,7,2,N,NSPIN,2.4
12/13/2025,7,2,N,REGDN,0.14
12/13/2025,7,2,N,REGUP,0.36
12/13/2025,7,2,N,RRS,0.3
12/13/2025,7,1,N,ECRS,0.38
12/13/2025,7,1,N,NSPIN,1.53
12/13/2025,7,1,N,REGDN,0.17
12/13/2025,7,1,N,REGUP,0.05
12/13/2025,7,1,N,RRS,0.19
12/13/2025,8,4,N,ECRS,0.95
12/13/2025,8,4,N,NSPIN,3.8
12/13/2025,8,4,N,REGDN,0.55
12/13/2025,8,4,N,REGUP,1.51
12/13/2025,8,4,N,RRS,0.48
12/13/2025,8,3,N,ECRS,0.84
12/13/2025,8,3,N,NSPIN,3.32
12/13/2025,8,3,N,REGDN,1
12/13/2025,8,3,N,REGUP,1.15
12/13/2025,8,3,N,RRS,0.42
12/13/2025,8,2,N,ECRS,0.75
12/13/2025,8,2,N,NSPIN,3
12/13/2025,8,2,N,REGDN,0.8
12/13/2025,8,2,N,REGUP,0.94
12/13/2025,8,2,N,RRS,0.38
12/13/2025,8,1,N,ECRS,0.68
12/13/2025,8,1,N,NSPIN,2.7
12/13/2025,8,1,N,REGDN,0.67
12/13/2025,8,1,N,REGUP,0.29
12/13/2025,8,1,N,RRS,0.34
12/13/2025,9,4,N,ECRS,0
12/13/2025,9,4,N,NSPIN,0.4
12/13/2025,9,4,N,REGDN,0.49
12/13/2025,9,4,N,REGUP,0
12/13/2025,9,4,N,RRS,0.05
12/13/2025,9,3,N,ECRS,0
12/13/2025,9,3,N,NSPIN,0.46
12/13/2025,9,3,N,REGDN,0.34
12/13/2025,9,3,N,REGUP,0
12/13/2025,9,3,N,RRS,0.06
12/13/2025,9,2,N,ECRS,0
12/13/2025,9,2,N,NSPIN,0.71
12/13/2025,9,2,N,REGDN,0.33
12/13/2025,9,2,N,REGUP,0
12/13/2025,9,2,N,RRS,0.09
12/13/2025,9,1,N,ECRS,0.18
12/13/2025,9,1,N,NSPIN,0.99
12/13/2025,9,1,N,REGDN,0.03
12/13/2025,9,1,N,REGUP,0.01
12/13/2025,9,1,N,RRS,0.13
12/13/2025,10,4,N,ECRS,0
12/13/2025,10,4,N,NSPIN,0.25
12/13/2025,10,4,N,REGDN,0.45
12/13/2025,10,4,N,REGUP,0
12/13/2025,10,4,N,RRS,0.03
12/13/2025,10,3,N,ECRS,0
12/13/2025,10,3,N,NSPIN,0.25
12/13/2025,10,3,N,REGDN,0.3
12/13/2025,10,3,N,REGUP,0
12/13/2025,10,3,N,RRS,0.03
12/13/2025,10,2,N,ECRS,0
12/13/2025,10,2,N,NSPIN,0.25
12/13/2025,10,2,N,REGDN,0.3
12/13/2025,10,2,N,REGUP,0
12/13/2025,10,2,N,RRS,0.03
12/13/2025,10,1,N,ECRS,0.04
12/13/2025,10,1,N,NSPIN,0.25
12/13/2025,10,1,N,REGDN,0.35
12/13/2025,10,1,N,REGUP,0
12/13/2025,10,1,N,RRS,0.03
12/13/2025,11,4,N,ECRS,0.04
12/13/2025,11,4,N,NSPIN,0.22
12/13/2025,11,4,N,REGDN,0.88
12/13/2025,11,4,N,REGUP,0
12/13/2025,11,4,N,RRS,0.03
12/13/2025,11,3,N,ECRS,0.03
12/13/2025,11,3,N,NSPIN,0.23
12/13/2025,11,3,N,REGDN,0.56
12/13/2025,11,3,N,REGUP,0
12/13/2025,11,3,N,RRS,0.03
12/13/2025,11,2,N,ECRS,0.04
12/13/2025,11,2,N,NSPIN,0.25
12/13/2025,11,2,N,REGDN,0.68
12/13/2025,11,2,N,REGUP,0
12/13/2025,11,2,N,RRS,0.03
12/13/2025,11,1,N,ECRS,0.04
12/13/2025,11,1,N,NSPIN,0.25
12/13/2025,11,1,N,REGDN,0.54
12/13/2025,11,1,N,REGUP,0
12/13/2025,11,1,N,RRS,0.03
12/13/2025,12,4,N,ECRS,0
12/13/2025,12,4,N,NSPIN,0.21
12/13/2025,12,4,N,REGDN,0.54
12/13/2025,12,4,N,REGUP,0
12/13/2025,12,4,N,RRS,0.01
12/13/2025,12,3,N,ECRS,0
12/13/2025,12,3,N,NSPIN,0.25
12/13/2025,12,3,N,REGDN,0.68
12/13/2025,12,3,N,REGUP,0
12/13/2025,12,3,N,RRS,0.03
12/13/2025,12,2,N,ECRS,0
12/13/2025,12,2,N,NSPIN,0.25
12/13/2025,12,2,N,REGDN,0.77
12/13/2025,12,2,N,REGUP,0
12/13/2025,12,2,N,RRS,0.03
12/13/2025,12,1,N,ECRS,0
12/13/2025,12,1,N,NSPIN,0.25
12/13/2025,12,1,N,REGDN,1.02
12/13/2025,12,1,N,REGUP,0
12/13/2025,12,1,N,RRS,0.02
12/13/2025,13,4,N,ECRS,0
12/13/2025,13,4,N,NSPIN,0.15
12/13/2025,13,4,N,REGDN,0.23
12/13/2025,13,4,N,REGUP,0
12/13/2025,13,4,N,RRS,0.01
12/13/2025,13,3,N,ECRS,0
12/13/2025,13,3,N,NSPIN,0.18
12/13/2025,13,3,N,REGDN,1.12
12/13/2025,13,3,N,REGUP,0
12/13/2025,13,3,N,RRS,0.01
12/13/2025,13,2,N,ECRS,0
12/13/2025,13,2,N,NSPIN,0.19
12/13/2025,13,2,N,REGDN,0.49
12/13/2025,13,2,N,REGUP,0
12/13/2025,13,2,N,RRS,0.01
12/13/2025,13,1,N,ECRS,0
12/13/2025,13,1,N,NSPIN,0.2
12/13/2025,13,1,N,REGDN,0.53
12/13/2025,13,1,N,REGUP,0
12/13/2025,13,1,N,RRS,0.02
12/13/2025,14,4,N,ECRS,0
12/13/2025,14,4,N,NSPIN,0.03
12/13/2025,14,4,N,REGDN,0.86
12/13/2025,14,4,N,REGUP,0
12/13/2025,14,4,N,RRS,0
12/13/2025,14,3,N,ECRS,0
12/13/2025,14,3,N,NSPIN,0.03
12/13/2025,14,3,N,REGDN,0.31
12/13/2025,14,3,N,REGUP,0
12/13/2025,14,3,N,RRS,0
12/13/2025,14,2,N,ECRS,0
12/13/2025,14,2,N,NSPIN,0.03
12/13/2025,14,2,N,REGDN,0.84
12/13/2025,14,2,N,REGUP,0
12/13/2025,14,2,N,RRS,0
12/13/2025,14,1,N,ECRS,0.01
12/13/2025,14,1,N,NSPIN,0.04
12/13/2025,14,1,N,REGDN,0.33
12/13/2025,14,1,N,REGUP,0.01
12/13/2025,14,1,N,RRS,0.01
12/13/2025,15,4,N,ECRS,0
12/13/2025,15,4,N,NSPIN,0.01
12/13/2025,15,4,N,REGDN,2.38
12/13/2025,15,4,N,REGUP,0
12/13/2025,15,4,N,RRS,0
12/13/2025,15,3,N,ECRS,0
12/13/2025,15,3,N,NSPIN,0.01
12/13/2025,15,3,N,REGDN,2.53
12/13/2025,15,3,N,REGUP,0
12/13/2025,15,3,N,RRS,0
12/13/2025,15,2,N,ECRS,0
12/13/2025,15,2,N,NSPIN,0.01
12/13/2025,15,2,N,REGDN,1.92
12/13/2025,15,2,N,REGUP,0
12/13/2025,15,2,N,RRS,0
12/13/2025,15,1,N,ECRS,0
12/13/2025,15,1,N,NSPIN,0.01
12/13/2025,15,1,N,REGDN,1.9
12/13/2025,15,1,N,REGUP,0
12/13/2025,15,1,N,RRS,0
12/13/2025,16,4,N,ECRS,0
12/13/2025,16,4,N,NSPIN,0.01
12/13/2025,16,4,N,REGDN,2.52
12/13/2025,16,4,N,REGUP,0.07
12/13/2025,16,4,N,RRS,0
12/13/2025,16,3,N,ECRS,0
12/13/2025,16,3,N,NSPIN,0.01
12/13/2025,16,3,N,REGDN,2.45
12/13/2025,16,3,N,REGUP,0.01
12/13/2025,16,3,N,RRS,0
12/13/2025,16,2,N,ECRS,0
12/13/2025,16,2,N,NSPIN,0.01
12/13/2025,16,2,N,REGDN,2.1
12/13/2025,16,2,N,REGUP,0.01
12/13/2025,16,2,N,RRS,0
12/13/2025,16,1,N,ECRS,0
12/13/2025,16,1,N,NSPIN,0.01
12/13/2025,16,1,N,REGDN,1.96
12/13/2025,16,1,N,REGUP,0.01
12/13/2025,16,1,N,RRS,0
12/13/2025,17,4,N,ECRS,0.02
12/13/2025,17,4,N,NSPIN,0.06
12/13/2025,17,4,N,REGDN,0.03
12/13/2025,17,4,N,REGUP,0.19
12/13/2025,17,4,N,RRS,0.01
12/13/2025,17,3,N,ECRS,0.01
12/13/2025,17,3,N,NSPIN,0.02
12/13/2025,17,3,N,REGDN,0.03
12/13/2025,17,3,N,REGUP,0.38
12/13/2025,17,3,N,RRS,0
12/13/2025,17,2,N,ECRS,0
12/13/2025,17,2,N,NSPIN,0.01
12/13/2025,17,2,N,REGDN,0.03
12/13/2025,17,2,N,REGUP,0.03
12/13/2025,17,2,N,RRS,0
12/13/2025,17,1,N,ECRS,0
12/13/2025,17,1,N,NSPIN,0.01
12/13/2025,17,1,N,REGDN,0.04
12/13/2025,17,1,N,REGUP,0.13
12/13/2025,17,1,N,RRS,0
12/13/2025,18,4,N,ECRS,0.64
12/13/2025,18,4,N,NSPIN,1.13
12/13/2025,18,4,N,REGDN,1.17
12/13/2025,18,4,N,REGUP,0.27
12/13/2025,18,4,N,RRS,0.56
12/13/2025,18,3,N,ECRS,0.37
12/13/2025,18,3,N,NSPIN,1.07
12/13/2025,18,3,N,REGDN,1.2
12/13/2025,18,3,N,REGUP,0
12/13/2025,18,3,N,RRS,0.26
12/13/2025,18,2,N,ECRS,0.26
12/13/2025,18,2,N,NSPIN,0.99
12/13/2025,18,2,N,REGDN,1.33
12/13/2025,18,2,N,REGUP,0
12/13/2025,18,2,N,RRS,0.13
12/13/2025,18,1,N,ECRS,0.27
12/13/2025,18,1,N,NSPIN,1.05
12/13/2025,18,1,N,REGDN,0.8
12/13/2025,18,1,N,REGUP,0.05
12/13/2025,18,1,N,RRS,0.14
12/13/2025,19,4,N,ECRS,0.01
12/13/2025,19,4,N,NSPIN,0.66
12/13/2025,19,4,N,REGDN,1.84
12/13/2025,19,4,N,REGUP,0
12/13/2025,19,4,N,RRS,0.08
12/13/2025,19,3,N,ECRS,0.04
12/13/2025,19,3,N,NSPIN,0.8
12/13/2025,19,3,N,REGDN,1.83
12/13/2025,19,3,N,REGUP,0
12/13/2025,19,3,N,RRS,0.1
12/13/2025,19,2,N,ECRS,0.26
12/13/2025,19,2,N,NSPIN,1.04
12/13/2025,19,2,N,REGDN,1.09
12/13/2025,19,2,N,REGUP,0
12/13/2025,19,2,N,RRS,0.14
12/13/2025,19,1,N,ECRS,0.32
12/13/2025,19,1,N,NSPIN,1.4
12/13/2025,19,1,N,REGDN,0.99
12/13/2025,19,1,N,REGUP,0.06
12/13/2025,19,1,N,RRS,0.19
12/13/2025,20,4,N,ECRS,0
12/13/2025,20,4,N,NSPIN,0.2
12/13/2025,20,4,N,REGDN,1.02
12/13/2025,20,4,N,REGUP,0
12/13/2025,20,4,N,RRS,0.03
12/13/2025,20,3,N,ECRS,0
12/13/2025,20,3,N,NSPIN,0.24
12/13/2025,20,3,N,REGDN,0.43
12/13/2025,20,3,N,REGUP,0
12/13/2025,20,3,N,RRS,0.03
12/13/2025,20,2,N,ECRS,0
12/13/2025,20,2,N,NSPIN,0.24
12/13/2025,20,2,N,REGDN,0.71
12/13/2025,20,2,N,REGUP,0
12/13/2025,20,2,N,RRS,0.03
12/13/2025,20,1,N,ECRS,0.01
12/13/2025,20,1,N,NSPIN,0.23
12/13/2025,20,1,N,REGDN,1.45
12/13/2025,20,1,N,REGUP,0
12/13/2025,20,1,N,RRS,0.03
12/13/2025,21,4,N,ECRS,0.01
12/13/2025,21,4,N,NSPIN,0.06
12/13/2025,21,4,N,REGDN,0.35
12/13/2025,21,4,N,REGUP,0.01
12/13/2025,21,4,N,RRS,0.01
12/13/2025,21,3,N,ECRS,0.01
12/13/2025,21,3,N,NSPIN,0.07
12/13/2025,21,3,N,REGDN,1.11
12/13/2025,21,3,N,REGUP,0.01
12/13/2025,21,3,N,RRS,0.01
12/13/2025,21,2,N,ECRS,0.01
12/13/2025,21,2,N,NSPIN,0.07
12/13/2025,21,2,N,REGDN,0.85
12/13/2025,21,2,N,REGUP,0.01
12/13/2025,21,2,N,RRS,0.02
12/13/2025,21,1,N,ECRS,0.01
12/13/2025,21,1,N,NSPIN,0.07
12/13/2025,21,1,N,REGDN,0.87
12/13/2025,21,1,N,REGUP,0.01
12/13/2025,21,1,N,RRS,0.01
12/13/2025,22,4,N,ECRS,0.01
12/13/2025,22,4,N,NSPIN,0.12
12/13/2025,22,4,N,REGDN,0.38
12/13/2025,22,4,N,REGUP,0.01
12/13/2025,22,4,N,RRS,0.01
12/13/2025,22,3,N,ECRS,0.02
12/13/2025,22,3,N,NSPIN,0.17
12/13/2025,22,3,N,REGDN,0.37
12/13/2025,22,3,N,REGUP,0.01
12/13/2025,22,3,N,RRS,0.01
12/13/2025,22,2,N,ECRS,0.03
12/13/2025,22,2,N,NSPIN,0.15
12/13/2025,22,2,N,REGDN,0.38
12/13/2025,22,2,N,REGUP,0.02
12/13/2025,22,2,N,RRS,0.02
12/13/2025,22,1,N,ECRS,0.01
12/13/2025,22,1,N,NSPIN,0.16
12/13/2025,22,1,N,REGDN,0.42
12/13/2025,22,1,N,REGUP,0.02
12/13/2025,22,1,N,RRS,0.02
12/13/2025,23,4,N,ECRS,0.01
12/13/2025,23,4,N,NSPIN,0.19
12/13/2025,23,4,N,REGDN,0.53
12/13/2025,23,4,N,REGUP,0.01
12/13/2025,23,4,N,RRS,0.01
12/13/2025,23,3,N,ECRS,0.01
12/13/2025,23,3,N,NSPIN,0.21
12/13/2025,23,3,N,REGDN,0.43
12/13/2025,23,3,N,REGUP,0.01
12/13/2025,23,3,N,RRS,0.01
12/13/2025,23,2,N,ECRS,0.02
12/13/2025,23,2,N,NSPIN,0.22
12/13/2025,23,2,N,REGDN,0.45
12/13/2025,23,2,N,REGUP,0.02
12/13/2025,23,2,N,RRS,0.02
12/13/2025,23,1,N,ECRS,0.01
12/13/2025,23,1,N,NSPIN,0.21
12/13/2025,23,1,N,REGDN,0.46
12/13/2025,23,1,N,REGUP,0.03
12/13/2025,23,1,N,RRS,0.03
12/13/2025,24,4,N,ECRS,0.01
12/13/2025,24,4,N,NSPIN,0.05
12/13/2025,24,4,N,REGDN,0
12/13/2025,24,4,N,REGUP,0.01
12/13/2025,24,4,N,RRS,0.01
12/13/2025,24,3,N,ECRS,0.01
12/13/2025,24,3,N,NSPIN,0.07
12/13/2025,24,3,N,REGDN,0.03
12/13/2025,24,3,N,REGUP,0.01
12/13/2025,24,3,N,RRS,0.01
12/13/2025,24,2,N,ECRS,0.01
12/13/2025,24,2,N,NSPIN,0.07
12/13/2025,24,2,N,REGDN,0.32
12/13/2025,24,2,N,REGUP,0.01
12/13/2025,24,2,N,RRS,0.01
12/13/2025,24,1,N,ECRS,0.01
12/13/2025,24,1,N,NSPIN,0.15
12/13/2025,24,1,N,REGDN,0.32
12/13/2025,24,1,N,REGUP,0.02
12/13/2025,24,1,N,RRS,0.02
12/14/2025,1,4,N,ECRS,0
12/14/2025,1,4,N,NSPIN,0.03
12/14/2025,1,4,N,REGDN,0.03
12/14/2025,1,4,N,REGUP,0
12/14/2025,1,4,N,RRS,0
12/14/2025,1,3,N,ECRS,0
12/14/2025,1,3,N,NSPIN,0.03
12/14/2025,1,3,N,REGDN,0
12/14/2025,1,3,N,REGUP,0
12/14/2025,1,3,N,RRS,0
12/14/2025,1,2,N,ECRS,0
12/14/2025,1,2,N,NSPIN,0.03
12/14/2025,1,2,N,REGDN,0.02
12/14/2025,1,2,N,REGUP,0
12/14/2025,1,2,N,RRS,0
12/14/2025,1,1,N,ECRS,0
12/14/2025,1,1,N,NSPIN,0.06
12/14/2025,1,1,N,REGDN,0.1
12/14/2025,1,1,N,REGUP,0
12/14/2025,1,1,N,RRS,0.01
12/14/2025,2,4,N,ECRS,0
12/14/2025,2,4,N,NSPIN,0.02
12/14/2025,2,4,N,REGDN,0
12/14/2025,2,4,N,REGUP,0
12/14/2025,2,4,N,RRS,0
12/14/2025,2,3,N,ECRS,0
12/14/2025,2,3,N,NSPIN,0.02
12/14/2025,2,3,N,REGDN,0.04
12/14/2025,2,3,N,REGUP,0
12/14/2025,2,3,N,RRS,0
12/14/2025,2,2,N,ECRS,0
12/14/2025,2,2,N,NSPIN,0.02
12/14/2025,2,2,N,REGDN,0.06
12/14/2025,2,2,N,REGUP,0
12/14/2025,2,2,N,RRS,0
12/14/2025,2,1,N,ECRS,0
12/14/2025,2,1,N,NSPIN,0.03
12/14/2025,2,1,N,REGDN,0.01
12/14/2025,2,1,N,REGUP,0
12/14/2025,2,1,N,RRS,0
12/14/2025,3,4,N,ECRS,0
12/14/2025,3,4,N,NSPIN,0.03
12/14/2025,3,4,N,REGDN,0
12/14/2025,3,4,N,REGUP,0
12/14/2025,3,4,N,RRS,0
12/14/2025,3,3,N,ECRS,0
12/14/2025,3,3,N,NSPIN,0.03
12/14/2025,3,3,N,REGDN,0
12/14/2025,3,3,N,REGUP,0
12/14/2025,3,3,N,RRS,0
12/14/2025,3,2,N,ECRS,0.01
12/14/2025,3,2,N,NSPIN,0.05
12/14/2025,3,2,N,REGDN,0
12/14/2025,3,2,N,REGUP,0.01
12/14/2025,3,2,N,RRS,0
12/14/2025,3,1,N,ECRS,0.01
12/14/2025,3,1,N,NSPIN,0.04
12/14/2025,3,1,N,REGDN,0
12/14/2025,3,1,N,REGUP,0.01
12/14/2025,3,1,N,RRS,0
12/14/2025,4,4,N,ECRS,0
12/14/2025,4,4,N,NSPIN,0.01
12/14/2025,4,4,N,REGDN,0
12/14/2025,4,4,N,REGUP,0.05
12/14/2025,4,4,N,RRS,0
12/14/2025,4,3,N,ECRS,0
12/14/2025,4,3,N,NSPIN,0.01
12/14/2025,4,3,N,REGDN,0
12/14/2025,4,3,N,REGUP,0.01
12/14/2025,4,3,N,RRS,0
12/14/2025,4,2,N,ECRS,0
12/14/2025,4,2,N,NSPIN,0.02
12/14/2025,4,2,N,REGDN,0
12/14/2025,4,2,N,REGUP,0
12/14/2025,4,2,N,RRS,0
12/14/2025,4,1,N,ECRS,0
12/14/2025,4,1,N,NSPIN,0.02
12/14/2025,4,1,N,REGDN,0
12/14/2025,4,1,N,REGUP,0
12/14/2025,4,1,N,RRS,0
12/14/2025,5,4,N,ECRS,0
12/14/2025,5,4,N,NSPIN,0.04
12/14/2025,5,4,N,REGDN,0.01
12/14/2025,5,4,N,REGUP,0.09
12/14/2025,5,4,N,RRS,0
12/14/2025,5,3,N,ECRS,0
12/14/2025,5,3,N,NSPIN,0.03
12/14/2025,5,3,N,REGDN,0.03
12/14/2025,5,3,N,REGUP,0.1
12/14/2025,5,3,N,RRS,0
12/14/2025,5,2,N,ECRS,0
12/14/2025,5,2,N,NSPIN,0.02
12/14/2025,5,2,N,REGDN,0.02
12/14/2025,5,2,N,REGUP,0.1
12/14/2025,5,2,N,RRS,0
12/14/2025,5,1,N,ECRS,0
12/14/2025,5,1,N,NSPIN,0.02
12/14/2025,5,1,N,REGDN,0.02
12/14/2025,5,1,N,REGUP,0.05
12/14/2025,5,1,N,RRS,0
12/14/2025,6,4,N,ECRS,0.01
12/14/2025,6,4,N,NSPIN,0.15
12/14/2025,6,4,N,REGDN,0.12
12/14/2025,6,4,N,REGUP,0.11
12/14/2025,6,4,N,RRS,0.01
12/14/2025,6,3,N,ECRS,0.01
12/14/2025,6,3,N,NSPIN,0.13
12/14/2025,6,3,N,REGDN,0.13
12/14/2025,6,3,N,REGUP,0.21
12/14/2025,6,3,N,RRS,0
12/14/2025,6,2,N,ECRS,0.01
12/14/2025,6,2,N,NSPIN,0.11
12/14/2025,6,2,N,REGDN,0.1
12/14/2025,6,2,N,REGUP,0.14
12/14/2025,6,2,N,RRS,0
12/14/2025,6,1,N,ECRS,0.01
12/14/2025,6,1,N,NSPIN,0.06
12/14/2025,6,1,N,REGDN,0.07
12/14/2025,6,1,N,REGUP,0
12/14/2025,6,1,N,RRS,0
12/14/2025,7,4,N,ECRS,0.02
12/14/2025,7,4,N,NSPIN,0.25
12/14/2025,7,4,N,REGDN,0.18
12/14/2025,7,4,N,REGUP,0
12/14/2025,7,4,N,RRS,0.01
12/14/2025,7,3,N,ECRS,0.01
12/14/2025,7,3,N,NSPIN,0.25
12/14/2025,7,3,N,REGDN,0.22
12/14/2025,7,3,N,REGUP,0
12/14/2025,7,3,N,RRS,0.01
12/14/2025,7,2,N,ECRS,0.02
12/14/2025,7,2,N,NSPIN,0.25
12/14/2025,7,2,N,REGDN,0.17
12/14/2025,7,2,N,REGUP,0
12/14/2025,7,2,N,RRS,0.01
12/14/2025,7,1,N,ECRS,0.02
12/14/2025,7,1,N,NSPIN,0.25
12/14/2025,7,1,N,REGDN,0.18
12/14/2025,7,1,N,REGUP,0
12/14/2025,7,1,N,RRS,0.01
12/14/2025,8,4,N,ECRS,0.09
12/14/2025,8,4,N,NSPIN,0.42
12/14/2025,8,4,N,REGDN,0.01
12/14/2025,8,4,N,REGUP,0.04
12/14/2025,8,4,N,RRS,0.05
12/14/2025,8,3,N,ECRS,0.06
12/14/2025,8,3,N,NSPIN,0.29
12/14/2025,8,3,N,REGDN,0.01
12/14/2025,8,3,N,REGUP,0.04
12/14/2025,8,3,N,RRS,0.04
12/14/2025,8,2,N,ECRS,0.04
12/14/2025,8,2,N,NSPIN,0.25
12/14/2025,8,2,N,REGDN,0.01
12/14/2025,8,2,N,REGUP,0.03
12/14/2025,8,2,N,RRS,0.03
12/14/2025,8,1,N,ECRS,0.03
12/14/2025,8,1,N,NSPIN,0.25
12/14/2025,8,1,N,REGDN,0.01
12/14/2025,8,1,N,REGUP,0.17
12/14/2025,8,1,N,RRS,0.02
12/14/2025,9,4,N,ECRS,0.06
12/14/2025,9,4,N,NSPIN,0.25
12/14/2025,9,4,N,REGDN,0.19
12/14/2025,9,4,N,REGUP,0.01
12/14/2025,9,4,N,RRS,0.01
12/14/2025,9,3,N,ECRS,0.06
12/14/2025,9,3,N,NSPIN,0.25
12/14/2025,9,3,N,REGDN,0.03
12/14/2025,9,3,N,REGUP,0.01
12/14/2025,9,3,N,RRS,0.02
12/14/2025,9,2,N,ECRS,0.07
12/14/2025,9,2,N,NSPIN,0.28
12/14/2025,9,2,N,REGDN,0.02
12/14/2025,9,2,N,REGUP,0
12/14/2025,9,2,N,RRS,0.02
12/14/2025,9,1,N,ECRS,0.07
12/14/2025,9,1,N,NSPIN,0.27
12/14/2025,9,1,N,REGDN,0.01
12/14/2025,9,1,N,REGUP,0.02
12/14/2025,9,1,N,RRS,0.02
12/14/2025,10,4,N,ECRS,0
12/14/2025,10,4,N,NSPIN,0.1
12/14/2025,10,4,N,REGDN,0.17
12/14/2025,10,4,N,REGUP,0.06
12/14/2025,10,4,N,RRS,0.01
12/14/2025,10,3,N,ECRS,0
12/14/2025,10,3,N,NSPIN,0.1
12/14/2025,10,3,N,REGDN,0.04
12/14/2025,10,3,N,REGUP,0
12/14/2025,10,3,N,RRS,0.01
12/14/2025,10,2,N,ECRS,0
12/14/2025,10,2,N,NSPIN,0.11
12/14/2025,10,2,N,REGDN,0.04
12/14/2025,10,2,N,REGUP,0.01
12/14/2025,10,2,N,RRS,0.01
12/14/2025,10,1,N,ECRS,0.03
12/14/2025,10,1,N,NSPIN,0.12
12/14/2025,10,1,N,REGDN,0.04
12/14/2025,10,1,N,REGUP,0
12/14/2025,10,1,N,RRS,0.01
12/14/2025,11,4,N,ECRS,0.02
12/14/2025,11,4,N,NSPIN,0.09
12/14/2025,11,4,N,REGDN,0.2
12/14/2025,11,4,N,REGUP,0.02
12/14/2025,11,4,N,RRS,0.01
12/14/2025,11,3,N,ECRS,0.02
12/14/2025,11,3,N,NSPIN,0.1
12/14/2025,11,3,N,REGDN,0.1
12/14/2025,11,3,N,REGUP,0.03
12/14/2025,11,3,N,RRS,0.01
12/14/2025,11,2,N,ECRS,0.03
12/14/2025,11,2,N,NSPIN,0.12
12/14/2025,11,2,N,REGDN,0.03
12/14/2025,11,2,N,REGUP,0.06
12/14/2025,11,2,N,RRS,0.01
12/14/2025,11,1,N,ECRS,0.03
12/14/2025,11,1,N,NSPIN,0.14
12/14/2025,11,1,N,REGDN,0.14
12/14/2025,11,1,N,REGUP,0.02
12/14/2025,11,1,N,RRS,0.01
12/14/2025,12,4,N,ECRS,0.02
12/14/2025,12,4,N,NSPIN,0.12
12/14/2025,12,4,N,REGDN,1.37
12/14/2025,12,4,N,REGUP,0.01
12/14/2025,12,4,N,RRS,0.01
12/14/2025,12,3,N,ECRS,0.03
12/14/2025,12,3,N,NSPIN,0.14
12/14/2025,12,3,N,REGDN,0.86
12/14/2025,12,3,N,REGUP,0.01
12/14/2025,12,3,N,RRS,0.02
12/14/2025,12,2,N,ECRS,0.04
12/14/2025,12,2,N,NSPIN,0.14
12/14/2025,12,2,N,REGDN,1
12/14/2025,12,2,N,REGUP,0.02
12/14/2025,12,2,N,RRS,0.02
12/14/2025,12,1,N,ECRS,0.03
12/14/2025,12,1,N,NSPIN,0.14
12/14/2025,12,1,N,REGDN,0.74
12/14/2025,12,1,N,REGUP,0.01
12/14/2025,12,1,N,RRS,0.02
12/14/2025,13,4,N,ECRS,0.01
12/14/2025,13,4,N,NSPIN,0.2
12/14/2025,13,4,N,REGDN,0.4
12/14/2025,13,4,N,REGUP,0
12/14/2025,13,4,N,RRS,0.02
12/14/2025,13,3,N,ECRS,0.01
12/14/2025,13,3,N,NSPIN,0.2
12/14/2025,13,3,N,REGDN,0.7
12/14/2025,13,3,N,REGUP,0
12/14/2025,13,3,N,RRS,0.01
12/14/2025,13,2,N,ECRS,0.02
12/14/2025,13,2,N,NSPIN,0.2
12/14/2025,13,2,N,REGDN,0.76
12/14/2025,13,2,N,REGUP,0
12/14/2025,13,2,N,RRS,0.02
12/14/2025,13,1,N,ECRS,0.01
12/14/2025,13,1,N,NSPIN,0.18
12/14/2025,13,1,N,REGDN,0.41
12/14/2025,13,1,N,REGUP,0
12/14/2025,13,1,N,RRS,0.01
12/14/2025,14,4,N,ECRS,0
12/14/2025,14,4,N,NSPIN,0.06
12/14/2025,14,4,N,REGDN,0.94
12/14/2025,14,4,N,REGUP,0
12/14/2025,14,4,N,RRS,0.01
12/14/2025,14,3,N,ECRS,0
12/14/2025,14,3,N,NSPIN,0.06
12/14/2025,14,3,N,REGDN,0.43
12/14/2025,14,3,N,REGUP,0
12/14/2025,14,3,N,RRS,0.01
12/14/2025,14,2,N,ECRS,0
12/14/2025,14,2,N,NSPIN,0.08
12/14/2025,14,2,N,REGDN,0.37
12/14/2025,14,2,N,REGUP,0
12/14/2025,14,2,N,RRS,0.01
12/14/2025,14,1,N,ECRS,0.01
12/14/2025,14,1,N,NSPIN,0.08
12/14/2025,14,1,N,REGDN,0.39
12/14/2025,14,1,N,REGUP,0.01
12/14/2025,14,1,N,RRS,0.01
12/14/2025,15,4,N,ECRS,0
12/14/2025,15,4,N,NSPIN,0.01
12/14/2025,15,4,N,REGDN,1.11
12/14/2025,15,4,N,REGUP,0
12/14/2025,15,4,N,RRS,0
12/14/2025,15,3,N,ECRS,0.01
12/14/2025,15,3,N,NSPIN,0.02
12/14/2025,15,3,N,REGDN,1.57
12/14/2025,15,3,N,REGUP,0
12/14/2025,15,3,N,RRS,0
12/14/2025,15,2,N,ECRS,0.01
12/14/2025,15,2,N,NSPIN,0.02
12/14/2025,15,2,N,REGDN,0.5
12/14/2025,15,2,N,REGUP,0
12/14/2025,15,2,N,RRS,0
12/14/2025,15,1,N,ECRS,0.01
12/14/2025,15,1,N,NSPIN,0.03
12/14/2025,15,1,N,REGDN,1.04
12/14/2025,15,1,N,REGUP,0
12/14/2025,15,1,N,RRS,0
12/14/2025,16,4,N,ECRS,0
12/14/2025,16,4,N,NSPIN,0.01
12/14/2025,16,4,N,REGDN,1.72
12/14/2025,16,4,N,REGUP,0
12/14/2025,16,4,N,RRS,0
12/14/2025,16,3,N,ECRS,0
12/14/2025,16,3,N,NSPIN,0.01
12/14/2025,16,3,N,REGDN,1.72
12/14/2025,16,3,N,REGUP,0
12/14/2025,16,3,N,RRS,0
12/14/2025,16,2,N,ECRS,0
12/14/2025,16,2,N,NSPIN,0.01
12/14/2025,16,2,N,REGDN,1.72
12/14/2025,16,2,N,REGUP,0.01
12/14/2025,16,2,N,RRS,0
12/14/2025,16,1,N,ECRS,0
12/14/2025,16,1,N,NSPIN,0.01
12/14/2025,16,1,N,REGDN,1.69
12/14/2025,16,1,N,REGUP,0
12/14/2025,16,1,N,RRS,0
12/14/2025,17,4,N,ECRS,0.05
12/14/2025,17,4,N,NSPIN,0.18
12/14/2025,17,4,N,REGDN,0.01
12/14/2025,17,4,N,REGUP,0.55
12/14/2025,17,4,N,RRS,0.02
12/14/2025,17,3,N,ECRS,0.01
12/14/2025,17,3,N,NSPIN,0.06
12/14/2025,17,3,N,REGDN,0
12/14/2025,17,3,N,REGUP,0.01
12/14/2025,17,3,N,RRS,0.01
12/14/2025,17,2,N,ECRS,0.01
12/14/2025,17,2,N,NSPIN,0.03
12/14/2025,17,2,N,REGDN,0
12/14/2025,17,2,N,REGUP,0
12/14/2025,17,2,N,RRS,0
12/14/2025,17,1,N,ECRS,0
12/14/2025,17,1,N,NSPIN,0.01
12/14/2025,17,1,N,REGDN,0.04
12/14/2025,17,1,N,REGUP,0
12/14/2025,17,1,N,RRS,0
12/14/2025,18,4,N,ECRS,0.74
12/14/2025,18,4,N,NSPIN,2.94
12/14/2025,18,4,N,REGDN,1.44
12/14/2025,18,4,N,REGUP,0.49
12/14/2025,18,4,N,RRS,0.38
12/14/2025,18,3,N,ECRS,0.58
12/14/2025,18,3,N,NSPIN,2.27
12/14/2025,18,3,N,REGDN,0.91
12/14/2025,18,3,N,REGUP,0.43
12/14/2025,18,3,N,RRS,0.29
12/14/2025,18,2,N,ECRS,0.4
12/14/2025,18,2,N,NSPIN,1.57
12/14/2025,18,2,N,REGDN,1.65
12/14/2025,18,2,N,REGUP,0.29
12/14/2025,18,2,N,RRS,0.2
12/14/2025,18,1,N,ECRS,0.37
12/14/2025,18,1,N,NSPIN,1.46
12/14/2025,18,1,N,REGDN,0.81
12/14/2025,18,1,N,REGUP,0.13
12/14/2025,18,1,N,RRS,0.19
12/14/2025,19,4,N,ECRS,2.13
12/14/2025,19,4,N,NSPIN,8.51
12/14/2025,19,4,N,REGDN,0.21
12/14/2025,19,4,N,REGUP,1.05
12/14/2025,19,4,N,RRS,1.07
12/14/2025,19,3,N,ECRS,2
12/14/2025,19,3,N,NSPIN,7.98
12/14/2025,19,3,N,REGDN,0.25
12/14/2025,19,3,N,REGUP,0.86
12/14/2025,19,3,N,RRS,1
12/14/2025,19,2,N,ECRS,1.99
12/14/2025,19,2,N,NSPIN,7.98
12/14/2025,19,2,N,REGDN,0.17
12/14/2025,19,2,N,REGUP,0.59
12/14/2025,19,2,N,RRS,1
12/14/2025,19,1,N,ECRS,1.7
12/14/2025,19,1,N,NSPIN,6.8
12/14/2025,19,1,N,REGDN,0.21
12/14/2025,19,1,N,REGUP,0.73
12/14/2025,19,1,N,RRS,0.85
12/14/2025,20,4,N,ECRS,5
12/14/2025,20,4,N,NSPIN,19.99
12/14/2025,20,4,N,REGDN,0.06
12/14/2025,20,4,N,REGUP,2.5
12/14/2025,20,4,N,RRS,2.5
12/14/2025,20,3,N,ECRS,4.97
12/14/2025,20,3,N,NSPIN,19.87
12/14/2025,20,3,N,REGDN,0
12/14/2025,20,3,N,REGUP,1.98
12/14/2025,20,3,N,RRS,2.49
12/14/2025,20,2,N,ECRS,2.73
12/14/2025,20,2,N,NSPIN,10.89
12/14/2025,20,2,N,REGDN,0
12/14/2025,20,2,N,REGUP,1.67
12/14/2025,20,2,N,RRS,1.37
12/14/2025,20,1,N,ECRS,2.05
12/14/2025,20,1,N,NSPIN,8.18
12/14/2025,20,1,N,REGDN,0.01
12/14/2025,20,1,N,REGUP,1.32
12/14/2025,20,1,N,RRS,1.03
12/14/2025,21,4,N,ECRS,6.2
12/14/2025,21,4,N,NSPIN,24.78
12/14/2025,21,4,N,REGDN,0
12/14/2025,21,4,N,REGUP,8.53
12/14/2025,21,4,N,RRS,3.11
12/14/2025,21,3,N,ECRS,6.2
12/14/2025,21,3,N,NSPIN,24.78
12/14/2025,21,3,N,REGDN,0
12/14/2025,21,3,N,REGUP,3.98
12/14/2025,21,3,N,RRS,3.1
12/14/2025,21,2,N,ECRS,6.2
12/14/2025,21,2,N,NSPIN,24.78
12/14/2025,21,2,N,REGDN,0
12/14/2025,21,2,N,REGUP,5.96
12/14/2025,21,2,N,RRS,3.1
12/14/2025,21,1,N,ECRS,6.05
12/14/2025,21,1,N,NSPIN,24.68
12/14/2025,21,1,N,REGDN,0
12/14/2025,21,1,N,REGUP,4.03
12/14/2025,21,1,N,RRS,3.09
12/14/2025,22,4,N,ECRS,7.04
12/14/2025,22,4,N,NSPIN,28.17
12/14/2025,22,4,N,REGDN,0
12/14/2025,22,4,N,REGUP,11.74
12/14/2025,22,4,N,RRS,3.53
12/14/2025,22,3,N,ECRS,7.05
12/14/2025,22,3,N,NSPIN,28.17
12/14/2025,22,3,N,REGDN,0
12/14/2025,22,3,N,REGUP,9.54
12/14/2025,22,3,N,RRS,3.54
12/14/2025,22,2,N,ECRS,7.05
12/14/2025,22,2,N,NSPIN,28.17
12/14/2025,22,2,N,REGDN,0.01
12/14/2025,22,2,N,REGUP,9
12/14/2025,22,2,N,RRS,3.53
12/14/2025,22,1,N,ECRS,6.83
12/14/2025,22,1,N,NSPIN,28.1
12/14/2025,22,1,N,REGDN,0.01
12/14/2025,22,1,N,REGUP,9.04
12/14/2025,22,1,N,RRS,3.52
12/14/2025,23,4,N,ECRS,5.14
12/14/2025,23,4,N,NSPIN,20.55
12/14/2025,23,4,N,REGDN,0.67
12/14/2025,23,4,N,REGUP,3.47
12/14/2025,23,4,N,RRS,2.58
12/14/2025,23,3,N,ECRS,5.19
12/14/2025,23,3,N,NSPIN,20.71
12/14/2025,23,3,N,REGDN,0.43
12/14/2025,23,3,N,REGUP,4.18
12/14/2025,23,3,N,RRS,2.6
12/14/2025,23,2,N,ECRS,5.32
12/14/2025,23,2,N,NSPIN,21.26
12/14/2025,23,2,N,REGDN,1.28
12/14/2025,23,2,N,REGUP,5.18
12/14/2025,23,2,N,RRS,2.66
12/14/2025,23,1,N,ECRS,5.76
12/14/2025,23,1,N,NSPIN,23.01
12/14/2025,23,1,N,REGDN,0.27
12/14/2025,23,1,N,REGUP,9.71
12/14/2025,23,1,N,RRS,2.88
12/14/2025,24,4,N,ECRS,3.9
12/14/2025,24,4,N,NSPIN,15.61
12/14/2025,24,4,N,REGDN,0.03
12/14/2025,24,4,N,REGUP,3.46
12/14/2025,24,4,N,RRS,1.95
12/14/2025,24,3,N,ECRS,3.96
12/14/2025,24,3,N,NSPIN,15.86
12/14/2025,24,3,N,REGDN,0.03
12/14/2025,24,3,N,REGUP,5.53
12/14/2025,24,3,N,RRS,1.98
12/14/2025,24,2,N,ECRS,4.04
12/14/2025,24,2,N,NSPIN,16.11
12/14/2025,24,2,N,REGDN,0.15
12/14/2025,24,2,N,REGUP,4.09
12/14/2025,24,2,N,RRS,2.02
12/14/2025,24,1,N,ECRS,4.15
12/14/2025,24,1,N,NSPIN,16.56
12/14/2025,24,1,N,REGDN,0.67
12/14/2025,24,1,N,REGUP,3.74
12/14/2025,24,1,N,RRS,2.08
12/15/2025,1,4,N,ECRS,1.72
12/15/2025,1,4,N,NSPIN,6.89
12/15/2025,1,4,N,REGDN,0.05
12/15/2025,1,4,N,REGUP,2.15
12/15/2025,1,4,N,RRS,0.86
12/15/2025,1,3,N,ECRS,1.79
12/15/2025,1,3,N,NSPIN,7.18
12/15/2025,1,3,N,REGDN,0.1
12/15/2025,1,3,N,REGUP,2.16
12/15/2025,1,3,N,RRS,0.9
12/15/2025,1,2,N,ECRS,2.01
12/15/2025,1,2,N,NSPIN,8.02
12/15/2025,1,2,N,REGDN,0.14
12/15/2025,1,2,N,REGUP,2.17
12/15/2025,1,2,N,RRS,1
12/15/2025,1,1,N,ECRS,2.33
12/15/2025,1,1,N,NSPIN,9.3
12/15/2025,1,1,N,REGDN,0.06
12/15/2025,1,1,N,REGUP,2.49
12/15/2025,1,1,N,RRS,1.17
12/15/2025,2,4,N,ECRS,2
12/15/2025,2,4,N,NSPIN,8
12/15/2025,2,4,N,REGDN,0.01
12/15/2025,2,4,N,REGUP,1.01
12/15/2025,2,4,N,RRS,1
12/15/2025,2,3,N,ECRS,2
12/15/2025,2,3,N,NSPIN,8
12/15/2025,2,3,N,REGDN,0.01
12/15/2025,2,3,N,REGUP,1.03
12/15/2025,2,3,N,RRS,1
12/15/2025,2,2,N,ECRS,2.04
12/15/2025,2,2,N,NSPIN,8.17
12/15/2025,2,2,N,REGDN,0.06
12/15/2025,2,2,N,REGUP,2.23
12/15/2025,2,2,N,RRS,1.02
12/15/2025,2,1,N,ECRS,2.11
12/15/2025,2,1,N,NSPIN,8.44
12/15/2025,2,1,N,REGDN,0.23
12/15/2025,2,1,N,REGUP,2.72
12/15/2025,2,1,N,RRS,1.06
12/15/2025,3,4,N,ECRS,1.35
12/15/2025,3,4,N,NSPIN,6.51
12/15/2025,3,4,N,REGDN,0
12/15/2025,3,4,N,REGUP,0.74
12/15/2025,3,4,N,RRS,0.64
12/15/2025,3,3,N,ECRS,1.66
12/15/2025,3,3,N,NSPIN,6.64
12/15/2025,3,3,N,REGDN,0.01
12/15/2025,3,3,N,REGUP,0.83
12/15/2025,3,3,N,RRS,0.83
12/15/2025,3,2,N,ECRS,1.59
12/15/2025,3,2,N,NSPIN,6.84
12/15/2025,3,2,N,REGDN,0.01
12/15/2025,3,2,N,REGUP,0.87
12/15/2025,3,2,N,RRS,0.79
12/15/2025,3,1,N,ECRS,1.78
12/15/2025,3,1,N,NSPIN,7.11
12/15/2025,3,1,N,REGDN,0.22
12/15/2025,3,1,N,REGUP,1.37
12/15/2025,3,1,N,RRS,0.89
12/15/2025,4,4,N,ECRS,0.97
12/15/2025,4,4,N,NSPIN,6.17
12/15/2025,4,4,N,REGDN,0.07
12/15/2025,4,4,N,REGUP,0.6
12/15/2025,4,4,N,RRS,0.77
12/15/2025,4,3,N,ECRS,1.22
12/15/2025,4,3,N,NSPIN,6.42
12/15/2025,4,3,N,REGDN,0.13
12/15/2025,4,3,N,REGUP,0.8
12/15/2025,4,3,N,RRS,0.8
12/15/2025,4,2,N,ECRS,1.33
12/15/2025,4,2,N,NSPIN,6.64
12/15/2025,4,2,N,REGDN,0
12/15/2025,4,2,N,REGUP,0.82
12/15/2025,4,2,N,RRS,0.83
12/15/2025,4,1,N,ECRS,1.27
12/15/2025,4,1,N,NSPIN,6.83
12/15/2025,4,1,N,REGDN,0
12/15/2025,4,1,N,REGUP,0.58
12/15/2025,4,1,N,RRS,0.69
12/15/2025,5,4,N,ECRS,1.16
12/15/2025,5,4,N,NSPIN,6.28
12/15/2025,5,4,N,REGDN,0.69
12/15/2025,5,4,N,REGUP,0.68
12/15/2025,5,4,N,RRS,0.78
12/15/2025,5,3,N,ECRS,1.27
12/15/2025,5,3,N,NSPIN,6.45
12/15/2025,5,3,N,REGDN,0.06
12/15/2025,5,3,N,REGUP,0.71
12/15/2025,5,3,N,RRS,0.79
12/15/2025,5,2,N,ECRS,1.32
12/15/2025,5,2,N,NSPIN,6.51
12/15/2025,5,2,N,REGDN,0.51
12/15/2025,5,2,N,REGUP,0.78
12/15/2025,5,2,N,RRS,0.81
12/15/2025,5,1,N,ECRS,1.16
12/15/2025,5,1,N,NSPIN,6.74
12/15/2025,5,1,N,REGDN,0.71
12/15/2025,5,1,N,REGUP,0.63
12/15/2025,5,1,N,RRS,0.84
12/15/2025,6,4,N,ECRS,2.24
12/15/2025,6,4,N,NSPIN,9.02
12/15/2025,6,4,N,REGDN,0.27
12/15/2025,6,4,N,REGUP,1.13
12/15/2025,6,4,N,RRS,1.13
12/15/2025,6,3,N,ECRS,1.45
12/15/2025,6,3,N,NSPIN,7.96
12/15/2025,6,3,N,REGDN,0.01
12/15/2025,6,3,N,REGUP,0.99
12/15/2025,6,3,N,RRS,0.99
12/15/2025,6,2,N,ECRS,1.31
12/15/2025,6,2,N,NSPIN,6.77
12/15/2025,6,2,N,REGDN,0
12/15/2025,6,2,N,REGUP,0.85
12/15/2025,6,2,N,RRS,0.85
12/15/2025,6,1,N,ECRS,1.21
12/15/2025,6,1,N,NSPIN,6.48
12/15/2025,6,1,N,REGDN,0.01
12/15/2025,6,1,N,REGUP,0.79
12/15/2025,6,1,N,RRS,0.61
12/15/2025,7,4,N,ECRS,17.01
12/15/2025,7,4,N,NSPIN,31.73
12/15/2025,7,4,N,REGDN,0
12/15/2025,7,4,N,REGUP,15.78
12/15/2025,7,4,N,RRS,14.55
12/15/2025,7,3,N,ECRS,7.57
12/15/2025,7,3,N,NSPIN,30.13
12/15/2025,7,3,N,REGDN,0
12/15/2025,7,3,N,REGUP,5.44
12/15/2025,7,3,N,RRS,3.81
12/15/2025,7,2,N,ECRS,4.93
12/15/2025,7,2,N,NSPIN,18.95
12/15/2025,7,2,N,REGDN,0
12/15/2025,7,2,N,REGUP,2.6
12/15/2025,7,2,N,RRS,2.6
12/15/2025,7,1,N,ECRS,3.31
12/15/2025,7,1,N,NSPIN,13.24
12/15/2025,7,1,N,REGDN,0
12/15/2025,7,1,N,REGUP,1.66
12/15/2025,7,1,N,RRS,1.66
12/15/2025,8,4,N,ECRS,14.74
12/15/2025,8,4,N,NSPIN,33.73
12/15/2025,8,4,N,REGDN,0
12/15/2025,8,4,N,REGUP,12
12/15/2025,8,4,N,RRS,8.47
12/15/2025,8,3,N,ECRS,21.66
12/15/2025,8,3,N,NSPIN,38.55
12/15/2025,8,3,N,REGDN,0
12/15/2025,8,3,N,REGUP,25.82
12/15/2025,8,3,N,RRS,16.22
12/15/2025,8,2,N,ECRS,38.98
12/15/2025,8,2,N,NSPIN,41.8
12/15/2025,8,2,N,REGDN,0
12/15/2025,8,2,N,REGUP,39.63
12/15/2025,8,2,N,RRS,36.57
12/15/2025,8,1,N,ECRS,25.92
12/15/2025,8,1,N,NSPIN,35.28
12/15/2025,8,1,N,REGDN,0
12/15/2025,8,1,N,REGUP,26.67
12/15/2025,8,1,N,RRS,22.84
12/15/2025,9,4,N,ECRS,0.52
12/15/2025,9,4,N,NSPIN,2.03
12/15/2025,9,4,N,REGDN,1.9
12/15/2025,9,4,N,REGUP,0.27
12/15/2025,9,4,N,RRS,0.26
12/15/2025,9,3,N,ECRS,1.94
12/15/2025,9,3,N,NSPIN,5.16
12/15/2025,9,3,N,REGDN,2
12/15/2025,9,3,N,REGUP,1.05
12/15/2025,9,3,N,RRS,1.04
12/15/2025,9,2,N,ECRS,6.66
12/15/2025,9,2,N,NSPIN,14.48
12/15/2025,9,2,N,REGDN,2
12/15/2025,9,2,N,REGUP,3.76
12/15/2025,9,2,N,RRS,3.76
12/15/2025,9,1,N,ECRS,16.44
12/15/2025,9,1,N,NSPIN,21.56
12/15/2025,9,1,N,REGDN,1.96
12/15/2025,9,1,N,REGUP,10.52
12/15/2025,9,1,N,RRS,10.52
12/15/2025,10,4,N,ECRS,0.11
12/15/2025,10,4,N,NSPIN,0.81
12/15/2025,10,4,N,REGDN,0.5
12/15/2025,10,4,N,REGUP,5.2
12/15/2025,10,4,N,RRS,0.1
12/15/2025,10,3,N,ECRS,0.24
12/15/2025,10,3,N,NSPIN,0.92
12/15/2025,10,3,N,REGDN,0.16
12/15/2025,10,3,N,REGUP,3.78
12/15/2025,10,3,N,RRS,0.12
12/15/2025,10,2,N,ECRS,0.24
12/15/2025,10,2,N,NSPIN,0.94
12/15/2025,10,2,N,REGDN,0.19
12/15/2025,10,2,N,REGUP,0.77
12/15/2025,10,2,N,RRS,0.13
12/15/2025,10,1,N,ECRS,0.25
12/15/2025,10,1,N,NSPIN,0.98
12/15/2025,10,1,N,REGDN,0.58
12/15/2025,10,1,N,REGUP,0.53
12/15/2025,10,1,N,RRS,0.13
12/15/2025,11,4,N,ECRS,0.06
12/15/2025,11,4,N,NSPIN,0.25
12/15/2025,11,4,N,REGDN,0.1
12/15/2025,11,4,N,REGUP,0.22
12/15/2025,11,4,N,RRS,0.03
12/15/2025,11,3,N,ECRS,0.08
12/15/2025,11,3,N,NSPIN,0.3
12/15/2025,11,3,N,REGDN,0.1
12/15/2025,11,3,N,REGUP,0.2
12/15/2025,11,3,N,RRS,0.04
12/15/2025,11,2,N,ECRS,0.11
12/15/2025,11,2,N,NSPIN,0.42
12/15/2025,11,2,N,REGDN,0.1
12/15/2025,11,2,N,REGUP,0.31
12/15/2025,11,2,N,RRS,0.05
12/15/2025,11,1,N,ECRS,0.14
12/15/2025,11,1,N,NSPIN,0.57
12/15/2025,11,1,N,REGDN,0.11
12/15/2025,11,1,N,REGUP,0.57
12/15/2025,11,1,N,RRS,0.07
12/15/2025,12,4,N,ECRS,0
12/15/2025,12,4,N,NSPIN,0.17
12/15/2025,12,4,N,REGDN,0.85
12/15/2025,12,4,N,REGUP,0.17
12/15/2025,12,4,N,RRS,0.02
12/15/2025,12,3,N,ECRS,0
12/15/2025,12,3,N,NSPIN,0.23
12/15/2025,12,3,N,REGDN,1.07
12/15/2025,12,3,N,REGUP,0.37
12/15/2025,12,3,N,RRS,0.03
12/15/2025,12,2,N,ECRS,0
12/15/2025,12,2,N,NSPIN,0.25
12/15/2025,12,2,N,REGDN,0.8
12/15/2025,12,2,N,REGUP,0.33
12/15/2025,12,2,N,RRS,0.03
12/15/2025,12,1,N,ECRS,0.01
12/15/2025,12,1,N,NSPIN,0.27
12/15/2025,12,1,N,REGDN,0.81
12/15/2025,12,1,N,REGUP,0.51
12/15/2025,12,1,N,RRS,0.03
12/15/2025,13,4,N,ECRS,0
12/15/2025,13,4,N,NSPIN,0.06
12/15/2025,13,4,N,REGDN,0.42
12/15/2025,13,4,N,REGUP,0
12/15/2025,13,4,N,RRS,0.01
12/15/2025,13,3,N,ECRS,0
12/15/2025,13,3,N,NSPIN,0.09
12/15/2025,13,3,N,REGDN,0.48
12/15/2025,13,3,N,REGUP,0
12/15/2025,13,3,N,RRS,0.01
12/15/2025,13,2,N,ECRS,0
12/15/2025,13,2,N,NSPIN,0.13
12/15/2025,13,2,N,REGDN,0.46
12/15/2025,13,2,N,REGUP,0
12/15/2025,13,2,N,RRS,0.02
12/15/2025,13,1,N,ECRS,0
12/15/2025,13,1,N,NSPIN,0.14
12/15/2025,13,1,N,REGDN,0.47
12/15/2025,13,1,N,REGUP,0
12/15/2025,13,1,N,RRS,0.02
12/15/2025,14,4,N,ECRS,0
12/15/2025,14,4,N,NSPIN,0.01
12/15/2025,14,4,N,REGDN,0.24
12/15/2025,14,4,N,REGUP,0
12/15/2025,14,4,N,RRS,0
12/15/2025,14,3,N,ECRS,0
12/15/2025,14,3,N,NSPIN,0.01
12/15/2025,14,3,N,REGDN,0.33
12/15/2025,14,3,N,REGUP,0
12/15/2025,14,3,N,RRS,0
12/15/2025,14,2,N,ECRS,0
12/15/2025,14,2,N,NSPIN,0.01
12/15/2025,14,2,N,REGDN,0.27
12/15/2025,14,2,N,REGUP,0
12/15/2025,14,2,N,RRS,0
12/15/2025,14,1,N,ECRS,0
12/15/2025,14,1,N,NSPIN,0.01
12/15/2025,14,1,N,REGDN,0.37
12/15/2025,14,1,N,REGUP,0
12/15/2025,14,1,N,RRS,0
12/15/2025,15,4,N,ECRS,0
12/15/2025,15,4,N,NSPIN,0.01
12/15/2025,15,4,N,REGDN,1.19
12/15/2025,15,4,N,REGUP,0.06
12/15/2025,15,4,N,RRS,0
12/15/2025,15,3,N,ECRS,0
12/15/2025,15,3,N,NSPIN,0.01
12/15/2025,15,3,N,REGDN,1.51
12/15/2025,15,3,N,REGUP,0.01
12/15/2025,15,3,N,RRS,0
12/15/2025,15,2,N,ECRS,0
12/15/2025,15,2,N,NSPIN,0.01
12/15/2025,15,2,N,REGDN,0.97
12/15/2025,15,2,N,REGUP,0
12/15/2025,15,2,N,RRS,0
12/15/2025,15,1,N,ECRS,0
12/15/2025,15,1,N,NSPIN,0.01
12/15/2025,15,1,N,REGDN,0.28
12/15/2025,15,1,N,REGUP,0
12/15/2025,15,1,N,RRS,0
12/15/2025,16,4,N,ECRS,0
12/15/2025,16,4,N,NSPIN,0.01
12/15/2025,16,4,N,REGDN,0.68
12/15/2025,16,4,N,REGUP,0.06
12/15/2025,16,4,N,RRS,0
12/15/2025,16,3,N,ECRS,0
12/15/2025,16,3,N,NSPIN,0.01
12/15/2025,16,3,N,REGDN,1.11
12/15/2025,16,3,N,REGUP,0.12
12/15/2025,16,3,N,RRS,0
12/15/2025,16,2,N,ECRS,0
12/15/2025,16,2,N,NSPIN,0.01
12/15/2025,16,2,N,REGDN,0.39
12/15/2025,16,2,N,REGUP,0.01
12/15/2025,16,2,N,RRS,0
12/15/2025,16,1,N,ECRS,0
12/15/2025,16,1,N,NSPIN,0.01
12/15/2025,16,1,N,REGDN,2.99
12/15/2025,16,1,N,REGUP,0.07
12/15/2025,16,1,N,RRS,0
12/15/2025,17,4,N,ECRS,0.06
12/15/2025,17,4,N,NSPIN,0.24
12/15/2025,17,4,N,REGDN,0.23
12/15/2025,17,4,N,REGUP,0.9
12/15/2025,17,4,N,RRS,0.04
12/15/2025,17,3,N,ECRS,0.01
12/15/2025,17,3,N,NSPIN,0.07
12/15/2025,17,3,N,REGDN,0.21
12/15/2025,17,3,N,REGUP,0.32
12/15/2025,17,3,N,RRS,0.01
12/15/2025,17,2,N,ECRS,0
12/15/2025,17,2,N,NSPIN,0.02
12/15/2025,17,2,N,REGDN,0.25
12/15/2025,17,2,N,REGUP,0.33
12/15/2025,17,2,N,RRS,0
12/15/2025,17,1,N,ECRS,0
12/15/2025,17,1,N,NSPIN,0.01
12/15/2025,17,1,N,REGDN,0.34
12/15/2025,17,1,N,REGUP,0
12/15/2025,17,1,N,RRS,0
12/15/2025,18,4,N,ECRS,0.75
12/15/2025,18,4,N,NSPIN,2.98
12/15/2025,18,4,N,REGDN,0.72
12/15/2025,18,4,N,REGUP,0.13
12/15/2025,18,4,N,RRS,0.38
12/15/2025,18,3,N,ECRS,0.79
12/15/2025,18,3,N,NSPIN,3.1
12/15/2025,18,3,N,REGDN,0.7
12/15/2025,18,3,N,REGUP,0
12/15/2025,18,3,N,RRS,0.41
12/15/2025,18,2,N,ECRS,0.58
12/15/2025,18,2,N,NSPIN,2.11
12/15/2025,18,2,N,REGDN,0.57
12/15/2025,18,2,N,REGUP,0
12/15/2025,18,2,N,RRS,0.32
12/15/2025,18,1,N,ECRS,0.41
12/15/2025,18,1,N,NSPIN,1.61
12/15/2025,18,1,N,REGDN,0.75
12/15/2025,18,1,N,REGUP,0.01
12/15/2025,18,1,N,RRS,0.21
12/15/2025,19,4,N,ECRS,0.25
12/15/2025,19,4,N,NSPIN,0.99
12/15/2025,19,4,N,REGDN,0.16
12/15/2025,19,4,N,REGUP,0
12/15/2025,19,4,N,RRS,0.13
12/15/2025,19,3,N,ECRS,0.26
12/15/2025,19,3,N,NSPIN,1
12/15/2025,19,3,N,REGDN,0.11
12/15/2025,19,3,N,REGUP,0
12/15/2025,19,3,N,RRS,0.13
12/15/2025,19,2,N,ECRS,0.26
12/15/2025,19,2,N,NSPIN,1
12/15/2025,19,2,N,REGDN,0.21
12/15/2025,19,2,N,REGUP,0
12/15/2025,19,2,N,RRS,0.13
12/15/2025,19,1,N,ECRS,0.26
12/15/2025,19,1,N,NSPIN,1.02
12/15/2025,19,1,N,REGDN,0.12
12/15/2025,19,1,N,REGUP,0.01
12/15/2025,19,1,N,RRS,0.13
12/15/2025,20,4,N,ECRS,0.03
12/15/2025,20,4,N,NSPIN,0.72
12/15/2025,20,4,N,REGDN,0.2
12/15/2025,20,4,N,REGUP,0
12/15/2025,20,4,N,RRS,0.09
12/15/2025,20,3,N,ECRS,0.04
12/15/2025,20,3,N,NSPIN,0.75
12/15/2025,20,3,N,REGDN,0.04
12/15/2025,20,3,N,REGUP,0
12/15/2025,20,3,N,RRS,0.09
12/15/2025,20,2,N,ECRS,0.12
12/15/2025,20,2,N,NSPIN,0.83
12/15/2025,20,2,N,REGDN,0.16
12/15/2025,20,2,N,REGUP,0
12/15/2025,20,2,N,RRS,0.11
12/15/2025,20,1,N,ECRS,0.22
12/15/2025,20,1,N,NSPIN,0.96
12/15/2025,20,1,N,REGDN,0.13
12/15/2025,20,1,N,REGUP,0
12/15/2025,20,1,N,RRS,0.12
12/15/2025,21,4,N,ECRS,0
12/15/2025,21,4,N,NSPIN,0.59
12/15/2025,21,4,N,REGDN,0.2
12/15/2025,21,4,N,REGUP,0
12/15/2025,21,4,N,RRS,0.07
12/15/2025,21,3,N,ECRS,0
12/15/2025,21,3,N,NSPIN,0.62
12/15/2025,21,3,N,REGDN,0.2
12/15/2025,21,3,N,REGUP,0
12/15/2025,21,3,N,RRS,0.08
12/15/2025,21,2,N,ECRS,0
12/15/2025,21,2,N,NSPIN,0.92
12/15/2025,21,2,N,REGDN,0.19
12/15/2025,21,2,N,REGUP,0
12/15/2025,21,2,N,RRS,0.12
12/15/2025,21,1,N,ECRS,0.06
12/15/2025,21,1,N,NSPIN,0.87
12/15/2025,21,1,N,REGDN,0.19
12/15/2025,21,1,N,REGUP,0
12/15/2025,21,1,N,RRS,0.11
12/15/2025,22,4,N,ECRS,0.03
12/15/2025,22,4,N,NSPIN,0.34
12/15/2025,22,4,N,REGDN,0.39
12/15/2025,22,4,N,REGUP,0.18
12/15/2025,22,4,N,RRS,0.04
12/15/2025,22,3,N,ECRS,0.06
12/15/2025,22,3,N,NSPIN,0.45
12/15/2025,22,3,N,REGDN,0.18
12/15/2025,22,3,N,REGUP,0.01
12/15/2025,22,3,N,RRS,0.06
12/15/2025,22,2,N,ECRS,0.06
12/15/2025,22,2,N,NSPIN,0.47
12/15/2025,22,2,N,REGDN,0.2
12/15/2025,22,2,N,REGUP,0.12
12/15/2025,22,2,N,RRS,0.06
12/15/2025,22,1,N,ECRS,0.01
12/15/2025,22,1,N,NSPIN,0.6
12/15/2025,22,1,N,REGDN,0.21
12/15/2025,22,1,N,REGUP,0.1
12/15/2025,22,1,N,RRS,0.06
12/15/2025,23,4,N,ECRS,0.02
12/15/2025,23,4,N,NSPIN,0.23
12/15/2025,23,4,N,REGDN,0.18
12/15/2025,23,4,N,REGUP,0.15
12/15/2025,23,4,N,RRS,0.02
12/15/2025,23,3,N,ECRS,0.03
12/15/2025,23,3,N,NSPIN,0.25
12/15/2025,23,3,N,REGDN,0.2
12/15/2025,23,3,N,REGUP,0.12
12/15/2025,23,3,N,RRS,0.02
12/15/2025,23,2,N,ECRS,0.03
12/15/2025,23,2,N,NSPIN,0.25
12/15/2025,23,2,N,REGDN,0.2
12/15/2025,23,2,N,REGUP,0.13
12/15/2025,23,2,N,RRS,0.02
12/15/2025,23,1,N,ECRS,0.01
12/15/2025,23,1,N,NSPIN,0.28
12/15/2025,23,1,N,REGDN,0.3
12/15/2025,23,1,N,REGUP,0.21
12/15/2025,23,1,N,RRS,0.02
12/15/2025,24,4,N,ECRS,0.02
12/15/2025,24,4,N,NSPIN,0.23
12/15/2025,24,4,N,REGDN,0.09
12/15/2025,24,4,N,REGUP,0.07
12/15/2025,24,4,N,RRS,0.01
12/15/2025,24,3,N,ECRS,0.03
12/15/2025,24,3,N,NSPIN,0.25
12/15/2025,24,3,N,REGDN,0.1
12/15/2025,24,3,N,REGUP,0.13
12/15/2025,24,3,N,RRS,0.02
12/15/2025,24,2,N,ECRS,0.02
12/15/2025,24,2,N,NSPIN,0.25
12/15/2025,24,2,N,REGDN,0.1
12/15/2025,24,2,N,REGUP,0.22
12/15/2025,24,2,N,RRS,0.02
12/15/2025,24,1,N,ECRS,0.03
12/15/2025,24,1,N,NSPIN,0.25
12/15/2025,24,1,N,REGDN,0.1
12/15/2025,24,1,N,REGUP,0.17
12/15/2025,24,1,N,RRS,0.02
12/16/2025,1,4,N,ECRS,0.01
12/16/2025,1,4,N,NSPIN,0.14
12/16/2025,1,4,N,REGDN,0.33
12/16/2025,1,4,N,REGUP,0
12/16/2025,1,4,N,RRS,0.01
12/16/2025,1,3,N,ECRS,0.01
12/16/2025,1,3,N,NSPIN,0.17
12/16/2025,1,3,N,REGDN,0.55
12/16/2025,1,3,N,REGUP,0
12/16/2025,1,3,N,RRS,0.01
12/16/2025,1,2,N,ECRS,0.02
12/16/2025,1,2,N,NSPIN,0.2
12/16/2025,1,2,N,REGDN,0
12/16/2025,1,2,N,REGUP,0
12/16/2025,1,2,N,RRS,0.01
12/16/2025,1,1,N,ECRS,0.03
12/16/2025,1,1,N,NSPIN,0.23
12/16/2025,1,1,N,REGDN,0.26
12/16/2025,1,1,N,REGUP,0
12/16/2025,1,1,N,RRS,0.02
12/16/2025,2,4,N,ECRS,0.01
12/16/2025,2,4,N,NSPIN,0.2
12/16/2025,2,4,N,REGDN,0.1
12/16/2025,2,4,N,REGUP,0.06
12/16/2025,2,4,N,RRS,0.01
12/16/2025,2,3,N,ECRS,0.01
12/16/2025,2,3,N,NSPIN,0.2
12/16/2025,2,3,N,REGDN,0.2
12/16/2025,2,3,N,REGUP,0
12/16/2025,2,3,N,RRS,0.01
12/16/2025,2,2,N,ECRS,0.01
12/16/2025,2,2,N,NSPIN,0.19
12/16/2025,2,2,N,REGDN,0.13
12/16/2025,2,2,N,REGUP,0
12/16/2025,2,2,N,RRS,0.01
12/16/2025,2,1,N,ECRS,0.01
12/16/2025,2,1,N,NSPIN,0.17
12/16/2025,2,1,N,REGDN,0.2
12/16/2025,2,1,N,REGUP,0
12/16/2025,2,1,N,RRS,0.01
12/16/2025,3,4,N,ECRS,0.01
12/16/2025,3,4,N,NSPIN,0.19
12/16/2025,3,4,N,REGDN,0.07
12/16/2025,3,4,N,REGUP,0.08
12/16/2025,3,4,N,RRS,0.01
12/16/2025,3,3,N,ECRS,0.01
12/16/2025,3,3,N,NSPIN,0.2
12/16/2025,3,3,N,REGDN,0.19
12/16/2025,3,3,N,REGUP,0.01
12/16/2025,3,3,N,RRS,0.01
12/16/2025,3,2,N,ECRS,0.01
12/16/2025,3,2,N,NSPIN,0.2
12/16/2025,3,2,N,REGDN,0.1
12/16/2025,3,2,N,REGUP,0.01
12/16/2025,3,2,N,RRS,0.01
12/16/2025,3,1,N,ECRS,0.01
12/16/2025,3,1,N,NSPIN,0.21
12/16/2025,3,1,N,REGDN,0.08
12/16/2025,3,1,N,REGUP,0.02
12/16/2025,3,1,N,RRS,0.01
12/16/2025,4,4,N,ECRS,0.01
12/16/2025,4,4,N,NSPIN,0.2
12/16/2025,4,4,N,REGDN,0.11
12/16/2025,4,4,N,REGUP,0.31
12/16/2025,4,4,N,RRS,0.02
12/16/2025,4,3,N,ECRS,0.01
12/16/2025,4,3,N,NSPIN,0.2
12/16/2025,4,3,N,REGDN,0.01
12/16/2025,4,3,N,REGUP,0.28
12/16/2025,4,3,N,RRS,0.03
12/16/2025,4,2,N,ECRS,0.01
12/16/2025,4,2,N,NSPIN,0.19
12/16/2025,4,2,N,REGDN,0.36
12/16/2025,4,2,N,REGUP,0.18
12/16/2025,4,2,N,RRS,0.02
12/16/2025,4,1,N,ECRS,0.01
12/16/2025,4,1,N,NSPIN,0.15
12/16/2025,4,1,N,REGDN,0.31
12/16/2025,4,1,N,REGUP,0.11
12/16/2025,4,1,N,RRS,0.01
12/16/2025,5,4,N,ECRS,0.02
12/16/2025,5,4,N,NSPIN,0.18
12/16/2025,5,4,N,REGDN,0.18
12/16/2025,5,4,N,REGUP,0.18
12/16/2025,5,4,N,RRS,0.02
12/16/2025,5,3,N,ECRS,0.01
12/16/2025,5,3,N,NSPIN,0.17
12/16/2025,5,3,N,REGDN,0.11
12/16/2025,5,3,N,REGUP,0.27
12/16/2025,5,3,N,RRS,0.02
12/16/2025,5,2,N,ECRS,0.01
12/16/2025,5,2,N,NSPIN,0.15
12/16/2025,5,2,N,REGDN,0.13
12/16/2025,5,2,N,REGUP,0.15
12/16/2025,5,2,N,RRS,0.02
12/16/2025,5,1,N,ECRS,0.01
12/16/2025,5,1,N,NSPIN,0.14
12/16/2025,5,1,N,REGDN,0.1
12/16/2025,5,1,N,REGUP,0.31
12/16/2025,5,1,N,RRS,0.01
12/16/2025,6,4,N,ECRS,0.03
12/16/2025,6,4,N,NSPIN,0.25
12/16/2025,6,4,N,REGDN,0.18
12/16/2025,6,4,N,REGUP,0.1
12/16/2025,6,4,N,RRS,0.02
12/16/2025,6,3,N,ECRS,0.02
12/16/2025,6,3,N,NSPIN,0.25
12/16/2025,6,3,N,REGDN,0.17
12/16/2025,6,3,N,REGUP,0.22
12/16/2025,6,3,N,RRS,0.02
12/16/2025,6,2,N,ECRS,0.02
12/16/2025,6,2,N,NSPIN,0.25
12/16/2025,6,2,N,REGDN,0.22
12/16/2025,6,2,N,REGUP,0.21
12/16/2025,6,2,N,RRS,0.02
12/16/2025,6,1,N,ECRS,0.01
12/16/2025,6,1,N,NSPIN,0.24
12/16/2025,6,1,N,REGDN,0.24
12/16/2025,6,1,N,REGUP,0.22
12/16/2025,6,1,N,RRS,0.01
12/16/2025,7,4,N,ECRS,0
12/16/2025,7,4,N,NSPIN,0.86
12/16/2025,7,4,N,REGDN,0.6
12/16/2025,7,4,N,REGUP,0.2
12/16/2025,7,4,N,RRS,0.11
12/16/2025,7,3,N,ECRS,0
12/16/2025,7,3,N,NSPIN,0.83
12/16/2025,7,3,N,REGDN,0.51
12/16/2025,7,3,N,REGUP,0.34
12/16/2025,7,3,N,RRS,0.1
12/16/2025,7,2,N,ECRS,0
12/16/2025,7,2,N,NSPIN,0.83
12/16/2025,7,2,N,REGDN,0.45
12/16/2025,7,2,N,REGUP,0.16
12/16/2025,7,2,N,RRS,0.1
12/16/2025,7,1,N,ECRS,0.03
12/16/2025,7,1,N,NSPIN,0.44
12/16/2025,7,1,N,REGDN,0.5
12/16/2025,7,1,N,REGUP,0.27
12/16/2025,7,1,N,RRS,0.06
12/16/2025,8,4,N,ECRS,0.23
12/16/2025,8,4,N,NSPIN,1
12/16/2025,8,4,N,REGDN,0.6
12/16/2025,8,4,N,REGUP,0.43
12/16/2025,8,4,N,RRS,0.13
12/16/2025,8,3,N,ECRS,0.11
12/16/2025,8,3,N,NSPIN,0.99
12/16/2025,8,3,N,REGDN,0.4
12/16/2025,8,3,N,REGUP,0.13
12/16/2025,8,3,N,RRS,0.13
12/16/2025,8,2,N,ECRS,0.01
12/16/2025,8,2,N,NSPIN,0.97
12/16/2025,8,2,N,REGDN,0.4
12/16/2025,8,2,N,REGUP,0.16
12/16/2025,8,2,N,RRS,0.13
12/16/2025,8,1,N,ECRS,0.2
12/16/2025,8,1,N,NSPIN,0.97
12/16/2025,8,1,N,REGDN,0.56
12/16/2025,8,1,N,REGUP,0.12
12/16/2025,8,1,N,RRS,0.12
12/16/2025,9,4,N,ECRS,0.06
12/16/2025,9,4,N,NSPIN,0.25
12/16/2025,9,4,N,REGDN,0.4
12/16/2025,9,4,N,REGUP,0.2
12/16/2025,9,4,N,RRS,0.03
12/16/2025,9,3,N,ECRS,0.1
12/16/2025,9,3,N,NSPIN,0.42
12/16/2025,9,3,N,REGDN,0.53
12/16/2025,9,3,N,REGUP,0.39
12/16/2025,9,3,N,RRS,0.05
12/16/2025,9,2,N,ECRS,0.14
12/16/2025,9,2,N,NSPIN,0.57
12/16/2025,9,2,N,REGDN,0.7
12/16/2025,9,2,N,REGUP,0.34
12/16/2025,9,2,N,RRS,0.07
12/16/2025,9,1,N,ECRS,0.22
12/16/2025,9,1,N,NSPIN,0.87
12/16/2025,9,1,N,REGDN,0.95
12/16/2025,9,1,N,REGUP,0.34
12/16/2025,9,1,N,RRS,0.11
12/16/2025,10,4,N,ECRS,0.05
12/16/2025,10,4,N,NSPIN,0.21
12/16/2025,10,4,N,REGDN,0.3
12/16/2025,10,4,N,REGUP,0.37
12/16/2025,10,4,N,RRS,0.03
12/16/2025,10,3,N,ECRS,0.06
12/16/2025,10,3,N,NSPIN,0.25
12/16/2025,10,3,N,REGDN,0.3
12/16/2025,10,3,N,REGUP,0.35
12/16/2025,10,3,N,RRS,0.03
12/16/2025,10,2,N,ECRS,0.06
12/16/2025,10,2,N,NSPIN,0.25
12/16/2025,10,2,N,REGDN,0.26
12/16/2025,10,2,N,REGUP,0.26
12/16/2025,10,2,N,RRS,0.03
12/16/2025,10,1,N,ECRS,0.06
12/16/2025,10,1,N,NSPIN,0.25
12/16/2025,10,1,N,REGDN,0.32
12/16/2025,10,1,N,REGUP,0.28
12/16/2025,10,1,N,RRS,0.03
12/16/2025,11,4,N,ECRS,0.05
12/16/2025,11,4,N,NSPIN,0.22
12/16/2025,11,4,N,REGDN,0.4
12/16/2025,11,4,N,REGUP,0.27
12/16/2025,11,4,N,RRS,0.03
12/16/2025,11,3,N,ECRS,0.06
12/16/2025,11,3,N,NSPIN,0.23
12/16/2025,11,3,N,REGDN,0.37
12/16/2025,11,3,N,REGUP,0.23
12/16/2025,11,3,N,RRS,0.03
12/16/2025,11,2,N,ECRS,0.06
12/16/2025,11,2,N,NSPIN,0.25
12/16/2025,11,2,N,REGDN,0.44
12/16/2025,11,2,N,REGUP,0.26
12/16/2025,11,2,N,RRS,0.03
12/16/2025,11,1,N,ECRS,0.06
12/16/2025,11,1,N,NSPIN,0.25
12/16/2025,11,1,N,REGDN,0.7
12/16/2025,11,1,N,REGUP,0.4
12/16/2025,11,1,N,RRS,0.03
12/16/2025,12,4,N,ECRS,0.01
12/16/2025,12,4,N,NSPIN,0.16
12/16/2025,12,4,N,REGDN,0.36
12/16/2025,12,4,N,REGUP,0.12
12/16/2025,12,4,N,RRS,0.02
12/16/2025,12,3,N,ECRS,0.01
12/16/2025,12,3,N,NSPIN,0.22
12/16/2025,12,3,N,REGDN,0.27
12/16/2025,12,3,N,REGUP,0.18
12/16/2025,12,3,N,RRS,0.03
12/16/2025,12,2,N,ECRS,0.02
12/16/2025,12,2,N,NSPIN,0.23
12/16/2025,12,2,N,REGDN,0.35
12/16/2025,12,2,N,REGUP,0.11
12/16/2025,12,2,N,RRS,0.03
12/16/2025,12,1,N,ECRS,0.03
12/16/2025,12,1,N,NSPIN,0.24
12/16/2025,12,1,N,REGDN,0.35
12/16/2025,12,1,N,REGUP,0.19
12/16/2025,12,1,N,RRS,0.03
12/16/2025,13,4,N,ECRS,0.01
12/16/2025,13,4,N,NSPIN,0.22
12/16/2025,13,4,N,REGDN,0.26
12/16/2025,13,4,N,REGUP,0.13
12/16/2025,13,4,N,RRS,0.03
12/16/2025,13,3,N,ECRS,0.01
12/16/2025,13,3,N,NSPIN,0.21
12/16/2025,13,3,N,REGDN,0.23
12/16/2025,13,3,N,REGUP,0.11
12/16/2025,13,3,N,RRS,0.03
12/16/2025,13,2,N,ECRS,0.01
12/16/2025,13,2,N,NSPIN,0.23
12/16/2025,13,2,N,REGDN,0.32
12/16/2025,13,2,N,REGUP,0.16
12/16/2025,13,2,N,RRS,0.03
12/16/2025,13,1,N,ECRS,0.01
12/16/2025,13,1,N,NSPIN,0.21
12/16/2025,13,1,N,REGDN,0.33
12/16/2025,13,1,N,REGUP,0.07
12/16/2025,13,1,N,RRS,0.03
12/16/2025,14,4,N,ECRS,0
12/16/2025,14,4,N,NSPIN,0.02
12/16/2025,14,4,N,REGDN,0.27
12/16/2025,14,4,N,REGUP,0.18
12/16/2025,14,4,N,RRS,0
12/16/2025,14,3,N,ECRS,0.01
12/16/2025,14,3,N,NSPIN,0.03
12/16/2025,14,3,N,REGDN,0.23
12/16/2025,14,3,N,REGUP,0.25
12/16/2025,14,3,N,RRS,0
12/16/2025,14,2,N,ECRS,0.01
12/16/2025,14,2,N,NSPIN,0.04
12/16/2025,14,2,N,REGDN,0.27
12/16/2025,14,2,N,REGUP,0.12
12/16/2025,14,2,N,RRS,0.01
12/16/2025,14,1,N,ECRS,0.01
12/16/2025,14,1,N,NSPIN,0.07
12/16/2025,14,1,N,REGDN,0.22
12/16/2025,14,1,N,REGUP,0.18
12/16/2025,14,1,N,RRS,0.01
12/16/2025,15,4,N,ECRS,0.01
12/16/2025,15,4,N,NSPIN,0.02
12/16/2025,15,4,N,REGDN,0.46
12/16/2025,15,4,N,REGUP,0.15
12/16/2025,15,4,N,RRS,0
12/16/2025,15,3,N,ECRS,0
12/16/2025,15,3,N,NSPIN,0.01
12/16/2025,15,3,N,REGDN,0.31
12/16/2025,15,3,N,REGUP,0.19
12/16/2025,15,3,N,RRS,0
12/16/2025,15,2,N,ECRS,0.01
12/16/2025,15,2,N,NSPIN,0.02
12/16/2025,15,2,N,REGDN,0.28
12/16/2025,15,2,N,REGUP,0.15
12/16/2025,15,2,N,RRS,0
12/16/2025,15,1,N,ECRS,0.01
12/16/2025,15,1,N,NSPIN,0.02
12/16/2025,15,1,N,REGDN,0.22
12/16/2025,15,1,N,REGUP,0.21
12/16/2025,15,1,N,RRS,0
12/16/2025,16,4,N,ECRS,0
12/16/2025,16,4,N,NSPIN,0.01
12/16/2025,16,4,N,REGDN,0.33
12/16/2025,16,4,N,REGUP,0.03
12/16/2025,16,4,N,RRS,0
12/16/2025,16,3,N,ECRS,0
12/16/2025,16,3,N,NSPIN,0.01
12/16/2025,16,3,N,REGDN,0.2
12/16/2025,16,3,N,REGUP,0
12/16/2025,16,3,N,RRS,0
12/16/2025,16,2,N,ECRS,0
12/16/2025,16,2,N,NSPIN,0.01
12/16/2025,16,2,N,REGDN,0.31
12/16/2025,16,2,N,REGUP,0
12/16/2025,16,2,N,RRS,0
12/16/2025,16,1,N,ECRS,0
12/16/2025,16,1,N,NSPIN,0.01
12/16/2025,16,1,N,REGDN,0.45
12/16/2025,16,1,N,REGUP,0
12/16/2025,16,1,N,RRS,0
12/16/2025,17,4,N,ECRS,0.01
12/16/2025,17,4,N,NSPIN,0.02
12/16/2025,17,4,N,REGDN,0.54
12/16/2025,17,4,N,REGUP,0.41
12/16/2025,17,4,N,RRS,0
12/16/2025,17,3,N,ECRS,0
12/16/2025,17,3,N,NSPIN,0.01
12/16/2025,17,3,N,REGDN,0.33
12/16/2025,17,3,N,REGUP,0.31
12/16/2025,17,3,N,RRS,0
12/16/2025,17,2,N,ECRS,0
12/16/2025,17,2,N,NSPIN,0.01
12/16/2025,17,2,N,REGDN,0.32
12/16/2025,17,2,N,REGUP,0.23
12/16/2025,17,2,N,RRS,0
12/16/2025,17,1,N,ECRS,0
12/16/2025,17,1,N,NSPIN,0.01
12/16/2025,17,1,N,REGDN,0.23
12/16/2025,17,1,N,REGUP,0.19
12/16/2025,17,1,N,RRS,0
12/16/2025,18,4,N,ECRS,0.06
12/16/2025,18,4,N,NSPIN,0.24
12/16/2025,18,4,N,REGDN,1.6
12/16/2025,18,4,N,REGUP,0
12/16/2025,18,4,N,RRS,0.03
12/16/2025,18,3,N,ECRS,0.06
12/16/2025,18,3,N,NSPIN,0.25
12/16/2025,18,3,N,REGDN,1.52
12/16/2025,18,3,N,REGUP,0
12/16/2025,18,3,N,RRS,0.03
12/16/2025,18,2,N,ECRS,0.05
12/16/2025,18,2,N,NSPIN,0.19
12/16/2025,18,2,N,REGDN,1.59
12/16/2025,18,2,N,REGUP,0
12/16/2025,18,2,N,RRS,0.02
12/16/2025,18,1,N,ECRS,0.04
12/16/2025,18,1,N,NSPIN,0.14
12/16/2025,18,1,N,REGDN,1.1
12/16/2025,18,1,N,REGUP,0.14
12/16/2025,18,1,N,RRS,0.02
12/16/2025,19,4,N,ECRS,0.03
12/16/2025,19,4,N,NSPIN,0.25
12/16/2025,19,4,N,REGDN,0.75
12/16/2025,19,4,N,REGUP,0
12/16/2025,19,4,N,RRS,0.03
12/16/2025,19,3,N,ECRS,0.03
12/16/2025,19,3,N,NSPIN,0.25
12/16/2025,19,3,N,REGDN,0.75
12/16/2025,19,3,N,REGUP,0
12/16/2025,19,3,N,RRS,0.03
12/16/2025,19,2,N,ECRS,0.03
12/16/2025,19,2,N,NSPIN,0.25
12/16/2025,19,2,N,REGDN,0.76
12/16/2025,19,2,N,REGUP,0
12/16/2025,19,2,N,RRS,0.03
12/16/2025,19,1,N,ECRS,0.02
12/16/2025,19,1,N,NSPIN,0.25
12/16/2025,19,1,N,REGDN,0.95
12/16/2025,19,1,N,REGUP,0
12/16/2025,19,1,N,RRS,0.03
12/16/2025,20,4,N,ECRS,0.06
12/16/2025,20,4,N,NSPIN,0.25
12/16/2025,20,4,N,REGDN,0.54
12/16/2025,20,4,N,REGUP,0
12/16/2025,20,4,N,RRS,0.03
12/16/2025,20,3,N,ECRS,0.06
12/16/2025,20,3,N,NSPIN,0.26
12/16/2025,20,3,N,REGDN,0.71
12/16/2025,20,3,N,REGUP,0
12/16/2025,20,3,N,RRS,0.03
12/16/2025,20,2,N,ECRS,0.06
12/16/2025,20,2,N,NSPIN,0.25
12/16/2025,20,2,N,REGDN,0.71
12/16/2025,20,2,N,REGUP,0
12/16/2025,20,2,N,RRS,0.03
12/16/2025,20,1,N,ECRS,0.05
12/16/2025,20,1,N,NSPIN,0.25
12/16/2025,20,1,N,REGDN,0.67
12/16/2025,20,1,N,REGUP,0
12/16/2025,20,1,N,RRS,0.03
12/16/2025,21,4,N,ECRS,0.04
12/16/2025,21,4,N,NSPIN,0.26
12/16/2025,21,4,N,REGDN,0.21
12/16/2025,21,4,N,REGUP,0
12/16/2025,21,4,N,RRS,0.03
12/16/2025,21,3,N,ECRS,0.05
12/16/2025,21,3,N,NSPIN,0.28
12/16/2025,21,3,N,REGDN,0.21
12/16/2025,21,3,N,REGUP,0
12/16/2025,21,3,N,RRS,0.03
12/16/2025,21,2,N,ECRS,0.03
12/16/2025,21,2,N,NSPIN,0.25
12/16/2025,21,2,N,REGDN,0.24
12/16/2025,21,2,N,REGUP,0.03
12/16/2025,21,2,N,RRS,0.03
12/16/2025,21,1,N,ECRS,0
12/16/2025,21,1,N,NSPIN,0.35
12/16/2025,21,1,N,REGDN,0.3
12/16/2025,21,1,N,REGUP,0
12/16/2025,21,1,N,RRS,0.04
12/16/2025,22,4,N,ECRS,0.03
12/16/2025,22,4,N,NSPIN,0.25
12/16/2025,22,4,N,REGDN,0.3
12/16/2025,22,4,N,REGUP,0
12/16/2025,22,4,N,RRS,0.03
12/16/2025,22,3,N,ECRS,0.04
12/16/2025,22,3,N,NSPIN,0.25
12/16/2025,22,3,N,REGDN,0.28
12/16/2025,22,3,N,REGUP,0.01
12/16/2025,22,3,N,RRS,0.03
12/16/2025,22,2,N,ECRS,0.03
12/16/2025,22,2,N,NSPIN,0.25
12/16/2025,22,2,N,REGDN,0.27
12/16/2025,22,2,N,REGUP,0.03
12/16/2025,22,2,N,RRS,0.03
12/16/2025,22,1,N,ECRS,0.03
12/16/2025,22,1,N,NSPIN,0.25
12/16/2025,22,1,N,REGDN,0.39
12/16/2025,22,1,N,REGUP,0.04
12/16/2025,22,1,N,RRS,0.03
12/16/2025,23,4,N,ECRS,0.03
12/16/2025,23,4,N,NSPIN,0.24
12/16/2025,23,4,N,REGDN,0.34
12/16/2025,23,4,N,REGUP,0
12/16/2025,23,4,N,RRS,0.03
12/16/2025,23,3,N,ECRS,0.03
12/16/2025,23,3,N,NSPIN,0.22
12/16/2025,23,3,N,REGDN,0.37
12/16/2025,23,3,N,REGUP,0
12/16/2025,23,3,N,RRS,0.03
12/16/2025,23,2,N,ECRS,0.03
12/16/2025,23,2,N,NSPIN,0.23
12/16/2025,23,2,N,REGDN,0.3
12/16/2025,23,2,N,REGUP,0
12/16/2025,23,2,N,RRS,0.03
12/16/2025,23,1,N,ECRS,0.03
12/16/2025,23,1,N,NSPIN,0.24
12/16/2025,23,1,N,REGDN,0.35
12/16/2025,23,1,N,REGUP,0
12/16/2025,23,1,N,RRS,0.03
12/16/2025,24,4,N,ECRS,0.03
12/16/2025,24,4,N,NSPIN,0.22
12/16/2025,24,4,N,REGDN,0.49
12/16/2025,24,4,N,REGUP,0.01
12/16/2025,24,4,N,RRS,0.03
12/16/2025,24,3,N,ECRS,0.02
12/16/2025,24,3,N,NSPIN,0.24
12/16/2025,24,3,N,REGDN,0.38
12/16/2025,24,3,N,REGUP,0
12/16/2025,24,3,N,RRS,0.02
12/16/2025,24,2,N,ECRS,0.03
12/16/2025,24,2,N,NSPIN,0.24
12/16/2025,24,2,N,REGDN,0.35
12/16/2025,24,2,N,REGUP,0
12/16/2025,24,2,N,RRS,0.03
12/16/2025,24,1,N,ECRS,0.03
12/16/2025,24,1,N,NSPIN,0.25
12/16/2025,24,1,N,REGDN,0.39
12/16/2025,24,1,N,REGUP,0.01
12/16/2025,24,1,N,RRS,0.03
12/17/2025,1,4,N,ECRS,0.01
12/17/2025,1,4,N,NSPIN,0.09
12/17/2025,1,4,N,REGDN,0.07
12/17/2025,1,4,N,REGUP,0.1
12/17/2025,1,4,N,RRS,0.01
12/17/2025,1,3,N,ECRS,0.01
12/17/2025,1,3,N,NSPIN,0.1
12/17/2025,1,3,N,REGDN,0.07
12/17/2025,1,3,N,REGUP,0.1
12/17/2025,1,3,N,RRS,0.01
12/17/2025,1,2,N,ECRS,0.01
12/17/2025,1,2,N,NSPIN,0.11
12/17/2025,1,2,N,REGDN,0.22
12/17/2025,1,2,N,REGUP,0.07
12/17/2025,1,2,N,RRS,0.01
12/17/2025,1,1,N,ECRS,0.05
12/17/2025,1,1,N,NSPIN,0.18
12/17/2025,1,1,N,REGDN,0.3
12/17/2025,1,1,N,REGUP,0.12
12/17/2025,1,1,N,RRS,0.02
12/17/2025,2,4,N,ECRS,0.01
12/17/2025,2,4,N,NSPIN,0.05
12/17/2025,2,4,N,REGDN,0.3
12/17/2025,2,4,N,REGUP,0.07
12/17/2025,2,4,N,RRS,0.01
12/17/2025,2,3,N,ECRS,0.01
12/17/2025,2,3,N,NSPIN,0.04
12/17/2025,2,3,N,REGDN,0.4
12/17/2025,2,3,N,REGUP,0.07
12/17/2025,2,3,N,RRS,0.01
12/17/2025,2,2,N,ECRS,0.01
12/17/2025,2,2,N,NSPIN,0.08
12/17/2025,2,2,N,REGDN,0.33
12/17/2025,2,2,N,REGUP,0.11
12/17/2025,2,2,N,RRS,0.01
12/17/2025,2,1,N,ECRS,0.01
12/17/2025,2,1,N,NSPIN,0.1
12/17/2025,2,1,N,REGDN,0.42
12/17/2025,2,1,N,REGUP,0.09
12/17/2025,2,1,N,RRS,0.01
12/17/2025,3,4,N,ECRS,0.01
12/17/2025,3,4,N,NSPIN,0.06
12/17/2025,3,4,N,REGDN,0.22
12/17/2025,3,4,N,REGUP,0.08
12/17/2025,3,4,N,RRS,0.01
12/17/2025,3,3,N,ECRS,0.01
12/17/2025,3,3,N,NSPIN,0.06
12/17/2025,3,3,N,REGDN,0.21
12/17/2025,3,3,N,REGUP,0.06
12/17/2025,3,3,N,RRS,0.01
12/17/2025,3,2,N,ECRS,0.01
12/17/2025,3,2,N,NSPIN,0.06
12/17/2025,3,2,N,REGDN,0.27
12/17/2025,3,2,N,REGUP,0.08
12/17/2025,3,2,N,RRS,0.01
12/17/2025,3,1,N,ECRS,0.01
12/17/2025,3,1,N,NSPIN,0.09
12/17/2025,3,1,N,REGDN,0.28
12/17/2025,3,1,N,REGUP,0.1
12/17/2025,3,1,N,RRS,0.01
12/17/2025,4,4,N,ECRS,0.02
12/17/2025,4,4,N,NSPIN,0.18
12/17/2025,4,4,N,REGDN,0.08
12/17/2025,4,4,N,REGUP,0.4
12/17/2025,4,4,N,RRS,0.02
12/17/2025,4,3,N,ECRS,0.01
12/17/2025,4,3,N,NSPIN,0.11
12/17/2025,4,3,N,REGDN,0.08
12/17/2025,4,3,N,REGUP,0.21
12/17/2025,4,3,N,RRS,0.01
12/17/2025,4,2,N,ECRS,0.01
12/17/2025,4,2,N,NSPIN,0.11
12/17/2025,4,2,N,REGDN,0.12
12/17/2025,4,2,N,REGUP,0.18
12/17/2025,4,2,N,RRS,0.01
12/17/2025,4,1,N,ECRS,0.01
12/17/2025,4,1,N,NSPIN,0.09
12/17/2025,4,1,N,REGDN,0.15
12/17/2025,4,1,N,REGUP,0.01
12/17/2025,4,1,N,RRS,0.01
12/17/2025,5,4,N,ECRS,0.03
12/17/2025,5,4,N,NSPIN,0.25
12/17/2025,5,4,N,REGDN,0.17
12/17/2025,5,4,N,REGUP,0.47
12/17/2025,5,4,N,RRS,0.03
12/17/2025,5,3,N,ECRS,0.03
12/17/2025,5,3,N,NSPIN,0.25
12/17/2025,5,3,N,REGDN,0.12
12/17/2025,5,3,N,REGUP,0.42
12/17/2025,5,3,N,RRS,0.03
12/17/2025,5,2,N,ECRS,0.03
12/17/2025,5,2,N,NSPIN,0.25
12/17/2025,5,2,N,REGDN,0.09
12/17/2025,5,2,N,REGUP,0.36
12/17/2025,5,2,N,RRS,0.03
12/17/2025,5,1,N,ECRS,0.03
12/17/2025,5,1,N,NSPIN,0.24
12/17/2025,5,1,N,REGDN,0.13
12/17/2025,5,1,N,REGUP,0.5
12/17/2025,5,1,N,RRS,0.03
12/17/2025,6,4,N,ECRS,0.04
12/17/2025,6,4,N,NSPIN,0.22
12/17/2025,6,4,N,REGDN,0.61
12/17/2025,6,4,N,REGUP,0.68
12/17/2025,6,4,N,RRS,0.03
12/17/2025,6,3,N,ECRS,0.04
12/17/2025,6,3,N,NSPIN,0.21
12/17/2025,6,3,N,REGDN,0.45
12/17/2025,6,3,N,REGUP,0.65
12/17/2025,6,3,N,RRS,0.03
12/17/2025,6,2,N,ECRS,0.02
12/17/2025,6,2,N,NSPIN,0.18
12/17/2025,6,2,N,REGDN,0.3
12/17/2025,6,2,N,REGUP,0.69
12/17/2025,6,2,N,RRS,0.02
12/17/2025,6,1,N,ECRS,0.04
12/17/2025,6,1,N,NSPIN,0.17
12/17/2025,6,1,N,REGDN,0.33
12/17/2025,6,1,N,REGUP,0.55
12/17/2025,6,1,N,RRS,0.02
12/17/2025,7,4,N,ECRS,0
12/17/2025,7,4,N,NSPIN,0.79
12/17/2025,7,4,N,REGDN,0.49
12/17/2025,7,4,N,REGUP,0.45
12/17/2025,7,4,N,RRS,0.11
12/17/2025,7,3,N,ECRS,0
12/17/2025,7,3,N,NSPIN,0.52
12/17/2025,7,3,N,REGDN,0.51
12/17/2025,7,3,N,REGUP,0.48
12/17/2025,7,3,N,RRS,0.08
12/17/2025,7,2,N,ECRS,0
12/17/2025,7,2,N,NSPIN,0.36
12/17/2025,7,2,N,REGDN,0.5
12/17/2025,7,2,N,REGUP,0.54
12/17/2025,7,2,N,RRS,0.05
12/17/2025,7,1,N,ECRS,0.02
12/17/2025,7,1,N,NSPIN,0.25
12/17/2025,7,1,N,REGDN,0.7
12/17/2025,7,1,N,REGUP,0.74
12/17/2025,7,1,N,RRS,0.04
12/17/2025,8,4,N,ECRS,0
12/17/2025,8,4,N,NSPIN,1.04
12/17/2025,8,4,N,REGDN,0.66
12/17/2025,8,4,N,REGUP,0.82
12/17/2025,8,4,N,RRS,0.33
12/17/2025,8,3,N,ECRS,0
12/17/2025,8,3,N,NSPIN,0.96
12/17/2025,8,3,N,REGDN,0.49
12/17/2025,8,3,N,REGUP,0.73
12/17/2025,8,3,N,RRS,0.23
12/17/2025,8,2,N,ECRS,0
12/17/2025,8,2,N,NSPIN,0.88
12/17/2025,8,2,N,REGDN,0.72
12/17/2025,8,2,N,REGUP,0.64
12/17/2025,8,2,N,RRS,0.25
12/17/2025,8,1,N,ECRS,0.12
12/17/2025,8,1,N,NSPIN,0.76
12/17/2025,8,1,N,REGDN,0.53
12/17/2025,8,1,N,REGUP,0.51
12/17/2025,8,1,N,RRS,0.13
12/17/2025,9,4,N,ECRS,0.01
12/17/2025,9,4,N,NSPIN,0.98
12/17/2025,9,4,N,REGDN,1.2
12/17/2025,9,4,N,REGUP,0.35
12/17/2025,9,4,N,RRS,0.12
12/17/2025,9,3,N,ECRS,0.01
12/17/2025,9,3,N,NSPIN,1
12/17/2025,9,3,N,REGDN,1.1
12/17/2025,9,3,N,REGUP,0.41
12/17/2025,9,3,N,RRS,0.13
12/17/2025,9,2,N,ECRS,0.01
12/17/2025,9,2,N,NSPIN,1.1
12/17/2025,9,2,N,REGDN,1.17
12/17/2025,9,2,N,REGUP,0.52
12/17/2025,9,2,N,RRS,0.15
12/17/2025,9,1,N,ECRS,0.01
12/17/2025,9,1,N,NSPIN,1.24
12/17/2025,9,1,N,REGDN,1.82
12/17/2025,9,1,N,REGUP,3.15
12/17/2025,9,1,N,RRS,0.17
12/17/2025,10,4,N,ECRS,0.13
12/17/2025,10,4,N,NSPIN,0.49
12/17/2025,10,4,N,REGDN,0.72
12/17/2025,10,4,N,REGUP,0.47
12/17/2025,10,4,N,RRS,0.07
12/17/2025,10,3,N,ECRS,0.13
12/17/2025,10,3,N,NSPIN,0.47
12/17/2025,10,3,N,REGDN,0.69
12/17/2025,10,3,N,REGUP,0.63
12/17/2025,10,3,N,RRS,0.07
12/17/2025,10,2,N,ECRS,0.13
12/17/2025,10,2,N,NSPIN,0.5
12/17/2025,10,2,N,REGDN,0.69
12/17/2025,10,2,N,REGUP,0.4
12/17/2025,10,2,N,RRS,0.07
12/17/2025,10,1,N,ECRS,0.13
12/17/2025,10,1,N,NSPIN,0.5
12/17/2025,10,1,N,REGDN,0.91
12/17/2025,10,1,N,REGUP,0.43
12/17/2025,10,1,N,RRS,0.08
12/17/2025,11,4,N,ECRS,0.15
12/17/2025,11,4,N,NSPIN,0.56
12/17/2025,11,4,N,REGDN,1.14
12/17/2025,11,4,N,REGUP,0.55
12/17/2025,11,4,N,RRS,0.08
12/17/2025,11,3,N,ECRS,0.17
12/17/2025,11,3,N,NSPIN,0.64
12/17/2025,11,3,N,REGDN,0.92
12/17/2025,11,3,N,REGUP,0.62
12/17/2025,11,3,N,RRS,0.09
12/17/2025,11,2,N,ECRS,0.2
12/17/2025,11,2,N,NSPIN,0.78
12/17/2025,11,2,N,REGDN,0.88
12/17/2025,11,2,N,REGUP,0.88
12/17/2025,11,2,N,RRS,0.1
12/17/2025,11,1,N,ECRS,0.18
12/17/2025,11,1,N,NSPIN,0.73
12/17/2025,11,1,N,REGDN,1.22
12/17/2025,11,1,N,REGUP,0.29
12/17/2025,11,1,N,RRS,0.1
12/17/2025,12,4,N,ECRS,0
12/17/2025,12,4,N,NSPIN,0.48
12/17/2025,12,4,N,REGDN,0.56
12/17/2025,12,4,N,REGUP,0.37
12/17/2025,12,4,N,RRS,0.06
12/17/2025,12,3,N,ECRS,0
12/17/2025,12,3,N,NSPIN,0.49
12/17/2025,12,3,N,REGDN,0.53
12/17/2025,12,3,N,REGUP,0.37
12/17/2025,12,3,N,RRS,0.06
12/17/2025,12,2,N,ECRS,0.01
12/17/2025,12,2,N,NSPIN,0.54
12/17/2025,12,2,N,REGDN,0.49
12/17/2025,12,2,N,REGUP,0.32
12/17/2025,12,2,N,RRS,0.07
12/17/2025,12,1,N,ECRS,0.08
12/17/2025,12,1,N,NSPIN,0.76
12/17/2025,12,1,N,REGDN,0.69
12/17/2025,12,1,N,REGUP,0.61
12/17/2025,12,1,N,RRS,0.1
12/17/2025,13,4,N,ECRS,0.06
12/17/2025,13,4,N,NSPIN,0.28
12/17/2025,13,4,N,REGDN,0.55
12/17/2025,13,4,N,REGUP,0.11
12/17/2025,13,4,N,RRS,0.04
12/17/2025,13,3,N,ECRS,0.06
12/17/2025,13,3,N,NSPIN,0.36
12/17/2025,13,3,N,REGDN,0.61
12/17/2025,13,3,N,REGUP,0.17
12/17/2025,13,3,N,RRS,0.05
12/17/2025,13,2,N,ECRS,0.09
12/17/2025,13,2,N,NSPIN,0.43
12/17/2025,13,2,N,REGDN,0.42
12/17/2025,13,2,N,REGUP,0.29
12/17/2025,13,2,N,RRS,0.05
12/17/2025,13,1,N,ECRS,0.12
12/17/2025,13,1,N,NSPIN,0.5
12/17/2025,13,1,N,REGDN,0.42
12/17/2025,13,1,N,REGUP,0.3
12/17/2025,13,1,N,RRS,0.06
12/17/2025,14,4,N,ECRS,0
12/17/2025,14,4,N,NSPIN,0.24
12/17/2025,14,4,N,REGDN,0.35
12/17/2025,14,4,N,REGUP,0.1
12/17/2025,14,4,N,RRS,0.03
12/17/2025,14,3,N,ECRS,0
12/17/2025,14,3,N,NSPIN,0.25
12/17/2025,14,3,N,REGDN,0.28
12/17/2025,14,3,N,REGUP,0.1
12/17/2025,14,3,N,RRS,0.03
12/17/2025,14,2,N,ECRS,0
12/17/2025,14,2,N,NSPIN,0.25
12/17/2025,14,2,N,REGDN,0.4
12/17/2025,14,2,N,REGUP,0.1
12/17/2025,14,2,N,RRS,0.03
12/17/2025,14,1,N,ECRS,0.04
12/17/2025,14,1,N,NSPIN,0.25
12/17/2025,14,1,N,REGDN,0.39
12/17/2025,14,1,N,REGUP,0.11
12/17/2025,14,1,N,RRS,0.03
12/17/2025,15,4,N,ECRS,0
12/17/2025,15,4,N,NSPIN,0.09
12/17/2025,15,4,N,REGDN,0.58
12/17/2025,15,4,N,REGUP,0.4
12/17/2025,15,4,N,RRS,0.01
12/17/2025,15,3,N,ECRS,0
12/17/2025,15,3,N,NSPIN,0.09
12/17/2025,15,3,N,REGDN,0.5
12/17/2025,15,3,N,REGUP,0.15
12/17/2025,15,3,N,RRS,0.01
12/17/2025,15,2,N,ECRS,0
12/17/2025,15,2,N,NSPIN,0.1
12/17/2025,15,2,N,REGDN,0.45
12/17/2025,15,2,N,REGUP,0.15
12/17/2025,15,2,N,RRS,0.01
12/17/2025,15,1,N,ECRS,0.01
12/17/2025,15,1,N,NSPIN,0.13
12/17/2025,15,1,N,REGDN,0.45
12/17/2025,15,1,N,REGUP,0.15
12/17/2025,15,1,N,RRS,0.02
12/17/2025,16,4,N,ECRS,0
12/17/2025,16,4,N,NSPIN,0.1
12/17/2025,16,4,N,REGDN,0.51
12/17/2025,16,4,N,REGUP,0.55
12/17/2025,16,4,N,RRS,0.01
12/17/2025,16,3,N,ECRS,0
12/17/2025,16,3,N,NSPIN,0.1
12/17/2025,16,3,N,REGDN,0.42
12/17/2025,16,3,N,REGUP,0.78
12/17/2025,16,3,N,RRS,0.01
12/17/2025,16,2,N,ECRS,0
12/17/2025,16,2,N,NSPIN,0.09
12/17/2025,16,2,N,REGDN,0.55
12/17/2025,16,2,N,REGUP,0.68
12/17/2025,16,2,N,RRS,0.01
12/17/2025,16,1,N,ECRS,0.01
12/17/2025,16,1,N,NSPIN,0.1
12/17/2025,16,1,N,REGDN,0.34
12/17/2025,16,1,N,REGUP,0.7
12/17/2025,16,1,N,RRS,0.01
12/17/2025,17,4,N,ECRS,0.04
12/17/2025,17,4,N,NSPIN,0.15
12/17/2025,17,4,N,REGDN,0.05
12/17/2025,17,4,N,REGUP,0.44
12/17/2025,17,4,N,RRS,0.03
12/17/2025,17,3,N,ECRS,0.01
12/17/2025,17,3,N,NSPIN,0.05
12/17/2025,17,3,N,REGDN,0.18
12/17/2025,17,3,N,REGUP,0.18
12/17/2025,17,3,N,RRS,0.01
12/17/2025,17,2,N,ECRS,0.01
12/17/2025,17,2,N,NSPIN,0.05
12/17/2025,17,2,N,REGDN,0.35
12/17/2025,17,2,N,REGUP,0.23
12/17/2025,17,2,N,RRS,0.01
12/17/2025,17,1,N,ECRS,0
12/17/2025,17,1,N,NSPIN,0.04
12/17/2025,17,1,N,REGDN,0.28
12/17/2025,17,1,N,REGUP,0.18
12/17/2025,17,1,N,RRS,0.01
12/17/2025,18,4,N,ECRS,0.15
12/17/2025,18,4,N,NSPIN,0.54
12/17/2025,18,4,N,REGDN,0.76
12/17/2025,18,4,N,REGUP,0
12/17/2025,18,4,N,RRS,0.08
12/17/2025,18,3,N,ECRS,0.12
12/17/2025,18,3,N,NSPIN,0.45
12/17/2025,18,3,N,REGDN,0.59
12/17/2025,18,3,N,REGUP,0
12/17/2025,18,3,N,RRS,0.06
12/17/2025,18,2,N,ECRS,0.13
12/17/2025,18,2,N,NSPIN,0.46
12/17/2025,18,2,N,REGDN,0.88
12/17/2025,18,2,N,REGUP,0
12/17/2025,18,2,N,RRS,0.07
12/17/2025,18,1,N,ECRS,0.14
12/17/2025,18,1,N,NSPIN,0.53
12/17/2025,18,1,N,REGDN,0.54
12/17/2025,18,1,N,REGUP,0.25
12/17/2025,18,1,N,RRS,0.08
12/17/2025,19,4,N,ECRS,0.04
12/17/2025,19,4,N,NSPIN,0.25
12/17/2025,19,4,N,REGDN,1.07
12/17/2025,19,4,N,REGUP,0
12/17/2025,19,4,N,RRS,0.03
12/17/2025,19,3,N,ECRS,0.08
12/17/2025,19,3,N,NSPIN,0.3
12/17/2025,19,3,N,REGDN,1.23
12/17/2025,19,3,N,REGUP,0
12/17/2025,19,3,N,RRS,0.04
12/17/2025,19,2,N,ECRS,0.16
12/17/2025,19,2,N,NSPIN,0.62
12/17/2025,19,2,N,REGDN,0.87
12/17/2025,19,2,N,REGUP,0
12/17/2025,19,2,N,RRS,0.08
12/17/2025,19,1,N,ECRS,0.24
12/17/2025,19,1,N,NSPIN,0.91
12/17/2025,19,1,N,REGDN,0.69
12/17/2025,19,1,N,REGUP,0
12/17/2025,19,1,N,RRS,0.12
12/17/2025,20,4,N,ECRS,0.02
12/17/2025,20,4,N,NSPIN,0.16
12/17/2025,20,4,N,REGDN,0.44
12/17/2025,20,4,N,REGUP,0
12/17/2025,20,4,N,RRS,0.02
12/17/2025,20,3,N,ECRS,0.02
12/17/2025,20,3,N,NSPIN,0.17
12/17/2025,20,3,N,REGDN,0.44
12/17/2025,20,3,N,REGUP,0
12/17/2025,20,3,N,RRS,0.02
12/17/2025,20,2,N,ECRS,0.02
12/17/2025,20,2,N,NSPIN,0.13
12/17/2025,20,2,N,REGDN,0.36
12/17/2025,20,2,N,REGUP,0
12/17/2025,20,2,N,RRS,0.02
12/17/2025,20,1,N,ECRS,0.02
12/17/2025,20,1,N,NSPIN,0.14
12/17/2025,20,1,N,REGDN,0.46
12/17/2025,20,1,N,REGUP,0
12/17/2025,20,1,N,RRS,0.02
12/17/2025,21,4,N,ECRS,0.04
12/17/2025,21,4,N,NSPIN,0.25
12/17/2025,21,4,N,REGDN,0.19
12/17/2025,21,4,N,REGUP,0
12/17/2025,21,4,N,RRS,0.03
12/17/2025,21,3,N,ECRS,0.05
12/17/2025,21,3,N,NSPIN,0.25
12/17/2025,21,3,N,REGDN,0.26
12/17/2025,21,3,N,REGUP,0.01
12/17/2025,21,3,N,RRS,0.03
12/17/2025,21,2,N,ECRS,0.05
12/17/2025,21,2,N,NSPIN,0.25
12/17/2025,21,2,N,REGDN,0.19
12/17/2025,21,2,N,REGUP,0.01
12/17/2025,21,2,N,RRS,0.03
12/17/2025,21,1,N,ECRS,0.05
12/17/2025,21,1,N,NSPIN,0.25
12/17/2025,21,1,N,REGDN,0.3
12/17/2025,21,1,N,REGUP,0.01
12/17/2025,21,1,N,RRS,0.03
12/17/2025,22,4,N,ECRS,0.06
12/17/2025,22,4,N,NSPIN,0.25
12/17/2025,22,4,N,REGDN,0.32
12/17/2025,22,4,N,REGUP,0.01
12/17/2025,22,4,N,RRS,0.03
12/17/2025,22,3,N,ECRS,0.05
12/17/2025,22,3,N,NSPIN,0.25
12/17/2025,22,3,N,REGDN,0.32
12/17/2025,22,3,N,REGUP,0
12/17/2025,22,3,N,RRS,0.03
12/17/2025,22,2,N,ECRS,0.05
12/17/2025,22,2,N,NSPIN,0.25
12/17/2025,22,2,N,REGDN,0.32
12/17/2025,22,2,N,REGUP,0.01
12/17/2025,22,2,N,RRS,0.03
12/17/2025,22,1,N,ECRS,0.05
12/17/2025,22,1,N,NSPIN,0.25
12/17/2025,22,1,N,REGDN,0.3
12/17/2025,22,1,N,REGUP,0.02
12/17/2025,22,1,N,RRS,0.03
12/17/2025,23,4,N,ECRS,0.05
12/17/2025,23,4,N,NSPIN,0.25
12/17/2025,23,4,N,REGDN,0.22
12/17/2025,23,4,N,REGUP,0.02
12/17/2025,23,4,N,RRS,0.03
12/17/2025,23,3,N,ECRS,0.05
12/17/2025,23,3,N,NSPIN,0.25
12/17/2025,23,3,N,REGDN,0.28
12/17/2025,23,3,N,REGUP,0.02
12/17/2025,23,3,N,RRS,0.03
12/17/2025,23,2,N,ECRS,0.05
12/17/2025,23,2,N,NSPIN,0.25
12/17/2025,23,2,N,REGDN,0.28
12/17/2025,23,2,N,REGUP,0.02
12/17/2025,23,2,N,RRS,0.03
12/17/2025,23,1,N,ECRS,0.04
12/17/2025,23,1,N,NSPIN,0.25
12/17/2025,23,1,N,REGDN,0.27
12/17/2025,23,1,N,REGUP,0.02
12/17/2025,23,1,N,RRS,0.03
12/17/2025,24,4,N,ECRS,0.04
12/17/2025,24,4,N,NSPIN,0.25
12/17/2025,24,4,N,REGDN,0.17
12/17/2025,24,4,N,REGUP,0.01
12/17/2025,24,4,N,RRS,0.03
12/17/2025,24,3,N,ECRS,0.06
12/17/2025,24,3,N,NSPIN,0.25
12/17/2025,24,3,N,REGDN,0.09
12/17/2025,24,3,N,REGUP,0.01
12/17/2025,24,3,N,RRS,0.03
12/17/2025,24,2,N,ECRS,0.04
12/17/2025,24,2,N,NSPIN,0.25
12/17/2025,24,2,N,REGDN,0.18
12/17/2025,24,2,N,REGUP,0.04
12/17/2025,24,2,N,RRS,0.03
12/17/2025,24,1,N,ECRS,0.03
12/17/2025,24,1,N,NSPIN,0.25
12/17/2025,24,1,N,REGDN,0.27
12/17/2025,24,1,N,REGUP,0.03
12/17/2025,24,1,N,RRS,0.03
12/18/2025,1,4,N,ECRS,0.06
12/18/2025,1,4,N,NSPIN,0.25
12/18/2025,1,4,N,REGDN,0.19
12/18/2025,1,4,N,REGUP,0.01
12/18/2025,1,4,N,RRS,0.03
12/18/2025,1,3,N,ECRS,0.06
12/18/2025,1,3,N,NSPIN,0.25
12/18/2025,1,3,N,REGDN,0.18
12/18/2025,1,3,N,REGUP,0.01
12/18/2025,1,3,N,RRS,0.03
12/18/2025,1,2,N,ECRS,0.06
12/18/2025,1,2,N,NSPIN,0.25
12/18/2025,1,2,N,REGDN,0.22
12/18/2025,1,2,N,REGUP,0.01
12/18/2025,1,2,N,RRS,0.03
12/18/2025,1,1,N,ECRS,0.04
12/18/2025,1,1,N,NSPIN,0.25
12/18/2025,1,1,N,REGDN,0.16
12/18/2025,1,1,N,REGUP,0.02
12/18/2025,1,1,N,RRS,0.03
12/18/2025,2,4,N,ECRS,0.06
12/18/2025,2,4,N,NSPIN,0.25
12/18/2025,2,4,N,REGDN,0.07
12/18/2025,2,4,N,REGUP,0
12/18/2025,2,4,N,RRS,0.03
12/18/2025,2,3,N,ECRS,0.06
12/18/2025,2,3,N,NSPIN,0.25
12/18/2025,2,3,N,REGDN,0.01
12/18/2025,2,3,N,REGUP,0
12/18/2025,2,3,N,RRS,0.03
12/18/2025,2,2,N,ECRS,0.06
12/18/2025,2,2,N,NSPIN,0.25
12/18/2025,2,2,N,REGDN,0.01
12/18/2025,2,2,N,REGUP,0
12/18/2025,2,2,N,RRS,0.03
12/18/2025,2,1,N,ECRS,0.06
12/18/2025,2,1,N,NSPIN,0.25
12/18/2025,2,1,N,REGDN,0.01
12/18/2025,2,1,N,REGUP,0
12/18/2025,2,1,N,RRS,0.03
12/18/2025,3,4,N,ECRS,0.06
12/18/2025,3,4,N,NSPIN,0.25
12/18/2025,3,4,N,REGDN,0.12
12/18/2025,3,4,N,REGUP,0.01
12/18/2025,3,4,N,RRS,0.03
12/18/2025,3,3,N,ECRS,0.06
12/18/2025,3,3,N,NSPIN,0.25
12/18/2025,3,3,N,REGDN,0.08
12/18/2025,3,3,N,REGUP,0.01
12/18/2025,3,3,N,RRS,0.03
12/18/2025,3,2,N,ECRS,0.06
12/18/2025,3,2,N,NSPIN,0.25
12/18/2025,3,2,N,REGDN,0.08
12/18/2025,3,2,N,REGUP,0.01
12/18/2025,3,2,N,RRS,0.03
12/18/2025,3,1,N,ECRS,0.06
12/18/2025,3,1,N,NSPIN,0.25
12/18/2025,3,1,N,REGDN,0.09
12/18/2025,3,1,N,REGUP,0.01
12/18/2025,3,1,N,RRS,0.03
12/18/2025,4,4,N,ECRS,0.05
12/18/2025,4,4,N,NSPIN,0.25
12/18/2025,4,4,N,REGDN,0.1
12/18/2025,4,4,N,REGUP,0.01
12/18/2025,4,4,N,RRS,0.03
12/18/2025,4,3,N,ECRS,0.05
12/18/2025,4,3,N,NSPIN,0.25
12/18/2025,4,3,N,REGDN,0.06
12/18/2025,4,3,N,REGUP,0.01
12/18/2025,4,3,N,RRS,0.03
12/18/2025,4,2,N,ECRS,0.04
12/18/2025,4,2,N,NSPIN,0.25
12/18/2025,4,2,N,REGDN,0.08
12/18/2025,4,2,N,REGUP,0.01
12/18/2025,4,2,N,RRS,0.03
12/18/2025,4,1,N,ECRS,0.05
12/18/2025,4,1,N,NSPIN,0.25
12/18/2025,4,1,N,REGDN,0.07
12/18/2025,4,1,N,REGUP,0.01
12/18/2025,4,1,N,RRS,0.03
12/18/2025,5,4,N,ECRS,0.05
12/18/2025,5,4,N,NSPIN,0.25
12/18/2025,5,4,N,REGDN,0.16
12/18/2025,5,4,N,REGUP,0.02
12/18/2025,5,4,N,RRS,0.03
12/18/2025,5,3,N,ECRS,0.06
12/18/2025,5,3,N,NSPIN,0.25
12/18/2025,5,3,N,REGDN,0.12
12/18/2025,5,3,N,REGUP,0.03
12/18/2025,5,3,N,RRS,0.03
12/18/2025,5,2,N,ECRS,0.05
12/18/2025,5,2,N,NSPIN,0.25
12/18/2025,5,2,N,REGDN,0.12
12/18/2025,5,2,N,REGUP,0.03
12/18/2025,5,2,N,RRS,0.03
12/18/2025,5,1,N,ECRS,0.05
12/18/2025,5,1,N,NSPIN,0.25
12/18/2025,5,1,N,REGDN,0.12
12/18/2025,5,1,N,REGUP,0.03
12/18/2025,5,1,N,RRS,0.03
12/18/2025,6,4,N,ECRS,0.08
12/18/2025,6,4,N,NSPIN,0.32
12/18/2025,6,4,N,REGDN,0.38
12/18/2025,6,4,N,REGUP,0.02
12/18/2025,6,4,N,RRS,0.04
12/18/2025,6,3,N,ECRS,0.06
12/18/2025,6,3,N,NSPIN,0.26
12/18/2025,6,3,N,REGDN,0.36
12/18/2025,6,3,N,REGUP,0
12/18/2025,6,3,N,RRS,0.03
12/18/2025,6,2,N,ECRS,0.06
12/18/2025,6,2,N,NSPIN,0.25
12/18/2025,6,2,N,REGDN,0.31
12/18/2025,6,2,N,REGUP,0
12/18/2025,6,2,N,RRS,0.03
12/18/2025,6,1,N,ECRS,0.06
12/18/2025,6,1,N,NSPIN,0.25
12/18/2025,6,1,N,REGDN,0.22
12/18/2025,6,1,N,REGUP,0
12/18/2025,6,1,N,RRS,0.03
12/18/2025,7,4,N,ECRS,0.28
12/18/2025,7,4,N,NSPIN,0.96
12/18/2025,7,4,N,REGDN,0.57
12/18/2025,7,4,N,REGUP,0.05
12/18/2025,7,4,N,RRS,0.17
12/18/2025,7,3,N,ECRS,0.22
12/18/2025,7,3,N,NSPIN,0.84
12/18/2025,7,3,N,REGDN,0.55
12/18/2025,7,3,N,REGUP,0.11
12/18/2025,7,3,N,RRS,0.11
12/18/2025,7,2,N,ECRS,0.2
12/18/2025,7,2,N,NSPIN,0.78
12/18/2025,7,2,N,REGDN,0.54
12/18/2025,7,2,N,REGUP,0.1
12/18/2025,7,2,N,RRS,0.1
12/18/2025,7,1,N,ECRS,0.17
12/18/2025,7,1,N,NSPIN,0.67
12/18/2025,7,1,N,REGDN,0.51
12/18/2025,7,1,N,REGUP,0.09
12/18/2025,7,1,N,RRS,0.09
12/18/2025,8,4,N,ECRS,0.65
12/18/2025,8,4,N,NSPIN,1.22
12/18/2025,8,4,N,REGDN,0.24
12/18/2025,8,4,N,REGUP,0.56
12/18/2025,8,4,N,RRS,0.56
12/18/2025,8,3,N,ECRS,0.79
12/18/2025,8,3,N,NSPIN,1.25
12/18/2025,8,3,N,REGDN,0.54
12/18/2025,8,3,N,REGUP,0.67
12/18/2025,8,3,N,RRS,0.74
12/18/2025,8,2,N,ECRS,0.81
12/18/2025,8,2,N,NSPIN,1.13
12/18/2025,8,2,N,REGDN,0.61
12/18/2025,8,2,N,REGUP,0.44
12/18/2025,8,2,N,RRS,0.76
12/18/2025,8,1,N,ECRS,0.93
12/18/2025,8,1,N,NSPIN,1.04
12/18/2025,8,1,N,REGDN,0.59
12/18/2025,8,1,N,REGUP,1.07
12/18/2025,8,1,N,RRS,0.91
12/18/2025,9,4,N,ECRS,0.15
12/18/2025,9,4,N,NSPIN,0.45
12/18/2025,9,4,N,REGDN,0.29
12/18/2025,9,4,N,REGUP,0.1
12/18/2025,9,4,N,RRS,0.09
12/18/2025,9,3,N,ECRS,0.21
12/18/2025,9,3,N,NSPIN,0.52
12/18/2025,9,3,N,REGDN,0.42
12/18/2025,9,3,N,REGUP,0.31
12/18/2025,9,3,N,RRS,0.14
12/18/2025,9,2,N,ECRS,0.4
12/18/2025,9,2,N,NSPIN,0.78
12/18/2025,9,2,N,REGDN,0.07
12/18/2025,9,2,N,REGUP,0.24
12/18/2025,9,2,N,RRS,0.33
12/18/2025,9,1,N,ECRS,0.56
12/18/2025,9,1,N,NSPIN,0.97
12/18/2025,9,1,N,REGDN,0.32
12/18/2025,9,1,N,REGUP,0.46
12/18/2025,9,1,N,RRS,0.49
12/18/2025,10,4,N,ECRS,0.12
12/18/2025,10,4,N,NSPIN,0.32
12/18/2025,10,4,N,REGDN,0.2
12/18/2025,10,4,N,REGUP,0.09
12/18/2025,10,4,N,RRS,0.08
12/18/2025,10,3,N,ECRS,0.14
12/18/2025,10,3,N,NSPIN,0.38
12/18/2025,10,3,N,REGDN,0.16
12/18/2025,10,3,N,REGUP,0.1
12/18/2025,10,3,N,RRS,0.1
12/18/2025,10,2,N,ECRS,0.16
12/18/2025,10,2,N,NSPIN,0.41
12/18/2025,10,2,N,REGDN,0.09
12/18/2025,10,2,N,REGUP,0.12
12/18/2025,10,2,N,RRS,0.12
12/18/2025,10,1,N,ECRS,0.16
12/18/2025,10,1,N,NSPIN,0.51
12/18/2025,10,1,N,REGDN,0.26
12/18/2025,10,1,N,REGUP,0.09
12/18/2025,10,1,N,RRS,0.1
12/18/2025,11,4,N,ECRS,0.05
12/18/2025,11,4,N,NSPIN,0.33
12/18/2025,11,4,N,REGDN,0.14
12/18/2025,11,4,N,REGUP,0.18
12/18/2025,11,4,N,RRS,0.04
12/18/2025,11,3,N,ECRS,0.05
12/18/2025,11,3,N,NSPIN,0.38
12/18/2025,11,3,N,REGDN,0.06
12/18/2025,11,3,N,REGUP,0.19
12/18/2025,11,3,N,RRS,0.05
12/18/2025,11,2,N,ECRS,0.1
12/18/2025,11,2,N,NSPIN,0.49
12/18/2025,11,2,N,REGDN,0.13
12/18/2025,11,2,N,REGUP,0.17
12/18/2025,11,2,N,RRS,0.06
12/18/2025,11,1,N,ECRS,0.16
12/18/2025,11,1,N,NSPIN,0.61
12/18/2025,11,1,N,REGDN,0
12/18/2025,11,1,N,REGUP,0.09
12/18/2025,11,1,N,RRS,0.08
12/18/2025,12,4,N,ECRS,0.01
12/18/2025,12,4,N,NSPIN,0.29
12/18/2025,12,4,N,REGDN,0.18
12/18/2025,12,4,N,REGUP,0.15
12/18/2025,12,4,N,RRS,0.04
12/18/2025,12,3,N,ECRS,0.01
12/18/2025,12,3,N,NSPIN,0.34
12/18/2025,12,3,N,REGDN,0.14
12/18/2025,12,3,N,REGUP,0.1
12/18/2025,12,3,N,RRS,0.04
12/18/2025,12,2,N,ECRS,0.02
12/18/2025,12,2,N,NSPIN,0.41
12/18/2025,12,2,N,REGDN,0.22
12/18/2025,12,2,N,REGUP,0.13
12/18/2025,12,2,N,RRS,0.05
12/18/2025,12,1,N,ECRS,0.04
12/18/2025,12,1,N,NSPIN,0.43
12/18/2025,12,1,N,REGDN,0.21
12/18/2025,12,1,N,REGUP,0.06
12/18/2025,12,1,N,RRS,0.06
12/18/2025,13,4,N,ECRS,0.01
12/18/2025,13,4,N,NSPIN,0.25
12/18/2025,13,4,N,REGDN,0.21
12/18/2025,13,4,N,REGUP,0.14
12/18/2025,13,4,N,RRS,0.03
12/18/2025,13,3,N,ECRS,0.02
12/18/2025,13,3,N,NSPIN,0.25
12/18/2025,13,3,N,REGDN,0.22
12/18/2025,13,3,N,REGUP,0.16
12/18/2025,13,3,N,RRS,0.03
12/18/2025,13,2,N,ECRS,0.01
12/18/2025,13,2,N,NSPIN,0.25
12/18/2025,13,2,N,REGDN,0.09
12/18/2025,13,2,N,REGUP,0.17
12/18/2025,13,2,N,RRS,0.03
12/18/2025,13,1,N,ECRS,0.02
12/18/2025,13,1,N,NSPIN,0.25
12/18/2025,13,1,N,REGDN,0.07
12/18/2025,13,1,N,REGUP,0.13
12/18/2025,13,1,N,RRS,0.03
12/18/2025,14,4,N,ECRS,0.02
12/18/2025,14,4,N,NSPIN,0.16
12/18/2025,14,4,N,REGDN,0.33
12/18/2025,14,4,N,REGUP,0.2
12/18/2025,14,4,N,RRS,0.02
12/18/2025,14,3,N,ECRS,0.02
12/18/2025,14,3,N,NSPIN,0.18
12/18/2025,14,3,N,REGDN,0.03
12/18/2025,14,3,N,REGUP,0.18
12/18/2025,14,3,N,RRS,0.02
12/18/2025,14,2,N,ECRS,0.01
12/18/2025,14,2,N,NSPIN,0.17
12/18/2025,14,2,N,REGDN,0.12
12/18/2025,14,2,N,REGUP,0.16
12/18/2025,14,2,N,RRS,0.02
12/18/2025,14,1,N,ECRS,0.02
12/18/2025,14,1,N,NSPIN,0.2
12/18/2025,14,1,N,REGDN,0.19
12/18/2025,14,1,N,REGUP,0.18
12/18/2025,14,1,N,RRS,0.02
12/18/2025,15,4,N,ECRS,0.02
12/18/2025,15,4,N,NSPIN,0.08
12/18/2025,15,4,N,REGDN,0.47
12/18/2025,15,4,N,REGUP,0.03
12/18/2025,15,4,N,RRS,0.01
12/18/2025,15,3,N,ECRS,0.02
12/18/2025,15,3,N,NSPIN,0.09
12/18/2025,15,3,N,REGDN,0.79
12/18/2025,15,3,N,REGUP,0.02
12/18/2025,15,3,N,RRS,0.01
12/18/2025,15,2,N,ECRS,0.02
12/18/2025,15,2,N,NSPIN,0.1
12/18/2025,15,2,N,REGDN,0.52
12/18/2025,15,2,N,REGUP,0.1
12/18/2025,15,2,N,RRS,0.01
12/18/2025,15,1,N,ECRS,0.02
12/18/2025,15,1,N,NSPIN,0.09
12/18/2025,15,1,N,REGDN,0.32
12/18/2025,15,1,N,REGUP,0.13
12/18/2025,15,1,N,RRS,0.01
12/18/2025,16,4,N,ECRS,0.01
12/18/2025,16,4,N,NSPIN,0.04
12/18/2025,16,4,N,REGDN,8.38
12/18/2025,16,4,N,REGUP,0.17
12/18/2025,16,4,N,RRS,0.01
12/18/2025,16,3,N,ECRS,0.01
12/18/2025,16,3,N,NSPIN,0.04
12/18/2025,16,3,N,REGDN,3.54
12/18/2025,16,3,N,REGUP,0.12
12/18/2025,16,3,N,RRS,0.01
12/18/2025,16,2,N,ECRS,0.01
12/18/2025,16,2,N,NSPIN,0.05
12/18/2025,16,2,N,REGDN,1.3
12/18/2025,16,2,N,REGUP,0.16
12/18/2025,16,2,N,RRS,0.01
12/18/2025,16,1,N,ECRS,0.02
12/18/2025,16,1,N,NSPIN,0.07
12/18/2025,16,1,N,REGDN,1.1
12/18/2025,16,1,N,REGUP,0.12
12/18/2025,16,1,N,RRS,0.01
12/18/2025,17,4,N,ECRS,0.01
12/18/2025,17,4,N,NSPIN,0.02
12/18/2025,17,4,N,REGDN,0.25
12/18/2025,17,4,N,REGUP,0.73
12/18/2025,17,4,N,RRS,0.01
12/18/2025,17,3,N,ECRS,0.01
12/18/2025,17,3,N,NSPIN,0.01
12/18/2025,17,3,N,REGDN,2.98
12/18/2025,17,3,N,REGUP,0.57
12/18/2025,17,3,N,RRS,0.01
12/18/2025,17,2,N,ECRS,0.01
12/18/2025,17,2,N,NSPIN,0.01
12/18/2025,17,2,N,REGDN,12
12/18/2025,17,2,N,REGUP,0.29
12/18/2025,17,2,N,RRS,0.01
12/18/2025,17,1,N,ECRS,0.01
12/18/2025,17,1,N,NSPIN,0.01
12/18/2025,17,1,N,REGDN,22.34
12/18/2025,17,1,N,REGUP,0.32
12/18/2025,17,1,N,RRS,0.01
12/18/2025,18,4,N,ECRS,0.14
12/18/2025,18,4,N,NSPIN,1.04
12/18/2025,18,4,N,REGDN,0.54
12/18/2025,18,4,N,REGUP,0
12/18/2025,18,4,N,RRS,0.14
12/18/2025,18,3,N,ECRS,0.13
12/18/2025,18,3,N,NSPIN,1.03
12/18/2025,18,3,N,REGDN,0.47
12/18/2025,18,3,N,REGUP,0
12/18/2025,18,3,N,RRS,0.13
12/18/2025,18,2,N,ECRS,0.11
12/18/2025,18,2,N,NSPIN,0.9
12/18/2025,18,2,N,REGDN,0.4
12/18/2025,18,2,N,REGUP,0
12/18/2025,18,2,N,RRS,0.11
12/18/2025,18,1,N,ECRS,0.08
12/18/2025,18,1,N,NSPIN,0.62
12/18/2025,18,1,N,REGDN,0.37
12/18/2025,18,1,N,REGUP,0.02
12/18/2025,18,1,N,RRS,0.08
12/18/2025,19,4,N,ECRS,0.2
12/18/2025,19,4,N,NSPIN,0.69
12/18/2025,19,4,N,REGDN,0.98
12/18/2025,19,4,N,REGUP,0
12/18/2025,19,4,N,RRS,0.12
12/18/2025,19,3,N,ECRS,0.18
12/18/2025,19,3,N,NSPIN,0.72
12/18/2025,19,3,N,REGDN,0.74
12/18/2025,19,3,N,REGUP,0
12/18/2025,19,3,N,RRS,0.1
12/18/2025,19,2,N,ECRS,0.17
12/18/2025,19,2,N,NSPIN,0.66
12/18/2025,19,2,N,REGDN,1
12/18/2025,19,2,N,REGUP,0
12/18/2025,19,2,N,RRS,0.09
12/18/2025,19,1,N,ECRS,0.19
12/18/2025,19,1,N,NSPIN,0.73
12/18/2025,19,1,N,REGDN,1.08
12/18/2025,19,1,N,REGUP,0.03
12/18/2025,19,1,N,RRS,0.1
12/18/2025,20,4,N,ECRS,0.18
12/18/2025,20,4,N,NSPIN,0.67
12/18/2025,20,4,N,REGDN,0.59
12/18/2025,20,4,N,REGUP,0
12/18/2025,20,4,N,RRS,0.09
12/18/2025,20,3,N,ECRS,0.16
12/18/2025,20,3,N,NSPIN,0.61
12/18/2025,20,3,N,REGDN,0.58
12/18/2025,20,3,N,REGUP,0
12/18/2025,20,3,N,RRS,0.08
12/18/2025,20,2,N,ECRS,0.14
12/18/2025,20,2,N,NSPIN,0.54
12/18/2025,20,2,N,REGDN,0.76
12/18/2025,20,2,N,REGUP,0
12/18/2025,20,2,N,RRS,0.08
12/18/2025,20,1,N,ECRS,0.16
12/18/2025,20,1,N,NSPIN,0.59
12/18/2025,20,1,N,REGDN,0.54
12/18/2025,20,1,N,REGUP,0
12/18/2025,20,1,N,RRS,0.09
12/18/2025,21,4,N,ECRS,0.03
12/18/2025,21,4,N,NSPIN,0.81
12/18/2025,21,4,N,REGDN,0.44
12/18/2025,21,4,N,REGUP,0
12/18/2025,21,4,N,RRS,0.1
12/18/2025,21,3,N,ECRS,0.01
12/18/2025,21,3,N,NSPIN,0.79
12/18/2025,21,3,N,REGDN,0.47
12/18/2025,21,3,N,REGUP,0.01
12/18/2025,21,3,N,RRS,0.1
12/18/2025,21,2,N,ECRS,0.01
12/18/2025,21,2,N,NSPIN,0.85
12/18/2025,21,2,N,REGDN,0.47
12/18/2025,21,2,N,REGUP,0
12/18/2025,21,2,N,RRS,0.11
12/18/2025,21,1,N,ECRS,0.04
12/18/2025,21,1,N,NSPIN,0.81
12/18/2025,21,1,N,REGDN,0.58
12/18/2025,21,1,N,REGUP,0
12/18/2025,21,1,N,RRS,0.11
12/18/2025,22,4,N,ECRS,0.44
12/18/2025,22,4,N,NSPIN,1.73
12/18/2025,22,4,N,REGDN,0.09
12/18/2025,22,4,N,REGUP,0
12/18/2025,22,4,N,RRS,0.23
12/18/2025,22,3,N,ECRS,0.29
12/18/2025,22,3,N,NSPIN,1.12
12/18/2025,22,3,N,REGDN,0.23
12/18/2025,22,3,N,REGUP,0
12/18/2025,22,3,N,RRS,0.15
12/18/2025,22,2,N,ECRS,0.28
12/18/2025,22,2,N,NSPIN,1.07
12/18/2025,22,2,N,REGDN,0.55
12/18/2025,22,2,N,REGUP,0
12/18/2025,22,2,N,RRS,0.14
12/18/2025,22,1,N,ECRS,0.09
12/18/2025,22,1,N,NSPIN,0.99
12/18/2025,22,1,N,REGDN,0.67
12/18/2025,22,1,N,REGUP,0
12/18/2025,22,1,N,RRS,0.13
12/18/2025,23,4,N,ECRS,0.31
12/18/2025,23,4,N,NSPIN,1.22
12/18/2025,23,4,N,REGDN,0
12/18/2025,23,4,N,REGUP,0
12/18/2025,23,4,N,RRS,0.16
12/18/2025,23,3,N,ECRS,0.36
12/18/2025,23,3,N,NSPIN,1.4
12/18/2025,23,3,N,REGDN,0
12/18/2025,23,3,N,REGUP,0
12/18/2025,23,3,N,RRS,0.19
12/18/2025,23,2,N,ECRS,0.36
12/18/2025,23,2,N,NSPIN,1.4
12/18/2025,23,2,N,REGDN,0
12/18/2025,23,2,N,REGUP,0
12/18/2025,23,2,N,RRS,0.19
12/18/2025,23,1,N,ECRS,0.32
12/18/2025,23,1,N,NSPIN,1.27
12/18/2025,23,1,N,REGDN,0.16
12/18/2025,23,1,N,REGUP,0
12/18/2025,23,1,N,RRS,0.16
12/18/2025,24,4,N,ECRS,0.3
12/18/2025,24,4,N,NSPIN,1.19
12/18/2025,24,4,N,REGDN,0.06
12/18/2025,24,4,N,REGUP,0.15
12/18/2025,24,4,N,RRS,0.15
12/18/2025,24,3,N,ECRS,0.3
12/18/2025,24,3,N,NSPIN,1.2
12/18/2025,24,3,N,REGDN,0
12/18/2025,24,3,N,REGUP,0.11
12/18/2025,24,3,N,RRS,0.15
12/18/2025,24,2,N,ECRS,0.29
12/18/2025,24,2,N,NSPIN,1.14
12/18/2025,24,2,N,REGDN,0
12/18/2025,24,2,N,REGUP,0
12/18/2025,24,2,N,RRS,0.15
12/18/2025,24,1,N,ECRS,0.24
12/18/2025,24,1,N,NSPIN,1.09
12/18/2025,24,1,N,REGDN,0.07
12/18/2025,24,1,N,REGUP,0.01
12/18/2025,24,1,N,RRS,0.14
12/19/2025,1,4,N,ECRS,0.22
12/19/2025,1,4,N,NSPIN,0.88
12/19/2025,1,4,N,REGDN,0.29
12/19/2025,1,4,N,REGUP,0.01
12/19/2025,1,4,N,RRS,0.11
12/19/2025,1,3,N,ECRS,0.26
12/19/2025,1,3,N,NSPIN,1.02
12/19/2025,1,3,N,REGDN,0.34
12/19/2025,1,3,N,REGUP,0
12/19/2025,1,3,N,RRS,0.13
12/19/2025,1,2,N,ECRS,0.26
12/19/2025,1,2,N,NSPIN,1.05
12/19/2025,1,2,N,REGDN,0.04
12/19/2025,1,2,N,REGUP,0
12/19/2025,1,2,N,RRS,0.13
12/19/2025,1,1,N,ECRS,0.27
12/19/2025,1,1,N,NSPIN,1.66
12/19/2025,1,1,N,REGDN,1.26
12/19/2025,1,1,N,REGUP,0.11
12/19/2025,1,1,N,RRS,0.21
12/19/2025,2,4,N,ECRS,0
12/19/2025,2,4,N,NSPIN,0.99
12/19/2025,2,4,N,REGDN,0.14
12/19/2025,2,4,N,REGUP,0
12/19/2025,2,4,N,RRS,0.13
12/19/2025,2,3,N,ECRS,0
12/19/2025,2,3,N,NSPIN,1
12/19/2025,2,3,N,REGDN,0.01
12/19/2025,2,3,N,REGUP,0
12/19/2025,2,3,N,RRS,0.13
12/19/2025,2,2,N,ECRS,0
12/19/2025,2,2,N,NSPIN,1.01
12/19/2025,2,2,N,REGDN,0
12/19/2025,2,2,N,REGUP,0
12/19/2025,2,2,N,RRS,0.13
12/19/2025,2,1,N,ECRS,0.08
12/19/2025,2,1,N,NSPIN,0.99
12/19/2025,2,1,N,REGDN,0.01
12/19/2025,2,1,N,REGUP,0
12/19/2025,2,1,N,RRS,0.13
12/19/2025,3,4,N,ECRS,0.13
12/19/2025,3,4,N,NSPIN,0.49
12/19/2025,3,4,N,REGDN,0.18
12/19/2025,3,4,N,REGUP,0.02
12/19/2025,3,4,N,RRS,0.06
12/19/2025,3,3,N,ECRS,0.13
12/19/2025,3,3,N,NSPIN,0.53
12/19/2025,3,3,N,REGDN,0.17
12/19/2025,3,3,N,REGUP,0
12/19/2025,3,3,N,RRS,0.07
12/19/2025,3,2,N,ECRS,0.14
12/19/2025,3,2,N,NSPIN,0.58
12/19/2025,3,2,N,REGDN,0
12/19/2025,3,2,N,REGUP,0
12/19/2025,3,2,N,RRS,0.07
12/19/2025,3,1,N,ECRS,0.19
12/19/2025,3,1,N,NSPIN,0.87
12/19/2025,3,1,N,REGDN,0
12/19/2025,3,1,N,REGUP,0
12/19/2025,3,1,N,RRS,0.11
12/19/2025,4,4,N,ECRS,0.14
12/19/2025,4,4,N,NSPIN,0.54
12/19/2025,4,4,N,REGDN,0.16
12/19/2025,4,4,N,REGUP,0.15
12/19/2025,4,4,N,RRS,0.05
12/19/2025,4,3,N,ECRS,0.14
12/19/2025,4,3,N,NSPIN,0.58
12/19/2025,4,3,N,REGDN,0.08
12/19/2025,4,3,N,REGUP,0.1
12/19/2025,4,3,N,RRS,0.07
12/19/2025,4,2,N,ECRS,0.16
12/19/2025,4,2,N,NSPIN,0.62
12/19/2025,4,2,N,REGDN,0.01
12/19/2025,4,2,N,REGUP,0.1
12/19/2025,4,2,N,RRS,0.07
12/19/2025,4,1,N,ECRS,0.1
12/19/2025,4,1,N,NSPIN,0.63
12/19/2025,4,1,N,REGDN,0.27
12/19/2025,4,1,N,REGUP,0.05
12/19/2025,4,1,N,RRS,0.08
12/19/2025,5,4,N,ECRS,0.09
12/19/2025,5,4,N,NSPIN,0.36
12/19/2025,5,4,N,REGDN,0.19
12/19/2025,5,4,N,REGUP,0.01
12/19/2025,5,4,N,RRS,0.05
12/19/2025,5,3,N,ECRS,0.1
12/19/2025,5,3,N,NSPIN,0.4
12/19/2025,5,3,N,REGDN,0.14
12/19/2025,5,3,N,REGUP,0.04
12/19/2025,5,3,N,RRS,0.05
12/19/2025,5,2,N,ECRS,0.1
12/19/2025,5,2,N,NSPIN,0.42
12/19/2025,5,2,N,REGDN,0.17
12/19/2025,5,2,N,REGUP,0.03
12/19/2025,5,2,N,RRS,0.05
12/19/2025,5,1,N,ECRS,0.07
12/19/2025,5,1,N,NSPIN,0.42
12/19/2025,5,1,N,REGDN,0
12/19/2025,5,1,N,REGUP,0.08
12/19/2025,5,1,N,RRS,0.05
12/19/2025,6,4,N,ECRS,0.18
12/19/2025,6,4,N,NSPIN,0.69
12/19/2025,6,4,N,REGDN,0.27
12/19/2025,6,4,N,REGUP,0
12/19/2025,6,4,N,RRS,0.09
12/19/2025,6,3,N,ECRS,0.15
12/19/2025,6,3,N,NSPIN,0.6
12/19/2025,6,3,N,REGDN,0.13
12/19/2025,6,3,N,REGUP,0
12/19/2025,6,3,N,RRS,0.07
12/19/2025,6,2,N,ECRS,0.14
12/19/2025,6,2,N,NSPIN,0.54
12/19/2025,6,2,N,REGDN,0.07
12/19/2025,6,2,N,REGUP,0
12/19/2025,6,2,N,RRS,0.07
12/19/2025,6,1,N,ECRS,0.08
12/19/2025,6,1,N,NSPIN,0.46
12/19/2025,6,1,N,REGDN,0.06
12/19/2025,6,1,N,REGUP,0
12/19/2025,6,1,N,RRS,0.06
12/19/2025,7,4,N,ECRS,0.22
12/19/2025,7,4,N,NSPIN,1.46
12/19/2025,7,4,N,REGDN,0.03
12/19/2025,7,4,N,REGUP,0
12/19/2025,7,4,N,RRS,0.21
12/19/2025,7,3,N,ECRS,0.15
12/19/2025,7,3,N,NSPIN,1.16
12/19/2025,7,3,N,REGDN,0.02
12/19/2025,7,3,N,REGUP,0
12/19/2025,7,3,N,RRS,0.16
12/19/2025,7,2,N,ECRS,0.14
12/19/2025,7,2,N,NSPIN,1.1
12/19/2025,7,2,N,REGDN,0.38
12/19/2025,7,2,N,REGUP,0
12/19/2025,7,2,N,RRS,0.14
12/19/2025,7,1,N,ECRS,0.13
12/19/2025,7,1,N,NSPIN,1.02
12/19/2025,7,1,N,REGDN,0.03
12/19/2025,7,1,N,REGUP,0
12/19/2025,7,1,N,RRS,0.14
12/19/2025,8,4,N,ECRS,0.33
12/19/2025,8,4,N,NSPIN,0.98
12/19/2025,8,4,N,REGDN,0.02
12/19/2025,8,4,N,REGUP,0.06
12/19/2025,8,4,N,RRS,0.23
12/19/2025,8,3,N,ECRS,0.33
12/19/2025,8,3,N,NSPIN,1.03
12/19/2025,8,3,N,REGDN,0
12/19/2025,8,3,N,REGUP,0.01
12/19/2025,8,3,N,RRS,0.21
12/19/2025,8,2,N,ECRS,0.4
12/19/2025,8,2,N,NSPIN,1.06
12/19/2025,8,2,N,REGDN,0.01
12/19/2025,8,2,N,REGUP,0
12/19/2025,8,2,N,RRS,0.29
12/19/2025,8,1,N,ECRS,0.56
12/19/2025,8,1,N,NSPIN,1.07
12/19/2025,8,1,N,REGDN,0.17
12/19/2025,8,1,N,REGUP,0
12/19/2025,8,1,N,RRS,0.48
12/19/2025,9,4,N,ECRS,0.01
12/19/2025,9,4,N,NSPIN,0.22
12/19/2025,9,4,N,REGDN,0.58
12/19/2025,9,4,N,REGUP,0
12/19/2025,9,4,N,RRS,0.04
12/19/2025,9,3,N,ECRS,0.01
12/19/2025,9,3,N,NSPIN,0.24
12/19/2025,9,3,N,REGDN,0.43
12/19/2025,9,3,N,REGUP,0
12/19/2025,9,3,N,RRS,0.04
12/19/2025,9,2,N,ECRS,0.1
12/19/2025,9,2,N,NSPIN,0.4
12/19/2025,9,2,N,REGDN,0.42
12/19/2025,9,2,N,REGUP,0
12/19/2025,9,2,N,RRS,0.06
12/19/2025,9,1,N,ECRS,0.17
12/19/2025,9,1,N,NSPIN,0.65
12/19/2025,9,1,N,REGDN,0.28
12/19/2025,9,1,N,REGUP,0
12/19/2025,9,1,N,RRS,0.09
12/19/2025,10,4,N,ECRS,0.08
12/19/2025,10,4,N,NSPIN,0.29
12/19/2025,10,4,N,REGDN,0.32
12/19/2025,10,4,N,REGUP,0.05
12/19/2025,10,4,N,RRS,0.04
12/19/2025,10,3,N,ECRS,0.09
12/19/2025,10,3,N,NSPIN,0.33
12/19/2025,10,3,N,REGDN,0.23
12/19/2025,10,3,N,REGUP,0.05
12/19/2025,10,3,N,RRS,0.05
12/19/2025,10,2,N,ECRS,0.1
12/19/2025,10,2,N,NSPIN,0.35
12/19/2025,10,2,N,REGDN,0.36
12/19/2025,10,2,N,REGUP,0.06
12/19/2025,10,2,N,RRS,0.05
12/19/2025,10,1,N,ECRS,0.1
12/19/2025,10,1,N,NSPIN,0.39
12/19/2025,10,1,N,REGDN,0.33
12/19/2025,10,1,N,REGUP,0.01
12/19/2025,10,1,N,RRS,0.06
12/19/2025,11,4,N,ECRS,0.07
12/19/2025,11,4,N,NSPIN,0.27
12/19/2025,11,4,N,REGDN,0.09
12/19/2025,11,4,N,REGUP,0.06
12/19/2025,11,4,N,RRS,0.03
12/19/2025,11,3,N,ECRS,0.07
12/19/2025,11,3,N,NSPIN,0.28
12/19/2025,11,3,N,REGDN,0.07
12/19/2025,11,3,N,REGUP,0.05
12/19/2025,11,3,N,RRS,0.04
12/19/2025,11,2,N,ECRS,0.08
12/19/2025,11,2,N,NSPIN,0.34
12/19/2025,11,2,N,REGDN,0.05
12/19/2025,11,2,N,REGUP,0.02
12/19/2025,11,2,N,RRS,0.04
12/19/2025,11,1,N,ECRS,0.11
12/19/2025,11,1,N,NSPIN,0.39
12/19/2025,11,1,N,REGDN,0.09
12/19/2025,11,1,N,REGUP,0.05
12/19/2025,11,1,N,RRS,0.05
12/19/2025,12,4,N,ECRS,0.07
12/19/2025,12,4,N,NSPIN,0.28
12/19/2025,12,4,N,REGDN,0
12/19/2025,12,4,N,REGUP,0.04
12/19/2025,12,4,N,RRS,0.04
12/19/2025,12,3,N,ECRS,0.07
12/19/2025,12,3,N,NSPIN,0.27
12/19/2025,12,3,N,REGDN,0
12/19/2025,12,3,N,REGUP,0.03
12/19/2025,12,3,N,RRS,0.03
12/19/2025,12,2,N,ECRS,0.08
12/19/2025,12,2,N,NSPIN,0.3
12/19/2025,12,2,N,REGDN,0
12/19/2025,12,2,N,REGUP,0.04
12/19/2025,12,2,N,RRS,0.04
12/19/2025,12,1,N,ECRS,0.09
12/19/2025,12,1,N,NSPIN,0.37
12/19/2025,12,1,N,REGDN,0.1
12/19/2025,12,1,N,REGUP,0.09
12/19/2025,12,1,N,RRS,0.05
12/19/2025,13,4,N,ECRS,0.02
12/19/2025,13,4,N,NSPIN,0.25
12/19/2025,13,4,N,REGDN,0.08
12/19/2025,13,4,N,REGUP,0.07
12/19/2025,13,4,N,RRS,0.02
12/19/2025,13,3,N,ECRS,0.06
12/19/2025,13,3,N,NSPIN,0.25
12/19/2025,13,3,N,REGDN,0.19
12/19/2025,13,3,N,REGUP,0.07
12/19/2025,13,3,N,RRS,0.03
12/19/2025,13,2,N,ECRS,0.06
12/19/2025,13,2,N,NSPIN,0.25
12/19/2025,13,2,N,REGDN,0.16
12/19/2025,13,2,N,REGUP,0.06
12/19/2025,13,2,N,RRS,0.03
12/19/2025,13,1,N,ECRS,0.07
12/19/2025,13,1,N,NSPIN,0.28
12/19/2025,13,1,N,REGDN,0.17
12/19/2025,13,1,N,REGUP,0.07
12/19/2025,13,1,N,RRS,0.04
12/19/2025,14,4,N,ECRS,0.03
12/19/2025,14,4,N,NSPIN,0.16
12/19/2025,14,4,N,REGDN,0.09
12/19/2025,14,4,N,REGUP,0.12
12/19/2025,14,4,N,RRS,0.02
12/19/2025,14,3,N,ECRS,0.03
12/19/2025,14,3,N,NSPIN,0.17
12/19/2025,14,3,N,REGDN,0.08
12/19/2025,14,3,N,REGUP,0.12
12/19/2025,14,3,N,RRS,0.02
12/19/2025,14,2,N,ECRS,0.02
12/19/2025,14,2,N,NSPIN,0.17
12/19/2025,14,2,N,REGDN,0.07
12/19/2025,14,2,N,REGUP,0.1
12/19/2025,14,2,N,RRS,0.02
12/19/2025,14,1,N,ECRS,0.06
12/19/2025,14,1,N,NSPIN,0.23
12/19/2025,14,1,N,REGDN,0.1
12/19/2025,14,1,N,REGUP,0.1
12/19/2025,14,1,N,RRS,0.03
12/19/2025,15,4,N,ECRS,0.02
12/19/2025,15,4,N,NSPIN,0.09
12/19/2025,15,4,N,REGDN,0.03
12/19/2025,15,4,N,REGUP,0.16
12/19/2025,15,4,N,RRS,0.01
12/19/2025,15,3,N,ECRS,0.03
12/19/2025,15,3,N,NSPIN,0.1
12/19/2025,15,3,N,REGDN,0.05
12/19/2025,15,3,N,REGUP,0.18
12/19/2025,15,3,N,RRS,0.01
12/19/2025,15,2,N,ECRS,0.03
12/19/2025,15,2,N,NSPIN,0.11
12/19/2025,15,2,N,REGDN,0.01
12/19/2025,15,2,N,REGUP,0.16
12/19/2025,15,2,N,RRS,0.01
12/19/2025,15,1,N,ECRS,0.03
12/19/2025,15,1,N,NSPIN,0.1
12/19/2025,15,1,N,REGDN,0.04
12/19/2025,15,1,N,REGUP,0.16
12/19/2025,15,1,N,RRS,0.01
12/19/2025,16,4,N,ECRS,0.01
12/19/2025,16,4,N,NSPIN,0.04
12/19/2025,16,4,N,REGDN,1.78
12/19/2025,16,4,N,REGUP,0.22
12/19/2025,16,4,N,RRS,0.01
12/19/2025,16,3,N,ECRS,0.01
12/19/2025,16,3,N,NSPIN,0.04
12/19/2025,16,3,N,REGDN,0.31
12/19/2025,16,3,N,REGUP,0.2
12/19/2025,16,3,N,RRS,0.01
12/19/2025,16,2,N,ECRS,0.01
12/19/2025,16,2,N,NSPIN,0.05
12/19/2025,16,2,N,REGDN,0.04
12/19/2025,16,2,N,REGUP,0.19
12/19/2025,16,2,N,RRS,0.01
12/19/2025,16,1,N,ECRS,0.02
12/19/2025,16,1,N,NSPIN,0.06
12/19/2025,16,1,N,REGDN,0.09
12/19/2025,16,1,N,REGUP,0.18
12/19/2025,16,1,N,RRS,0.01
12/19/2025,17,4,N,ECRS,0.01
12/19/2025,17,4,N,NSPIN,0.08
12/19/2025,17,4,N,REGDN,0.35
12/19/2025,17,4,N,REGUP,0.38
12/19/2025,17,4,N,RRS,0.01
12/19/2025,17,3,N,ECRS,0.01
12/19/2025,17,3,N,NSPIN,0.06
12/19/2025,17,3,N,REGDN,0.15
12/19/2025,17,3,N,REGUP,0.35
12/19/2025,17,3,N,RRS,0.01
12/19/2025,17,2,N,ECRS,0.01
12/19/2025,17,2,N,NSPIN,0.06
12/19/2025,17,2,N,REGDN,0.35
12/19/2025,17,2,N,REGUP,0.35
12/19/2025,17,2,N,RRS,0.01
12/19/2025,17,1,N,ECRS,0.01
12/19/2025,17,1,N,NSPIN,0.04
12/19/2025,17,1,N,REGDN,0.55
12/19/2025,17,1,N,REGUP,0.31
12/19/2025,17,1,N,RRS,0
12/19/2025,18,4,N,ECRS,0.06
12/19/2025,18,4,N,NSPIN,0.21
12/19/2025,18,4,N,REGDN,0.88
12/19/2025,18,4,N,REGUP,0.02
12/19/2025,18,4,N,RRS,0.04
12/19/2025,18,3,N,ECRS,0.05
12/19/2025,18,3,N,NSPIN,0.15
12/19/2025,18,3,N,REGDN,0.84
12/19/2025,18,3,N,REGUP,0.01
12/19/2025,18,3,N,RRS,0.03
12/19/2025,18,2,N,ECRS,0.04
12/19/2025,18,2,N,NSPIN,0.13
12/19/2025,18,2,N,REGDN,0.62
12/19/2025,18,2,N,REGUP,0.02
12/19/2025,18,2,N,RRS,0.02
12/19/2025,18,1,N,ECRS,0.01
12/19/2025,18,1,N,NSPIN,0.04
12/19/2025,18,1,N,REGDN,0.81
12/19/2025,18,1,N,REGUP,0.02
12/19/2025,18,1,N,RRS,0.01
12/19/2025,19,4,N,ECRS,0.06
12/19/2025,19,4,N,NSPIN,0.25
12/19/2025,19,4,N,REGDN,0.43
12/19/2025,19,4,N,REGUP,0
12/19/2025,19,4,N,RRS,0.03
12/19/2025,19,3,N,ECRS,0.06
12/19/2025,19,3,N,NSPIN,0.25
12/19/2025,19,3,N,REGDN,0.05
12/19/2025,19,3,N,REGUP,0
12/19/2025,19,3,N,RRS,0.03
12/19/2025,19,2,N,ECRS,0.07
12/19/2025,19,2,N,NSPIN,0.25
12/19/2025,19,2,N,REGDN,0.49
12/19/2025,19,2,N,REGUP,0
12/19/2025,19,2,N,RRS,0.04
12/19/2025,19,1,N,ECRS,0.07
12/19/2025,19,1,N,NSPIN,0.25
12/19/2025,19,1,N,REGDN,0.64
12/19/2025,19,1,N,REGUP,0
12/19/2025,19,1,N,RRS,0.04
12/19/2025,20,4,N,ECRS,0.08
12/19/2025,20,4,N,NSPIN,0.3
12/19/2025,20,4,N,REGDN,0.13
12/19/2025,20,4,N,REGUP,0
12/19/2025,20,4,N,RRS,0.04
12/19/2025,20,3,N,ECRS,0.07
12/19/2025,20,3,N,NSPIN,0.27
12/19/2025,20,3,N,REGDN,0.11
12/19/2025,20,3,N,REGUP,0
12/19/2025,20,3,N,RRS,0.04
12/19/2025,20,2,N,ECRS,0.06
12/19/2025,20,2,N,NSPIN,0.26
12/19/2025,20,2,N,REGDN,0
12/19/2025,20,2,N,REGUP,0
12/19/2025,20,2,N,RRS,0.03
12/19/2025,20,1,N,ECRS,0.06
12/19/2025,20,1,N,NSPIN,0.25
12/19/2025,20,1,N,REGDN,0.01
12/19/2025,20,1,N,REGUP,0
12/19/2025,20,1,N,RRS,0.03
12/19/2025,21,4,N,ECRS,0
12/19/2025,21,4,N,NSPIN,0.52
12/19/2025,21,4,N,REGDN,0.62
12/19/2025,21,4,N,REGUP,0
12/19/2025,21,4,N,RRS,0.06
12/19/2025,21,3,N,ECRS,0
12/19/2025,21,3,N,NSPIN,0.46
12/19/2025,21,3,N,REGDN,0.6
12/19/2025,21,3,N,REGUP,0
12/19/2025,21,3,N,RRS,0.06
12/19/2025,21,2,N,ECRS,0
12/19/2025,21,2,N,NSPIN,0.37
12/19/2025,21,2,N,REGDN,0.07
12/19/2025,21,2,N,REGUP,0
12/19/2025,21,2,N,RRS,0.05
12/19/2025,21,1,N,ECRS,0.04
12/19/2025,21,1,N,NSPIN,0.31
12/19/2025,21,1,N,REGDN,0.05
12/19/2025,21,1,N,REGUP,0
12/19/2025,21,1,N,RRS,0.04
12/19/2025,22,4,N,ECRS,0.13
12/19/2025,22,4,N,NSPIN,0.51
12/19/2025,22,4,N,REGDN,0.63
12/19/2025,22,4,N,REGUP,0
12/19/2025,22,4,N,RRS,0.06
12/19/2025,22,3,N,ECRS,0.11
12/19/2025,22,3,N,NSPIN,0.45
12/19/2025,22,3,N,REGDN,0.56
12/19/2025,22,3,N,REGUP,0
12/19/2025,22,3,N,RRS,0.06
12/19/2025,22,2,N,ECRS,0.1
12/19/2025,22,2,N,NSPIN,0.42
12/19/2025,22,2,N,REGDN,0.52
12/19/2025,22,2,N,REGUP,0
12/19/2025,22,2,N,RRS,0.05
12/19/2025,22,1,N,ECRS,0.1
12/19/2025,22,1,N,NSPIN,0.43
12/19/2025,22,1,N,REGDN,0.64
12/19/2025,22,1,N,REGUP,0
12/19/2025,22,1,N,RRS,0.05
12/19/2025,23,4,N,ECRS,0.07
12/19/2025,23,4,N,NSPIN,0.29
12/19/2025,23,4,N,REGDN,0.53
12/19/2025,23,4,N,REGUP,0
12/19/2025,23,4,N,RRS,0.04
12/19/2025,23,3,N,ECRS,0.08
12/19/2025,23,3,N,NSPIN,0.3
12/19/2025,23,3,N,REGDN,0.55
12/19/2025,23,3,N,REGUP,0
12/19/2025,23,3,N,RRS,0.04
12/19/2025,23,2,N,ECRS,0.07
12/19/2025,23,2,N,NSPIN,0.29
12/19/2025,23,2,N,REGDN,0.48
12/19/2025,23,2,N,REGUP,0
12/19/2025,23,2,N,RRS,0.04
12/19/2025,23,1,N,ECRS,0.08
12/19/2025,23,1,N,NSPIN,0.32
12/19/2025,23,1,N,REGDN,0.58
12/19/2025,23,1,N,REGUP,0
12/19/2025,23,1,N,RRS,0.04
12/19/2025,24,4,N,ECRS,0.06
12/19/2025,24,4,N,NSPIN,0.25
12/19/2025,24,4,N,REGDN,0.24
12/19/2025,24,4,N,REGUP,0
12/19/2025,24,4,N,RRS,0.03
12/19/2025,24,3,N,ECRS,0.06
12/19/2025,24,3,N,NSPIN,0.25
12/19/2025,24,3,N,REGDN,0.18
12/19/2025,24,3,N,REGUP,0
12/19/2025,24,3,N,RRS,0.03
12/19/2025,24,2,N,ECRS,0.06
12/19/2025,24,2,N,NSPIN,0.25
12/19/2025,24,2,N,REGDN,0.03
12/19/2025,24,2,N,REGUP,0
12/19/2025,24,2,N,RRS,0.03
12/19/2025,24,1,N,ECRS,0.06
12/19/2025,24,1,N,NSPIN,0.25
12/19/2025,24,1,N,REGDN,0.39
12/19/2025,24,1,N,REGUP,0
12/19/2025,24,1,N,RRS,0.03
12/20/2025,1,4,N,ECRS,0.01
12/20/2025,1,4,N,NSPIN,0.25
12/20/2025,1,4,N,REGDN,0.51
12/20/2025,1,4,N,REGUP,0
12/20/2025,1,4,N,RRS,0.03
12/20/2025,1,3,N,ECRS,0.01
12/20/2025,1,3,N,NSPIN,0.25
12/20/2025,1,3,N,REGDN,0.33
12/20/2025,1,3,N,REGUP,0
12/20/2025,1,3,N,RRS,0.03
12/20/2025,1,2,N,ECRS,0.01
12/20/2025,1,2,N,NSPIN,0.25
12/20/2025,1,2,N,REGDN,0.32
12/20/2025,1,2,N,REGUP,0
12/20/2025,1,2,N,RRS,0.03
12/20/2025,1,1,N,ECRS,0.03
12/20/2025,1,1,N,NSPIN,0.25
12/20/2025,1,1,N,REGDN,0.37
12/20/2025,1,1,N,REGUP,0
12/20/2025,1,1,N,RRS,0.03
12/20/2025,2,4,N,ECRS,0.04
12/20/2025,2,4,N,NSPIN,0.25
12/20/2025,2,4,N,REGDN,0.68
12/20/2025,2,4,N,REGUP,0
12/20/2025,2,4,N,RRS,0.03
12/20/2025,2,3,N,ECRS,0.04
12/20/2025,2,3,N,NSPIN,0.25
12/20/2025,2,3,N,REGDN,0.65
12/20/2025,2,3,N,REGUP,0
12/20/2025,2,3,N,RRS,0.03
12/20/2025,2,2,N,ECRS,0.03
12/20/2025,2,2,N,NSPIN,0.25
12/20/2025,2,2,N,REGDN,0.53
12/20/2025,2,2,N,REGUP,0
12/20/2025,2,2,N,RRS,0.03
12/20/2025,2,1,N,ECRS,0.04
12/20/2025,2,1,N,NSPIN,0.25
12/20/2025,2,1,N,REGDN,0.63
12/20/2025,2,1,N,REGUP,0
12/20/2025,2,1,N,RRS,0.03
12/20/2025,3,4,N,ECRS,0.03
12/20/2025,3,4,N,NSPIN,0.25
12/20/2025,3,4,N,REGDN,0.8
12/20/2025,3,4,N,REGUP,0
12/20/2025,3,4,N,RRS,0.02
12/20/2025,3,3,N,ECRS,0.03
12/20/2025,3,3,N,NSPIN,0.25
12/20/2025,3,3,N,REGDN,0.8
12/20/2025,3,3,N,REGUP,0
12/20/2025,3,3,N,RRS,0.02
12/20/2025,3,2,N,ECRS,0.04
12/20/2025,3,2,N,NSPIN,0.25
12/20/2025,3,2,N,REGDN,0.7
12/20/2025,3,2,N,REGUP,0
12/20/2025,3,2,N,RRS,0.03
12/20/2025,3,1,N,ECRS,0.04
12/20/2025,3,1,N,NSPIN,0.25
12/20/2025,3,1,N,REGDN,0.57
12/20/2025,3,1,N,REGUP,0
12/20/2025,3,1,N,RRS,0.03
12/20/2025,4,4,N,ECRS,0.02
12/20/2025,4,4,N,NSPIN,0.25
12/20/2025,4,4,N,REGDN,0.66
12/20/2025,4,4,N,REGUP,0
12/20/2025,4,4,N,RRS,0.02
12/20/2025,4,3,N,ECRS,0.02
12/20/2025,4,3,N,NSPIN,0.25
12/20/2025,4,3,N,REGDN,0.55
12/20/2025,4,3,N,REGUP,0
12/20/2025,4,3,N,RRS,0.02
12/20/2025,4,2,N,ECRS,0.02
12/20/2025,4,2,N,NSPIN,0.25
12/20/2025,4,2,N,REGDN,0.48
12/20/2025,4,2,N,REGUP,0
12/20/2025,4,2,N,RRS,0.02
12/20/2025,4,1,N,ECRS,0.02
12/20/2025,4,1,N,NSPIN,0.25
12/20/2025,4,1,N,REGDN,0.59
12/20/2025,4,1,N,REGUP,0
12/20/2025,4,1,N,RRS,0.02
12/20/2025,5,4,N,ECRS,0.03
12/20/2025,5,4,N,NSPIN,0.25
12/20/2025,5,4,N,REGDN,0.93
12/20/2025,5,4,N,REGUP,0
12/20/2025,5,4,N,RRS,0.03
12/20/2025,5,3,N,ECRS,0.03
12/20/2025,5,3,N,NSPIN,0.24
12/20/2025,5,3,N,REGDN,0.76
12/20/2025,5,3,N,REGUP,0
12/20/2025,5,3,N,RRS,0.03
12/20/2025,5,2,N,ECRS,0.03
12/20/2025,5,2,N,NSPIN,0.25
12/20/2025,5,2,N,REGDN,0.72
12/20/2025,5,2,N,REGUP,0
12/20/2025,5,2,N,RRS,0.03
12/20/2025,5,1,N,ECRS,0.03
12/20/2025,5,1,N,NSPIN,0.25
12/20/2025,5,1,N,REGDN,0.42
12/20/2025,5,1,N,REGUP,0
12/20/2025,5,1,N,RRS,0.03
12/20/2025,6,4,N,ECRS,0.03
12/20/2025,6,4,N,NSPIN,0.25
12/20/2025,6,4,N,REGDN,1.94
12/20/2025,6,4,N,REGUP,0
12/20/2025,6,4,N,RRS,0.03
12/20/2025,6,3,N,ECRS,0.02
12/20/2025,6,3,N,NSPIN,0.25
12/20/2025,6,3,N,REGDN,2
12/20/2025,6,3,N,REGUP,0
12/20/2025,6,3,N,RRS,0.03
12/20/2025,6,2,N,ECRS,0.03
12/20/2025,6,2,N,NSPIN,0.25
12/20/2025,6,2,N,REGDN,1.04
12/20/2025,6,2,N,REGUP,0
12/20/2025,6,2,N,RRS,0.03
12/20/2025,6,1,N,ECRS,0.02
12/20/2025,6,1,N,NSPIN,0.25
12/20/2025,6,1,N,REGDN,1.1
12/20/2025,6,1,N,REGUP,0
12/20/2025,6,1,N,RRS,0.03
12/20/2025,7,4,N,ECRS,0.06
12/20/2025,7,4,N,NSPIN,0.25
12/20/2025,7,4,N,REGDN,0.01
12/20/2025,7,4,N,REGUP,0
12/20/2025,7,4,N,RRS,0.03
12/20/2025,7,3,N,ECRS,0.04
12/20/2025,7,3,N,NSPIN,0.25
12/20/2025,7,3,N,REGDN,0.4
12/20/2025,7,3,N,REGUP,0
12/20/2025,7,3,N,RRS,0.03
12/20/2025,7,2,N,ECRS,0.05
12/20/2025,7,2,N,NSPIN,0.25
12/20/2025,7,2,N,REGDN,0.42
12/20/2025,7,2,N,REGUP,0
12/20/2025,7,2,N,RRS,0.03
12/20/2025,7,1,N,ECRS,0.04
12/20/2025,7,1,N,NSPIN,0.25
12/20/2025,7,1,N,REGDN,1.16
12/20/2025,7,1,N,REGUP,0
12/20/2025,7,1,N,RRS,0.03
12/20/2025,8,4,N,ECRS,0.08
12/20/2025,8,4,N,NSPIN,0.31
12/20/2025,8,4,N,REGDN,0.69
12/20/2025,8,4,N,REGUP,0
12/20/2025,8,4,N,RRS,0.05
12/20/2025,8,3,N,ECRS,0.09
12/20/2025,8,3,N,NSPIN,0.3
12/20/2025,8,3,N,REGDN,0.54
12/20/2025,8,3,N,REGUP,0
12/20/2025,8,3,N,RRS,0.05
12/20/2025,8,2,N,ECRS,0.06
12/20/2025,8,2,N,NSPIN,0.25
12/20/2025,8,2,N,REGDN,0.6
12/20/2025,8,2,N,REGUP,0
12/20/2025,8,2,N,RRS,0.03
12/20/2025,8,1,N,ECRS,0.07
12/20/2025,8,1,N,NSPIN,0.25
12/20/2025,8,1,N,REGDN,0.53
12/20/2025,8,1,N,REGUP,0
12/20/2025,8,1,N,RRS,0.04
12/20/2025,9,4,N,ECRS,0.06
12/20/2025,9,4,N,NSPIN,0.25
12/20/2025,9,4,N,REGDN,0.52
12/20/2025,9,4,N,REGUP,0
12/20/2025,9,4,N,RRS,0.03
12/20/2025,9,3,N,ECRS,0.06
12/20/2025,9,3,N,NSPIN,0.25
12/20/2025,9,3,N,REGDN,0.56
12/20/2025,9,3,N,REGUP,0
12/20/2025,9,3,N,RRS,0.03
12/20/2025,9,2,N,ECRS,0.07
12/20/2025,9,2,N,NSPIN,0.25
12/20/2025,9,2,N,REGDN,0.82
12/20/2025,9,2,N,REGUP,0
12/20/2025,9,2,N,RRS,0.04
12/20/2025,9,1,N,ECRS,0.07
12/20/2025,9,1,N,NSPIN,0.25
12/20/2025,9,1,N,REGDN,0.89
12/20/2025,9,1,N,REGUP,0
12/20/2025,9,1,N,RRS,0.04
12/20/2025,10,4,N,ECRS,0.05
12/20/2025,10,4,N,NSPIN,0.25
12/20/2025,10,4,N,REGDN,0.21
12/20/2025,10,4,N,REGUP,0
12/20/2025,10,4,N,RRS,0.03
12/20/2025,10,3,N,ECRS,0.06
12/20/2025,10,3,N,NSPIN,0.25
12/20/2025,10,3,N,REGDN,0.18
12/20/2025,10,3,N,REGUP,0
12/20/2025,10,3,N,RRS,0.03
12/20/2025,10,2,N,ECRS,0.06
12/20/2025,10,2,N,NSPIN,0.25
12/20/2025,10,2,N,REGDN,0.04
12/20/2025,10,2,N,REGUP,0
12/20/2025,10,2,N,RRS,0.03
12/20/2025,10,1,N,ECRS,0.06
12/20/2025,10,1,N,NSPIN,0.25
12/20/2025,10,1,N,REGDN,0.05
12/20/2025,10,1,N,REGUP,0
12/20/2025,10,1,N,RRS,0.03
12/20/2025,11,4,N,ECRS,0.06
12/20/2025,11,4,N,NSPIN,0.24
12/20/2025,11,4,N,REGDN,0.08
12/20/2025,11,4,N,REGUP,0
12/20/2025,11,4,N,RRS,0.03
12/20/2025,11,3,N,ECRS,0.06
12/20/2025,11,3,N,NSPIN,0.25
12/20/2025,11,3,N,REGDN,0.02
12/20/2025,11,3,N,REGUP,0
12/20/2025,11,3,N,RRS,0.03
12/20/2025,11,2,N,ECRS,0.06
12/20/2025,11,2,N,NSPIN,0.25
12/20/2025,11,2,N,REGDN,0.05
12/20/2025,11,2,N,REGUP,0
12/20/2025,11,2,N,RRS,0.03
12/20/2025,11,1,N,ECRS,0.06
12/20/2025,11,1,N,NSPIN,0.25
12/20/2025,11,1,N,REGDN,0.07
12/20/2025,11,1,N,REGUP,0
12/20/2025,11,1,N,RRS,0.03
12/20/2025,12,4,N,ECRS,0.02
12/20/2025,12,4,N,NSPIN,0.24
12/20/2025,12,4,N,REGDN,0.69
12/20/2025,12,4,N,REGUP,0
12/20/2025,12,4,N,RRS,0.01
12/20/2025,12,3,N,ECRS,0.01
12/20/2025,12,3,N,NSPIN,0.25
12/20/2025,12,3,N,REGDN,0.27
12/20/2025,12,3,N,REGUP,0
12/20/2025,12,3,N,RRS,0.01
12/20/2025,12,2,N,ECRS,0.02
12/20/2025,12,2,N,NSPIN,0.25
12/20/2025,12,2,N,REGDN,0.05
12/20/2025,12,2,N,REGUP,0
12/20/2025,12,2,N,RRS,0.02
12/20/2025,12,1,N,ECRS,0.01
12/20/2025,12,1,N,NSPIN,0.25
12/20/2025,12,1,N,REGDN,0.02
12/20/2025,12,1,N,REGUP,0
12/20/2025,12,1,N,RRS,0.01
12/20/2025,13,4,N,ECRS,0.01
12/20/2025,13,4,N,NSPIN,0.18
12/20/2025,13,4,N,REGDN,0.4
12/20/2025,13,4,N,REGUP,0
12/20/2025,13,4,N,RRS,0.01
12/20/2025,13,3,N,ECRS,0.01
12/20/2025,13,3,N,NSPIN,0.19
12/20/2025,13,3,N,REGDN,0.35
12/20/2025,13,3,N,REGUP,0
12/20/2025,13,3,N,RRS,0.01
12/20/2025,13,2,N,ECRS,0.01
12/20/2025,13,2,N,NSPIN,0.21
12/20/2025,13,2,N,REGDN,0.05
12/20/2025,13,2,N,REGUP,0
12/20/2025,13,2,N,RRS,0.01
12/20/2025,13,1,N,ECRS,0.02
12/20/2025,13,1,N,NSPIN,0.22
12/20/2025,13,1,N,REGDN,0.07
12/20/2025,13,1,N,REGUP,0
12/20/2025,13,1,N,RRS,0.02
12/20/2025,14,4,N,ECRS,0.01
12/20/2025,14,4,N,NSPIN,0.06
12/20/2025,14,4,N,REGDN,0.15
12/20/2025,14,4,N,REGUP,0
12/20/2025,14,4,N,RRS,0.01
12/20/2025,14,3,N,ECRS,0.01
12/20/2025,14,3,N,NSPIN,0.05
12/20/2025,14,3,N,REGDN,0.3
12/20/2025,14,3,N,REGUP,0
12/20/2025,14,3,N,RRS,0.01
12/20/2025,14,2,N,ECRS,0.01
12/20/2025,14,2,N,NSPIN,0.06
12/20/2025,14,2,N,REGDN,0.06
12/20/2025,14,2,N,REGUP,0
12/20/2025,14,2,N,RRS,0.01
12/20/2025,14,1,N,ECRS,0.02
12/20/2025,14,1,N,NSPIN,0.07
12/20/2025,14,1,N,REGDN,0.47
12/20/2025,14,1,N,REGUP,0.01
12/20/2025,14,1,N,RRS,0.01
12/20/2025,15,4,N,ECRS,0.01
12/20/2025,15,4,N,NSPIN,0.04
12/20/2025,15,4,N,REGDN,1.4
12/20/2025,15,4,N,REGUP,0
12/20/2025,15,4,N,RRS,0.01
12/20/2025,15,3,N,ECRS,0.01
12/20/2025,15,3,N,NSPIN,0.04
12/20/2025,15,3,N,REGDN,0.19
12/20/2025,15,3,N,REGUP,0
12/20/2025,15,3,N,RRS,0.01
12/20/2025,15,2,N,ECRS,0.01
12/20/2025,15,2,N,NSPIN,0.03
12/20/2025,15,2,N,REGDN,0.03
12/20/2025,15,2,N,REGUP,0
12/20/2025,15,2,N,RRS,0.01
12/20/2025,15,1,N,ECRS,0.01
12/20/2025,15,1,N,NSPIN,0.04
12/20/2025,15,1,N,REGDN,0.19
12/20/2025,15,1,N,REGUP,0
12/20/2025,15,1,N,RRS,0.01
12/20/2025,16,4,N,ECRS,0.01
12/20/2025,16,4,N,NSPIN,0.01
12/20/2025,16,4,N,REGDN,13.53
12/20/2025,16,4,N,REGUP,0
12/20/2025,16,4,N,RRS,0.01
12/20/2025,16,3,N,ECRS,0.01
12/20/2025,16,3,N,NSPIN,0.01
12/20/2025,16,3,N,REGDN,11.37
12/20/2025,16,3,N,REGUP,0
12/20/2025,16,3,N,RRS,0.01
12/20/2025,16,2,N,ECRS,0
12/20/2025,16,2,N,NSPIN,0.01
12/20/2025,16,2,N,REGDN,10.01
12/20/2025,16,2,N,REGUP,0
12/20/2025,16,2,N,RRS,0
12/20/2025,16,1,N,ECRS,0.01
12/20/2025,16,1,N,NSPIN,0.01
12/20/2025,16,1,N,REGDN,7.51
12/20/2025,16,1,N,REGUP,0
12/20/2025,16,1,N,RRS,0
12/20/2025,17,4,N,ECRS,0.02
12/20/2025,17,4,N,NSPIN,0.03
12/20/2025,17,4,N,REGDN,0.58
12/20/2025,17,4,N,REGUP,0.03
12/20/2025,17,4,N,RRS,0.01
12/20/2025,17,3,N,ECRS,0
12/20/2025,17,3,N,NSPIN,0.01
12/20/2025,17,3,N,REGDN,1.71
12/20/2025,17,3,N,REGUP,0
12/20/2025,17,3,N,RRS,0
12/20/2025,17,2,N,ECRS,0
12/20/2025,17,2,N,NSPIN,0.01
12/20/2025,17,2,N,REGDN,4.31
12/20/2025,17,2,N,REGUP,0
12/20/2025,17,2,N,RRS,0
12/20/2025,17,1,N,ECRS,0
12/20/2025,17,1,N,NSPIN,0.01
12/20/2025,17,1,N,REGDN,12.26
12/20/2025,17,1,N,REGUP,0
12/20/2025,17,1,N,RRS,0
12/20/2025,18,4,N,ECRS,0.07
12/20/2025,18,4,N,NSPIN,0.25
12/20/2025,18,4,N,REGDN,0.41
12/20/2025,18,4,N,REGUP,0
12/20/2025,18,4,N,RRS,0.04
12/20/2025,18,3,N,ECRS,0.06
12/20/2025,18,3,N,NSPIN,0.22
12/20/2025,18,3,N,REGDN,0.35
12/20/2025,18,3,N,REGUP,0
12/20/2025,18,3,N,RRS,0.04
12/20/2025,18,2,N,ECRS,0.07
12/20/2025,18,2,N,NSPIN,0.25
12/20/2025,18,2,N,REGDN,0.32
12/20/2025,18,2,N,REGUP,0
12/20/2025,18,2,N,RRS,0.04
12/20/2025,18,1,N,ECRS,0.07
12/20/2025,18,1,N,NSPIN,0.25
12/20/2025,18,1,N,REGDN,0.76
12/20/2025,18,1,N,REGUP,0
12/20/2025,18,1,N,RRS,0.04
12/20/2025,19,4,N,ECRS,0.09
12/20/2025,19,4,N,NSPIN,0.35
12/20/2025,19,4,N,REGDN,1.2
12/20/2025,19,4,N,REGUP,0
12/20/2025,19,4,N,RRS,0.04
12/20/2025,19,3,N,ECRS,0.1
12/20/2025,19,3,N,NSPIN,0.38
12/20/2025,19,3,N,REGDN,0
12/20/2025,19,3,N,REGUP,0
12/20/2025,19,3,N,RRS,0.05
12/20/2025,19,2,N,ECRS,0.12
12/20/2025,19,2,N,NSPIN,0.48
12/20/2025,19,2,N,REGDN,0
12/20/2025,19,2,N,REGUP,0
12/20/2025,19,2,N,RRS,0.06
12/20/2025,19,1,N,ECRS,0.11
12/20/2025,19,1,N,NSPIN,0.41
12/20/2025,19,1,N,REGDN,0.37
12/20/2025,19,1,N,REGUP,0
12/20/2025,19,1,N,RRS,0.06
12/20/2025,20,4,N,ECRS,0.08
12/20/2025,20,4,N,NSPIN,0.32
12/20/2025,20,4,N,REGDN,0.05
12/20/2025,20,4,N,REGUP,0
12/20/2025,20,4,N,RRS,0.04
12/20/2025,20,3,N,ECRS,0.08
12/20/2025,20,3,N,NSPIN,0.33
12/20/2025,20,3,N,REGDN,0.29
12/20/2025,20,3,N,REGUP,0
12/20/2025,20,3,N,RRS,0.04
12/20/2025,20,2,N,ECRS,0.09
12/20/2025,20,2,N,NSPIN,0.35
12/20/2025,20,2,N,REGDN,0.5
12/20/2025,20,2,N,REGUP,0
12/20/2025,20,2,N,RRS,0.05
12/20/2025,20,1,N,ECRS,0.09
12/20/2025,20,1,N,NSPIN,0.35
12/20/2025,20,1,N,REGDN,0.38
12/20/2025,20,1,N,REGUP,0
12/20/2025,20,1,N,RRS,0.04
12/20/2025,21,4,N,ECRS,0.07
12/20/2025,21,4,N,NSPIN,0.29
12/20/2025,21,4,N,REGDN,0
12/20/2025,21,4,N,REGUP,0
12/20/2025,21,4,N,RRS,0.04
12/20/2025,21,3,N,ECRS,0.07
12/20/2025,21,3,N,NSPIN,0.29
12/20/2025,21,3,N,REGDN,0
12/20/2025,21,3,N,REGUP,0
12/20/2025,21,3,N,RRS,0.04
12/20/2025,21,2,N,ECRS,0.07
12/20/2025,21,2,N,NSPIN,0.29
12/20/2025,21,2,N,REGDN,0
12/20/2025,21,2,N,REGUP,0
12/20/2025,21,2,N,RRS,0.04
12/20/2025,21,1,N,ECRS,0.08
12/20/2025,21,1,N,NSPIN,0.31
12/20/2025,21,1,N,REGDN,0.05
12/20/2025,21,1,N,REGUP,0
12/20/2025,21,1,N,RRS,0.04
12/20/2025,22,4,N,ECRS,0.07
12/20/2025,22,4,N,NSPIN,0.26
12/20/2025,22,4,N,REGDN,0
12/20/2025,22,4,N,REGUP,0
12/20/2025,22,4,N,RRS,0.02
12/20/2025,22,3,N,ECRS,0.07
12/20/2025,22,3,N,NSPIN,0.27
12/20/2025,22,3,N,REGDN,0
12/20/2025,22,3,N,REGUP,0
12/20/2025,22,3,N,RRS,0.02
12/20/2025,22,2,N,ECRS,0.07
12/20/2025,22,2,N,NSPIN,0.27
12/20/2025,22,2,N,REGDN,0
12/20/2025,22,2,N,REGUP,0
12/20/2025,22,2,N,RRS,0.03
12/20/2025,22,1,N,ECRS,0.07
12/20/2025,22,1,N,NSPIN,0.28
12/20/2025,22,1,N,REGDN,0.06
12/20/2025,22,1,N,REGUP,0
12/20/2025,22,1,N,RRS,0.03
12/20/2025,23,4,N,ECRS,0.06
12/20/2025,23,4,N,NSPIN,0.25
12/20/2025,23,4,N,REGDN,0.03
12/20/2025,23,4,N,REGUP,0
12/20/2025,23,4,N,RRS,0.03
12/20/2025,23,3,N,ECRS,0.06
12/20/2025,23,3,N,NSPIN,0.25
12/20/2025,23,3,N,REGDN,0
12/20/2025,23,3,N,REGUP,0
12/20/2025,23,3,N,RRS,0.03
12/20/2025,23,2,N,ECRS,0.06
12/20/2025,23,2,N,NSPIN,0.25
12/20/2025,23,2,N,REGDN,0
12/20/2025,23,2,N,REGUP,0
12/20/2025,23,2,N,RRS,0.02
12/20/2025,23,1,N,ECRS,0.06
12/20/2025,23,1,N,NSPIN,0.25
12/20/2025,23,1,N,REGDN,0
12/20/2025,23,1,N,REGUP,0
12/20/2025,23,1,N,RRS,0.03
12/20/2025,24,4,N,ECRS,0.05
12/20/2025,24,4,N,NSPIN,0.24
12/20/2025,24,4,N,REGDN,0.16
12/20/2025,24,4,N,REGUP,0.01
12/20/2025,24,4,N,RRS,0.03
12/20/2025,24,3,N,ECRS,0.06
12/20/2025,24,3,N,NSPIN,0.25
12/20/2025,24,3,N,REGDN,0.34
12/20/2025,24,3,N,REGUP,0.03
12/20/2025,24,3,N,RRS,0.03
12/20/2025,24,2,N,ECRS,0.06
12/20/2025,24,2,N,NSPIN,0.25
12/20/2025,24,2,N,REGDN,0.38
12/20/2025,24,2,N,REGUP,0.02
12/20/2025,24,2,N,RRS,0.03
12/20/2025,24,1,N,ECRS,0.05
12/20/2025,24,1,N,NSPIN,0.25
12/20/2025,24,1,N,REGDN,0.19
12/20/2025,24,1,N,REGUP,0.01
12/20/2025,24,1,N,RRS,0.03
12/21/2025,1,4,N,ECRS,0.02
12/21/2025,1,4,N,NSPIN,0.18
12/21/2025,1,4,N,REGDN,0.52
12/21/2025,1,4,N,REGUP,0
12/21/2025,1,4,N,RRS,0.02
12/21/2025,1,3,N,ECRS,0.02
12/21/2025,1,3,N,NSPIN,0.2
12/21/2025,1,3,N,REGDN,0.4
12/21/2025,1,3,N,REGUP,0
12/21/2025,1,3,N,RRS,0.03
12/21/2025,1,2,N,ECRS,0.03
12/21/2025,1,2,N,NSPIN,0.21
12/21/2025,1,2,N,REGDN,0.17
12/21/2025,1,2,N,REGUP,0
12/21/2025,1,2,N,RRS,0.03
12/21/2025,1,1,N,ECRS,0.03
12/21/2025,1,1,N,NSPIN,0.21
12/21/2025,1,1,N,REGDN,0.1
12/21/2025,1,1,N,REGUP,0
12/21/2025,1,1,N,RRS,0.03
12/21/2025,2,4,N,ECRS,0.01
12/21/2025,2,4,N,NSPIN,0.18
12/21/2025,2,4,N,REGDN,0.77
12/21/2025,2,4,N,REGUP,0
12/21/2025,2,4,N,RRS,0.01
12/21/2025,2,3,N,ECRS,0.01
12/21/2025,2,3,N,NSPIN,0.18
12/21/2025,2,3,N,REGDN,0.43
12/21/2025,2,3,N,REGUP,0
12/21/2025,2,3,N,RRS,0.01
12/21/2025,2,2,N,ECRS,0.01
12/21/2025,2,2,N,NSPIN,0.18
12/21/2025,2,2,N,REGDN,0.5
12/21/2025,2,2,N,REGUP,0
12/21/2025,2,2,N,RRS,0.01
12/21/2025,2,1,N,ECRS,0.01
12/21/2025,2,1,N,NSPIN,0.2
12/21/2025,2,1,N,REGDN,1.02
12/21/2025,2,1,N,REGUP,0
12/21/2025,2,1,N,RRS,0.01
12/21/2025,3,4,N,ECRS,0.02
12/21/2025,3,4,N,NSPIN,0.14
12/21/2025,3,4,N,REGDN,0.63
12/21/2025,3,4,N,REGUP,0
12/21/2025,3,4,N,RRS,0.02
12/21/2025,3,3,N,ECRS,0.02
12/21/2025,3,3,N,NSPIN,0.15
12/21/2025,3,3,N,REGDN,0.63
12/21/2025,3,3,N,REGUP,0
12/21/2025,3,3,N,RRS,0.02
12/21/2025,3,2,N,ECRS,0.02
12/21/2025,3,2,N,NSPIN,0.15
12/21/2025,3,2,N,REGDN,0.49
12/21/2025,3,2,N,REGUP,0
12/21/2025,3,2,N,RRS,0.02
12/21/2025,3,1,N,ECRS,0.02
12/21/2025,3,1,N,NSPIN,0.15
12/21/2025,3,1,N,REGDN,0.46
12/21/2025,3,1,N,REGUP,0
12/21/2025,3,1,N,RRS,0.02
12/21/2025,4,4,N,ECRS,0.03
12/21/2025,4,4,N,NSPIN,0.16
12/21/2025,4,4,N,REGDN,0.18
12/21/2025,4,4,N,REGUP,0
12/21/2025,4,4,N,RRS,0.02
12/21/2025,4,3,N,ECRS,0.02
12/21/2025,4,3,N,NSPIN,0.14
12/21/2025,4,3,N,REGDN,0.42
12/21/2025,4,3,N,REGUP,0
12/21/2025,4,3,N,RRS,0.02
12/21/2025,4,2,N,ECRS,0.02
12/21/2025,4,2,N,NSPIN,0.14
12/21/2025,4,2,N,REGDN,0.04
12/21/2025,4,2,N,REGUP,0
12/21/2025,4,2,N,RRS,0.02
12/21/2025,4,1,N,ECRS,0.02
12/21/2025,4,1,N,NSPIN,0.15
12/21/2025,4,1,N,REGDN,0.22
12/21/2025,4,1,N,REGUP,0
12/21/2025,4,1,N,RRS,0.02
12/21/2025,5,4,N,ECRS,0.02
12/21/2025,5,4,N,NSPIN,0.1
12/21/2025,5,4,N,REGDN,0.02
12/21/2025,5,4,N,REGUP,0
12/21/2025,5,4,N,RRS,0.01
12/21/2025,5,3,N,ECRS,0.02
12/21/2025,5,3,N,NSPIN,0.1
12/21/2025,5,3,N,REGDN,0.03
12/21/2025,5,3,N,REGUP,0
12/21/2025,5,3,N,RRS,0.01
12/21/2025,5,2,N,ECRS,0.02
12/21/2025,5,2,N,NSPIN,0.11
12/21/2025,5,2,N,REGDN,0.18
12/21/2025,5,2,N,REGUP,0
12/21/2025,5,2,N,RRS,0.01
12/21/2025,5,1,N,ECRS,0.01
12/21/2025,5,1,N,NSPIN,0.12
12/21/2025,5,1,N,REGDN,0.3
12/21/2025,5,1,N,REGUP,0
12/21/2025,5,1,N,RRS,0.01
12/21/2025,6,4,N,ECRS,0.02
12/21/2025,6,4,N,NSPIN,0.11
12/21/2025,6,4,N,REGDN,0.15
12/21/2025,6,4,N,REGUP,0
12/21/2025,6,4,N,RRS,0.01
12/21/2025,6,3,N,ECRS,0.03
12/21/2025,6,3,N,NSPIN,0.11
12/21/2025,6,3,N,REGDN,0.41
12/21/2025,6,3,N,REGUP,0
12/21/2025,6,3,N,RRS,0.01
12/21/2025,6,2,N,ECRS,0.02
12/21/2025,6,2,N,NSPIN,0.1
12/21/2025,6,2,N,REGDN,0.26
12/21/2025,6,2,N,REGUP,0
12/21/2025,6,2,N,RRS,0.01
12/21/2025,6,1,N,ECRS,0.02
12/21/2025,6,1,N,NSPIN,0.12
12/21/2025,6,1,N,REGDN,0.16
12/21/2025,6,1,N,REGUP,0
12/21/2025,6,1,N,RRS,0.01
12/21/2025,7,4,N,ECRS,0.02
12/21/2025,7,4,N,NSPIN,0.16
12/21/2025,7,4,N,REGDN,0.17
12/21/2025,7,4,N,REGUP,0
12/21/2025,7,4,N,RRS,0.02
12/21/2025,7,3,N,ECRS,0.02
12/21/2025,7,3,N,NSPIN,0.15
12/21/2025,7,3,N,REGDN,0.25
12/21/2025,7,3,N,REGUP,0
12/21/2025,7,3,N,RRS,0.02
12/21/2025,7,2,N,ECRS,0.03
12/21/2025,7,2,N,NSPIN,0.21
12/21/2025,7,2,N,REGDN,0.24
12/21/2025,7,2,N,REGUP,0
12/21/2025,7,2,N,RRS,0.03
12/21/2025,7,1,N,ECRS,0.01
12/21/2025,7,1,N,NSPIN,0.11
12/21/2025,7,1,N,REGDN,0.08
12/21/2025,7,1,N,REGUP,0
12/21/2025,7,1,N,RRS,0.01
12/21/2025,8,4,N,ECRS,0.06
12/21/2025,8,4,N,NSPIN,0.25
12/21/2025,8,4,N,REGDN,0
12/21/2025,8,4,N,REGUP,0
12/21/2025,8,4,N,RRS,0.03
12/21/2025,8,3,N,ECRS,0.06
12/21/2025,8,3,N,NSPIN,0.24
12/21/2025,8,3,N,REGDN,0
12/21/2025,8,3,N,REGUP,0
12/21/2025,8,3,N,RRS,0.03
12/21/2025,8,2,N,ECRS,0.06
12/21/2025,8,2,N,NSPIN,0.24
12/21/2025,8,2,N,REGDN,0
12/21/2025,8,2,N,REGUP,0
12/21/2025,8,2,N,RRS,0.03
12/21/2025,8,1,N,ECRS,0.05
12/21/2025,8,1,N,NSPIN,0.2
12/21/2025,8,1,N,REGDN,0
12/21/2025,8,1,N,REGUP,0
12/21/2025,8,1,N,RRS,0.02
12/21/2025,9,4,N,ECRS,0.05
12/21/2025,9,4,N,NSPIN,0.2
12/21/2025,9,4,N,REGDN,0
12/21/2025,9,4,N,REGUP,0
12/21/2025,9,4,N,RRS,0.02
12/21/2025,9,3,N,ECRS,0.05
12/21/2025,9,3,N,NSPIN,0.21
12/21/2025,9,3,N,REGDN,0
12/21/2025,9,3,N,REGUP,0
12/21/2025,9,3,N,RRS,0.02
12/21/2025,9,2,N,ECRS,0.06
12/21/2025,9,2,N,NSPIN,0.22
12/21/2025,9,2,N,REGDN,0
12/21/2025,9,2,N,REGUP,0
12/21/2025,9,2,N,RRS,0.03
12/21/2025,9,1,N,ECRS,0.06
12/21/2025,9,1,N,NSPIN,0.24
12/21/2025,9,1,N,REGDN,0.01
12/21/2025,9,1,N,REGUP,0
12/21/2025,9,1,N,RRS,0.03
12/21/2025,10,4,N,ECRS,0.01
12/21/2025,10,4,N,NSPIN,0.04
12/21/2025,10,4,N,REGDN,0.21
12/21/2025,10,4,N,REGUP,0.01
12/21/2025,10,4,N,RRS,0.01
12/21/2025,10,3,N,ECRS,0.02
12/21/2025,10,3,N,NSPIN,0.06
12/21/2025,10,3,N,REGDN,0.02
12/21/2025,10,3,N,REGUP,0.01
12/21/2025,10,3,N,RRS,0.01
12/21/2025,10,2,N,ECRS,0.01
12/21/2025,10,2,N,NSPIN,0.06
12/21/2025,10,2,N,REGDN,0.01
12/21/2025,10,2,N,REGUP,0
12/21/2025,10,2,N,RRS,0.01
12/21/2025,10,1,N,ECRS,0.03
12/21/2025,10,1,N,NSPIN,0.11
12/21/2025,10,1,N,REGDN,0.01
12/21/2025,10,1,N,REGUP,0
12/21/2025,10,1,N,RRS,0.01
12/21/2025,11,4,N,ECRS,0.01
12/21/2025,11,4,N,NSPIN,0.03
12/21/2025,11,4,N,REGDN,0.06
12/21/2025,11,4,N,REGUP,0
12/21/2025,11,4,N,RRS,0
12/21/2025,11,3,N,ECRS,0.01
12/21/2025,11,3,N,NSPIN,0.04
12/21/2025,11,3,N,REGDN,0
12/21/2025,11,3,N,REGUP,0
12/21/2025,11,3,N,RRS,0.01
12/21/2025,11,2,N,ECRS,0.01
12/21/2025,11,2,N,NSPIN,0.04
12/21/2025,11,2,N,REGDN,0
12/21/2025,11,2,N,REGUP,0
12/21/2025,11,2,N,RRS,0.01
12/21/2025,11,1,N,ECRS,0.01
12/21/2025,11,1,N,NSPIN,0.05
12/21/2025,11,1,N,REGDN,0.04
12/21/2025,11,1,N,REGUP,0
12/21/2025,11,1,N,RRS,0.01
12/21/2025,12,4,N,ECRS,0.01
12/21/2025,12,4,N,NSPIN,0.04
12/21/2025,12,4,N,REGDN,0.02
12/21/2025,12,4,N,REGUP,0
12/21/2025,12,4,N,RRS,0.01
12/21/2025,12,3,N,ECRS,0.01
12/21/2025,12,3,N,NSPIN,0.04
12/21/2025,12,3,N,REGDN,0.01
12/21/2025,12,3,N,REGUP,0
12/21/2025,12,3,N,RRS,0.01
12/21/2025,12,2,N,ECRS,0.01
12/21/2025,12,2,N,NSPIN,0.04
12/21/2025,12,2,N,REGDN,0
12/21/2025,12,2,N,REGUP,0
12/21/2025,12,2,N,RRS,0.01
12/21/2025,12,1,N,ECRS,0.01
12/21/2025,12,1,N,NSPIN,0.05
12/21/2025,12,1,N,REGDN,0.04
12/21/2025,12,1,N,REGUP,0.01
12/21/2025,12,1,N,RRS,0.01
12/21/2025,13,4,N,ECRS,0
12/21/2025,13,4,N,NSPIN,0.06
12/21/2025,13,4,N,REGDN,0
12/21/2025,13,4,N,REGUP,0
12/21/2025,13,4,N,RRS,0
12/21/2025,13,3,N,ECRS,0
12/21/2025,13,3,N,NSPIN,0.07
12/21/2025,13,3,N,REGDN,0.01
12/21/2025,13,3,N,REGUP,0
12/21/2025,13,3,N,RRS,0
12/21/2025,13,2,N,ECRS,0
12/21/2025,13,2,N,NSPIN,0.07
12/21/2025,13,2,N,REGDN,0.01
12/21/2025,13,2,N,REGUP,0
12/21/2025,13,2,N,RRS,0
12/21/2025,13,1,N,ECRS,0
12/21/2025,13,1,N,NSPIN,0.06
12/21/2025,13,1,N,REGDN,0.01
12/21/2025,13,1,N,REGUP,0
12/21/2025,13,1,N,RRS,0
12/21/2025,14,4,N,ECRS,0
12/21/2025,14,4,N,NSPIN,0.02
12/21/2025,14,4,N,REGDN,0.04
12/21/2025,14,4,N,REGUP,0
12/21/2025,14,4,N,RRS,0
12/21/2025,14,3,N,ECRS,0
12/21/2025,14,3,N,NSPIN,0.02
12/21/2025,14,3,N,REGDN,0
12/21/2025,14,3,N,REGUP,0
12/21/2025,14,3,N,RRS,0
12/21/2025,14,2,N,ECRS,0
12/21/2025,14,2,N,NSPIN,0.02
12/21/2025,14,2,N,REGDN,0.01
12/21/2025,14,2,N,REGUP,0
12/21/2025,14,2,N,RRS,0
12/21/2025,14,1,N,ECRS,0
12/21/2025,14,1,N,NSPIN,0.02
12/21/2025,14,1,N,REGDN,0.08
12/21/2025,14,1,N,REGUP,0
12/21/2025,14,1,N,RRS,0
12/21/2025,15,4,N,ECRS,0
12/21/2025,15,4,N,NSPIN,0.01
12/21/2025,15,4,N,REGDN,0.05
12/21/2025,15,4,N,REGUP,0
12/21/2025,15,4,N,RRS,0
12/21/2025,15,3,N,ECRS,0
12/21/2025,15,3,N,NSPIN,0.01
12/21/2025,15,3,N,REGDN,0.1
12/21/2025,15,3,N,REGUP,0
12/21/2025,15,3,N,RRS,0
12/21/2025,15,2,N,ECRS,0
12/21/2025,15,2,N,NSPIN,0.01
12/21/2025,15,2,N,REGDN,0.07
12/21/2025,15,2,N,REGUP,0
12/21/2025,15,2,N,RRS,0
12/21/2025,15,1,N,ECRS,0
12/21/2025,15,1,N,NSPIN,0.01
12/21/2025,15,1,N,REGDN,0.05
12/21/2025,15,1,N,REGUP,0
12/21/2025,15,1,N,RRS,0
12/21/2025,16,4,N,ECRS,0
12/21/2025,16,4,N,NSPIN,0.01
12/21/2025,16,4,N,REGDN,0.48
12/21/2025,16,4,N,REGUP,0
12/21/2025,16,4,N,RRS,0
12/21/2025,16,3,N,ECRS,0
12/21/2025,16,3,N,NSPIN,0.01
12/21/2025,16,3,N,REGDN,0.19
12/21/2025,16,3,N,REGUP,0.01
12/21/2025,16,3,N,RRS,0
12/21/2025,16,2,N,ECRS,0
12/21/2025,16,2,N,NSPIN,0.01
12/21/2025,16,2,N,REGDN,0.07
12/21/2025,16,2,N,REGUP,0.01
12/21/2025,16,2,N,RRS,0
12/21/2025,16,1,N,ECRS,0
12/21/2025,16,1,N,NSPIN,0.01
12/21/2025,16,1,N,REGDN,0.02
12/21/2025,16,1,N,REGUP,0.01
12/21/2025,16,1,N,RRS,0
12/21/2025,17,4,N,ECRS,0.05
12/21/2025,17,4,N,NSPIN,0.19
12/21/2025,17,4,N,REGDN,0.81
12/21/2025,17,4,N,REGUP,0.01
12/21/2025,17,4,N,RRS,0.03
12/21/2025,17,3,N,ECRS,0.02
12/21/2025,17,3,N,NSPIN,0.07
12/21/2025,17,3,N,REGDN,0.99
12/21/2025,17,3,N,REGUP,0
12/21/2025,17,3,N,RRS,0.01
12/21/2025,17,2,N,ECRS,0.01
12/21/2025,17,2,N,NSPIN,0.02
12/21/2025,17,2,N,REGDN,0.99
12/21/2025,17,2,N,REGUP,0
12/21/2025,17,2,N,RRS,0
12/21/2025,17,1,N,ECRS,0
12/21/2025,17,1,N,NSPIN,0.01
12/21/2025,17,1,N,REGDN,1.03
12/21/2025,17,1,N,REGUP,0
12/21/2025,17,1,N,RRS,0
12/21/2025,18,4,N,ECRS,0.84
12/21/2025,18,4,N,NSPIN,2.59
12/21/2025,18,4,N,REGDN,0.39
12/21/2025,18,4,N,REGUP,0.27
12/21/2025,18,4,N,RRS,0.55
12/21/2025,18,3,N,ECRS,0.76
12/21/2025,18,3,N,NSPIN,2.56
12/21/2025,18,3,N,REGDN,0.08
12/21/2025,18,3,N,REGUP,0.27
12/21/2025,18,3,N,RRS,0.56
12/21/2025,18,2,N,ECRS,0.5
12/21/2025,18,2,N,NSPIN,1.98
12/21/2025,18,2,N,REGDN,0.08
12/21/2025,18,2,N,REGUP,0.02
12/21/2025,18,2,N,RRS,0.26
12/21/2025,18,1,N,ECRS,0.33
12/21/2025,18,1,N,NSPIN,1.33
12/21/2025,18,1,N,REGDN,0.68
12/21/2025,18,1,N,REGUP,0.1
12/21/2025,18,1,N,RRS,0.17
12/21/2025,19,4,N,ECRS,1.07
12/21/2025,19,4,N,NSPIN,4.24
12/21/2025,19,4,N,REGDN,0.38
12/21/2025,19,4,N,REGUP,0
12/21/2025,19,4,N,RRS,0.54
12/21/2025,19,3,N,ECRS,1.09
12/21/2025,19,3,N,NSPIN,4.34
12/21/2025,19,3,N,REGDN,0.08
12/21/2025,19,3,N,REGUP,0
12/21/2025,19,3,N,RRS,0.55
12/21/2025,19,2,N,ECRS,1.03
12/21/2025,19,2,N,NSPIN,4.08
12/21/2025,19,2,N,REGDN,0.39
12/21/2025,19,2,N,REGUP,0
12/21/2025,19,2,N,RRS,0.52
12/21/2025,19,1,N,ECRS,0.98
12/21/2025,19,1,N,NSPIN,3.89
12/21/2025,19,1,N,REGDN,0.03
12/21/2025,19,1,N,REGUP,0
12/21/2025,19,1,N,RRS,0.5
12/21/2025,20,4,N,ECRS,1.22
12/21/2025,20,4,N,NSPIN,4.86
12/21/2025,20,4,N,REGDN,0.26
12/21/2025,20,4,N,REGUP,0
12/21/2025,20,4,N,RRS,0.62
12/21/2025,20,3,N,ECRS,1.13
12/21/2025,20,3,N,NSPIN,4.52
12/21/2025,20,3,N,REGDN,0.01
12/21/2025,20,3,N,REGUP,0
12/21/2025,20,3,N,RRS,0.57
12/21/2025,20,2,N,ECRS,1.14
12/21/2025,20,2,N,NSPIN,4.55
12/21/2025,20,2,N,REGDN,0.31
12/21/2025,20,2,N,REGUP,0
12/21/2025,20,2,N,RRS,0.58
12/21/2025,20,1,N,ECRS,1.15
12/21/2025,20,1,N,NSPIN,4.7
12/21/2025,20,1,N,REGDN,0.33
12/21/2025,20,1,N,REGUP,0
12/21/2025,20,1,N,RRS,0.6
12/21/2025,21,4,N,ECRS,0.26
12/21/2025,21,4,N,NSPIN,1.02
12/21/2025,21,4,N,REGDN,0.31
12/21/2025,21,4,N,REGUP,0
12/21/2025,21,4,N,RRS,0.13
12/21/2025,21,3,N,ECRS,0.27
12/21/2025,21,3,N,NSPIN,1.03
12/21/2025,21,3,N,REGDN,0.28
12/21/2025,21,3,N,REGUP,0
12/21/2025,21,3,N,RRS,0.13
12/21/2025,21,2,N,ECRS,0.28
12/21/2025,21,2,N,NSPIN,1.1
12/21/2025,21,2,N,REGDN,0.14
12/21/2025,21,2,N,REGUP,0
12/21/2025,21,2,N,RRS,0.14
12/21/2025,21,1,N,ECRS,0.35
12/21/2025,21,1,N,NSPIN,1.38
12/21/2025,21,1,N,REGDN,0.01
12/21/2025,21,1,N,REGUP,0
12/21/2025,21,1,N,RRS,0.18
12/21/2025,22,4,N,ECRS,0.21
12/21/2025,22,4,N,NSPIN,1.02
12/21/2025,22,4,N,REGDN,0.22
12/21/2025,22,4,N,REGUP,0
12/21/2025,22,4,N,RRS,0.13
12/21/2025,22,3,N,ECRS,0.2
12/21/2025,22,3,N,NSPIN,1.03
12/21/2025,22,3,N,REGDN,0.29
12/21/2025,22,3,N,REGUP,0
12/21/2025,22,3,N,RRS,0.13
12/21/2025,22,2,N,ECRS,0.19
12/21/2025,22,2,N,NSPIN,1.1
12/21/2025,22,2,N,REGDN,0.05
12/21/2025,22,2,N,REGUP,0
12/21/2025,22,2,N,RRS,0.14
12/21/2025,22,1,N,ECRS,0.17
12/21/2025,22,1,N,NSPIN,1.12
12/21/2025,22,1,N,REGDN,0.05
12/21/2025,22,1,N,REGUP,0
12/21/2025,22,1,N,RRS,0.14
12/21/2025,23,4,N,ECRS,0.2
12/21/2025,23,4,N,NSPIN,0.82
12/21/2025,23,4,N,REGDN,0.22
12/21/2025,23,4,N,REGUP,0
12/21/2025,23,4,N,RRS,0.1
12/21/2025,23,3,N,ECRS,0.2
12/21/2025,23,3,N,NSPIN,0.82
12/21/2025,23,3,N,REGDN,0.3
12/21/2025,23,3,N,REGUP,0
12/21/2025,23,3,N,RRS,0.1
12/21/2025,23,2,N,ECRS,0.21
12/21/2025,23,2,N,NSPIN,0.83
12/21/2025,23,2,N,REGDN,0.06
12/21/2025,23,2,N,REGUP,0
12/21/2025,23,2,N,RRS,0.1
12/21/2025,23,1,N,ECRS,0.16
12/21/2025,23,1,N,NSPIN,0.91
12/21/2025,23,1,N,REGDN,0.06
12/21/2025,23,1,N,REGUP,0
12/21/2025,23,1,N,RRS,0.11
12/21/2025,24,4,N,ECRS,0.06
12/21/2025,24,4,N,NSPIN,0.67
12/21/2025,24,4,N,REGDN,0.35
12/21/2025,24,4,N,REGUP,0
12/21/2025,24,4,N,RRS,0.07
12/21/2025,24,3,N,ECRS,0.15
12/21/2025,24,3,N,NSPIN,0.73
12/21/2025,24,3,N,REGDN,0.31
12/21/2025,24,3,N,REGUP,0
12/21/2025,24,3,N,RRS,0.09
12/21/2025,24,2,N,ECRS,0.2
12/21/2025,24,2,N,NSPIN,0.79
12/21/2025,24,2,N,REGDN,0.3
12/21/2025,24,2,N,REGUP,0
12/21/2025,24,2,N,RRS,0.1
12/21/2025,24,1,N,ECRS,0.19
12/21/2025,24,1,N,NSPIN,0.82
12/21/2025,24,1,N,REGDN,0.24
12/21/2025,24,1,N,REGUP,0
12/21/2025,24,1,N,RRS,0.1
12/22/2025,1,4,N,ECRS,0.06
12/22/2025,1,4,N,NSPIN,0.25
12/22/2025,1,4,N,REGDN,0.3
12/22/2025,1,4,N,REGUP,0
12/22/2025,1,4,N,RRS,0.03
12/22/2025,1,3,N,ECRS,0.06
12/22/2025,1,3,N,NSPIN,0.26
12/22/2025,1,3,N,REGDN,0.27
12/22/2025,1,3,N,REGUP,0
12/22/2025,1,3,N,RRS,0.03
12/22/2025,1,2,N,ECRS,0.08
12/22/2025,1,2,N,NSPIN,0.33
12/22/2025,1,2,N,REGDN,0
12/22/2025,1,2,N,REGUP,0
12/22/2025,1,2,N,RRS,0.04
12/22/2025,1,1,N,ECRS,0.1
12/22/2025,1,1,N,NSPIN,0.42
12/22/2025,1,1,N,REGDN,0.23
12/22/2025,1,1,N,REGUP,0
12/22/2025,1,1,N,RRS,0.05
12/22/2025,2,4,N,ECRS,0.01
12/22/2025,2,4,N,NSPIN,0.25
12/22/2025,2,4,N,REGDN,0.28
12/22/2025,2,4,N,REGUP,0
12/22/2025,2,4,N,RRS,0.02
12/22/2025,2,3,N,ECRS,0.02
12/22/2025,2,3,N,NSPIN,0.25
12/22/2025,2,3,N,REGDN,0.09
12/22/2025,2,3,N,REGUP,0
12/22/2025,2,3,N,RRS,0.02
12/22/2025,2,2,N,ECRS,0.02
12/22/2025,2,2,N,NSPIN,0.25
12/22/2025,2,2,N,REGDN,0.05
12/22/2025,2,2,N,REGUP,0
12/22/2025,2,2,N,RRS,0.02
12/22/2025,2,1,N,ECRS,0.03
12/22/2025,2,1,N,NSPIN,0.25
12/22/2025,2,1,N,REGDN,0.04
12/22/2025,2,1,N,REGUP,0
12/22/2025,2,1,N,RRS,0.03
12/22/2025,3,4,N,ECRS,0.01
12/22/2025,3,4,N,NSPIN,0.22
12/22/2025,3,4,N,REGDN,0.15
12/22/2025,3,4,N,REGUP,0
12/22/2025,3,4,N,RRS,0.03
12/22/2025,3,3,N,ECRS,0.01
12/22/2025,3,3,N,NSPIN,0.25
12/22/2025,3,3,N,REGDN,0.25
12/22/2025,3,3,N,REGUP,0
12/22/2025,3,3,N,RRS,0.03
12/22/2025,3,2,N,ECRS,0.02
12/22/2025,3,2,N,NSPIN,0.25
12/22/2025,3,2,N,REGDN,0.09
12/22/2025,3,2,N,REGUP,0
12/22/2025,3,2,N,RRS,0.03
12/22/2025,3,1,N,ECRS,0.02
12/22/2025,3,1,N,NSPIN,0.25
12/22/2025,3,1,N,REGDN,0.08
12/22/2025,3,1,N,REGUP,0
12/22/2025,3,1,N,RRS,0.03
12/22/2025,4,4,N,ECRS,0.01
12/22/2025,4,4,N,NSPIN,0.21
12/22/2025,4,4,N,REGDN,0.22
12/22/2025,4,4,N,REGUP,0
12/22/2025,4,4,N,RRS,0.03
12/22/2025,4,3,N,ECRS,0.01
12/22/2025,4,3,N,NSPIN,0.23
12/22/2025,4,3,N,REGDN,0.27
12/22/2025,4,3,N,REGUP,0
12/22/2025,4,3,N,RRS,0.03
12/22/2025,4,2,N,ECRS,0.01
12/22/2025,4,2,N,NSPIN,0.25
12/22/2025,4,2,N,REGDN,0.27
12/22/2025,4,2,N,REGUP,0
12/22/2025,4,2,N,RRS,0.03
12/22/2025,4,1,N,ECRS,0.01
12/22/2025,4,1,N,NSPIN,0.25
12/22/2025,4,1,N,REGDN,0.21
12/22/2025,4,1,N,REGUP,0
12/22/2025,4,1,N,RRS,0.03
12/22/2025,5,4,N,ECRS,0.01
12/22/2025,5,4,N,NSPIN,0.19
12/22/2025,5,4,N,REGDN,0.12
12/22/2025,5,4,N,REGUP,0
12/22/2025,5,4,N,RRS,0.01
12/22/2025,5,3,N,ECRS,0.01
12/22/2025,5,3,N,NSPIN,0.19
12/22/2025,5,3,N,REGDN,0.11
12/22/2025,5,3,N,REGUP,0
12/22/2025,5,3,N,RRS,0.01
12/22/2025,5,2,N,ECRS,0.01
12/22/2025,5,2,N,NSPIN,0.18
12/22/2025,5,2,N,REGDN,0.18
12/22/2025,5,2,N,REGUP,0
12/22/2025,5,2,N,RRS,0.01
12/22/2025,5,1,N,ECRS,0.01
12/22/2025,5,1,N,NSPIN,0.22
12/22/2025,5,1,N,REGDN,0.08
12/22/2025,5,1,N,REGUP,0
12/22/2025,5,1,N,RRS,0.01
12/22/2025,6,4,N,ECRS,0.03
12/22/2025,6,4,N,NSPIN,0.25
12/22/2025,6,4,N,REGDN,0.22
12/22/2025,6,4,N,REGUP,0
12/22/2025,6,4,N,RRS,0.02
12/22/2025,6,3,N,ECRS,0.02
12/22/2025,6,3,N,NSPIN,0.25
12/22/2025,6,3,N,REGDN,0.25
12/22/2025,6,3,N,REGUP,0
12/22/2025,6,3,N,RRS,0.02
12/22/2025,6,2,N,ECRS,0.02
12/22/2025,6,2,N,NSPIN,0.25
12/22/2025,6,2,N,REGDN,0.28
12/22/2025,6,2,N,REGUP,0
12/22/2025,6,2,N,RRS,0.02
12/22/2025,6,1,N,ECRS,0.02
12/22/2025,6,1,N,NSPIN,0.25
12/22/2025,6,1,N,REGDN,0.14
12/22/2025,6,1,N,REGUP,0
12/22/2025,6,1,N,RRS,0.02
12/22/2025,7,4,N,ECRS,0.11
12/22/2025,7,4,N,NSPIN,0.42
12/22/2025,7,4,N,REGDN,0.26
12/22/2025,7,4,N,REGUP,0
12/22/2025,7,4,N,RRS,0.05
12/22/2025,7,3,N,ECRS,0.07
12/22/2025,7,3,N,NSPIN,0.27
12/22/2025,7,3,N,REGDN,0.2
12/22/2025,7,3,N,REGUP,0
12/22/2025,7,3,N,RRS,0.03
12/22/2025,7,2,N,ECRS,0.07
12/22/2025,7,2,N,NSPIN,0.3
12/22/2025,7,2,N,REGDN,0.31
12/22/2025,7,2,N,REGUP,0
12/22/2025,7,2,N,RRS,0.04
12/22/2025,7,1,N,ECRS,0.06
12/22/2025,7,1,N,NSPIN,0.26
12/22/2025,7,1,N,REGDN,0.1
12/22/2025,7,1,N,REGUP,0
12/22/2025,7,1,N,RRS,0.03
12/22/2025,8,4,N,ECRS,0.12
12/22/2025,8,4,N,NSPIN,0.48
12/22/2025,8,4,N,REGDN,0.38
12/22/2025,8,4,N,REGUP,0
12/22/2025,8,4,N,RRS,0.06
12/22/2025,8,3,N,ECRS,0.12
12/22/2025,8,3,N,NSPIN,0.47
12/22/2025,8,3,N,REGDN,0.36
12/22/2025,8,3,N,REGUP,0
12/22/2025,8,3,N,RRS,0.06
12/22/2025,8,2,N,ECRS,0.11
12/22/2025,8,2,N,NSPIN,0.43
12/22/2025,8,2,N,REGDN,0.36
12/22/2025,8,2,N,REGUP,0
12/22/2025,8,2,N,RRS,0.05
12/22/2025,8,1,N,ECRS,0.1
12/22/2025,8,1,N,NSPIN,0.43
12/22/2025,8,1,N,REGDN,0.3
12/22/2025,8,1,N,REGUP,0
12/22/2025,8,1,N,RRS,0.06
12/22/2025,9,4,N,ECRS,0.06
12/22/2025,9,4,N,NSPIN,0.25
12/22/2025,9,4,N,REGDN,0.15
12/22/2025,9,4,N,REGUP,0
12/22/2025,9,4,N,RRS,0.03
12/22/2025,9,3,N,ECRS,0.06
12/22/2025,9,3,N,NSPIN,0.26
12/22/2025,9,3,N,REGDN,0
12/22/2025,9,3,N,REGUP,0
12/22/2025,9,3,N,RRS,0.03
12/22/2025,9,2,N,ECRS,0.06
12/22/2025,9,2,N,NSPIN,0.26
12/22/2025,9,2,N,REGDN,0.09
12/22/2025,9,2,N,REGUP,0
12/22/2025,9,2,N,RRS,0.03
12/22/2025,9,1,N,ECRS,0.18
12/22/2025,9,1,N,NSPIN,0.72
12/22/2025,9,1,N,REGDN,0.34
12/22/2025,9,1,N,REGUP,0
12/22/2025,9,1,N,RRS,0.09
12/22/2025,10,4,N,ECRS,0.06
12/22/2025,10,4,N,NSPIN,0.25
12/22/2025,10,4,N,REGDN,0
12/22/2025,10,4,N,REGUP,0
12/22/2025,10,4,N,RRS,0.03
12/22/2025,10,3,N,ECRS,0.06
12/22/2025,10,3,N,NSPIN,0.25
12/22/2025,10,3,N,REGDN,0
12/22/2025,10,3,N,REGUP,0
12/22/2025,10,3,N,RRS,0.03
12/22/2025,10,2,N,ECRS,0.06
12/22/2025,10,2,N,NSPIN,0.25
12/22/2025,10,2,N,REGDN,0
12/22/2025,10,2,N,REGUP,0
12/22/2025,10,2,N,RRS,0.03
12/22/2025,10,1,N,ECRS,0.06
12/22/2025,10,1,N,NSPIN,0.25
12/22/2025,10,1,N,REGDN,0
12/22/2025,10,1,N,REGUP,0
12/22/2025,10,1,N,RRS,0.03
12/22/2025,11,4,N,ECRS,0.06
12/22/2025,11,4,N,NSPIN,0.25
12/22/2025,11,4,N,REGDN,0.46
12/22/2025,11,4,N,REGUP,0
12/22/2025,11,4,N,RRS,0.03
12/22/2025,11,3,N,ECRS,0.06
12/22/2025,11,3,N,NSPIN,0.25
12/22/2025,11,3,N,REGDN,0.16
12/22/2025,11,3,N,REGUP,0
12/22/2025,11,3,N,RRS,0.03
12/22/2025,11,2,N,ECRS,0.06
12/22/2025,11,2,N,NSPIN,0.26
12/22/2025,11,2,N,REGDN,0
12/22/2025,11,2,N,REGUP,0
12/22/2025,11,2,N,RRS,0.03
12/22/2025,11,1,N,ECRS,0.06
12/22/2025,11,1,N,NSPIN,0.25
12/22/2025,11,1,N,REGDN,0
12/22/2025,11,1,N,REGUP,0
12/22/2025,11,1,N,RRS,0.03
12/22/2025,12,4,N,ECRS,0.01
12/22/2025,12,4,N,NSPIN,0.25
12/22/2025,12,4,N,REGDN,0.11
12/22/2025,12,4,N,REGUP,0
12/22/2025,12,4,N,RRS,0.03
12/22/2025,12,3,N,ECRS,0.01
12/22/2025,12,3,N,NSPIN,0.25
12/22/2025,12,3,N,REGDN,0.14
12/22/2025,12,3,N,REGUP,0
12/22/2025,12,3,N,RRS,0.03
12/22/2025,12,2,N,ECRS,0.01
12/22/2025,12,2,N,NSPIN,0.27
12/22/2025,12,2,N,REGDN,0.42
12/22/2025,12,2,N,REGUP,0
12/22/2025,12,2,N,RRS,0.03
12/22/2025,12,1,N,ECRS,0.03
12/22/2025,12,1,N,NSPIN,0.32
12/22/2025,12,1,N,REGDN,0.46
12/22/2025,12,1,N,REGUP,0
12/22/2025,12,1,N,RRS,0.04
12/22/2025,13,4,N,ECRS,0.01
12/22/2025,13,4,N,NSPIN,0.25
12/22/2025,13,4,N,REGDN,0.08
12/22/2025,13,4,N,REGUP,0
12/22/2025,13,4,N,RRS,0.01
12/22/2025,13,3,N,ECRS,0.01
12/22/2025,13,3,N,NSPIN,0.25
12/22/2025,13,3,N,REGDN,0.11
12/22/2025,13,3,N,REGUP,0
12/22/2025,13,3,N,RRS,0.01
12/22/2025,13,2,N,ECRS,0.01
12/22/2025,13,2,N,NSPIN,0.25
12/22/2025,13,2,N,REGDN,0.07
12/22/2025,13,2,N,REGUP,0
12/22/2025,13,2,N,RRS,0.01
12/22/2025,13,1,N,ECRS,0.01
12/22/2025,13,1,N,NSPIN,0.25
12/22/2025,13,1,N,REGDN,0.13
12/22/2025,13,1,N,REGUP,0
12/22/2025,13,1,N,RRS,0.02
12/22/2025,14,4,N,ECRS,0.01
12/22/2025,14,4,N,NSPIN,0.13
12/22/2025,14,4,N,REGDN,0.18
12/22/2025,14,4,N,REGUP,0
12/22/2025,14,4,N,RRS,0.01
12/22/2025,14,3,N,ECRS,0.01
12/22/2025,14,3,N,NSPIN,0.11
12/22/2025,14,3,N,REGDN,0.08
12/22/2025,14,3,N,REGUP,0
12/22/2025,14,3,N,RRS,0.01
12/22/2025,14,2,N,ECRS,0.01
12/22/2025,14,2,N,NSPIN,0.14
12/22/2025,14,2,N,REGDN,0.06
12/22/2025,14,2,N,REGUP,0
12/22/2025,14,2,N,RRS,0.01
12/22/2025,14,1,N,ECRS,0.01
12/22/2025,14,1,N,NSPIN,0.14
12/22/2025,14,1,N,REGDN,0.08
12/22/2025,14,1,N,REGUP,0
12/22/2025,14,1,N,RRS,0.02
12/22/2025,15,4,N,ECRS,0.02
12/22/2025,15,4,N,NSPIN,0.06
12/22/2025,15,4,N,REGDN,0
12/22/2025,15,4,N,REGUP,0
12/22/2025,15,4,N,RRS,0.01
12/22/2025,15,3,N,ECRS,0.01
12/22/2025,15,3,N,NSPIN,0.08
12/22/2025,15,3,N,REGDN,0
12/22/2025,15,3,N,REGUP,0
12/22/2025,15,3,N,RRS,0.01
12/22/2025,15,2,N,ECRS,0.01
12/22/2025,15,2,N,NSPIN,0.07
12/22/2025,15,2,N,REGDN,0.01
12/22/2025,15,2,N,REGUP,0
12/22/2025,15,2,N,RRS,0.01
12/22/2025,15,1,N,ECRS,0.01
12/22/2025,15,1,N,NSPIN,0.07
12/22/2025,15,1,N,REGDN,0.06
12/22/2025,15,1,N,REGUP,0
12/22/2025,15,1,N,RRS,0.01
12/22/2025,16,4,N,ECRS,0.01
12/22/2025,16,4,N,NSPIN,0.02
12/22/2025,16,4,N,REGDN,1.75
12/22/2025,16,4,N,REGUP,0
12/22/2025,16,4,N,RRS,0
12/22/2025,16,3,N,ECRS,0.01
12/22/2025,16,3,N,NSPIN,0.02
12/22/2025,16,3,N,REGDN,0.94
12/22/2025,16,3,N,REGUP,0
12/22/2025,16,3,N,RRS,0
12/22/2025,16,2,N,ECRS,0.01
12/22/2025,16,2,N,NSPIN,0.03
12/22/2025,16,2,N,REGDN,0.07
12/22/2025,16,2,N,REGUP,0
12/22/2025,16,2,N,RRS,0
12/22/2025,16,1,N,ECRS,0.01
12/22/2025,16,1,N,NSPIN,0.04
12/22/2025,16,1,N,REGDN,0
12/22/2025,16,1,N,REGUP,0
12/22/2025,16,1,N,RRS,0.01
12/22/2025,17,4,N,ECRS,0.01
12/22/2025,17,4,N,NSPIN,0.04
12/22/2025,17,4,N,REGDN,0.56
12/22/2025,17,4,N,REGUP,0.02
12/22/2025,17,4,N,RRS,0.01
12/22/2025,17,3,N,ECRS,0
12/22/2025,17,3,N,NSPIN,0.01
12/22/2025,17,3,N,REGDN,0.56
12/22/2025,17,3,N,REGUP,0
12/22/2025,17,3,N,RRS,0
12/22/2025,17,2,N,ECRS,0
12/22/2025,17,2,N,NSPIN,0.01
12/22/2025,17,2,N,REGDN,0.54
12/22/2025,17,2,N,REGUP,0
12/22/2025,17,2,N,RRS,0
12/22/2025,17,1,N,ECRS,0
12/22/2025,17,1,N,NSPIN,0.01
12/22/2025,17,1,N,REGDN,0.73
12/22/2025,17,1,N,REGUP,0
12/22/2025,17,1,N,RRS,0
12/22/2025,18,4,N,ECRS,0.07
12/22/2025,18,4,N,NSPIN,0.27
12/22/2025,18,4,N,REGDN,1.26
12/22/2025,18,4,N,REGUP,0
12/22/2025,18,4,N,RRS,0.04
12/22/2025,18,3,N,ECRS,0.07
12/22/2025,18,3,N,NSPIN,0.25
12/22/2025,18,3,N,REGDN,1.26
12/22/2025,18,3,N,REGUP,0
12/22/2025,18,3,N,RRS,0.04
12/22/2025,18,2,N,ECRS,0.07
12/22/2025,18,2,N,NSPIN,0.25
12/22/2025,18,2,N,REGDN,1.22
12/22/2025,18,2,N,REGUP,0
12/22/2025,18,2,N,RRS,0.04
12/22/2025,18,1,N,ECRS,0.06
12/22/2025,18,1,N,NSPIN,0.22
12/22/2025,18,1,N,REGDN,1.07
12/22/2025,18,1,N,REGUP,0
12/22/2025,18,1,N,RRS,0.03
12/22/2025,19,4,N,ECRS,0.13
12/22/2025,19,4,N,NSPIN,0.52
12/22/2025,19,4,N,REGDN,2.18
12/22/2025,19,4,N,REGUP,0
12/22/2025,19,4,N,RRS,0.07
12/22/2025,19,3,N,ECRS,0.1
12/22/2025,19,3,N,NSPIN,0.41
12/22/2025,19,3,N,REGDN,2.34
12/22/2025,19,3,N,REGUP,0
12/22/2025,19,3,N,RRS,0.05
12/22/2025,19,2,N,ECRS,0.1
12/22/2025,19,2,N,NSPIN,0.39
12/22/2025,19,2,N,REGDN,2.28
12/22/2025,19,2,N,REGUP,0
12/22/2025,19,2,N,RRS,0.05
12/22/2025,19,1,N,ECRS,0.11
12/22/2025,19,1,N,NSPIN,0.45
12/22/2025,19,1,N,REGDN,1.92
12/22/2025,19,1,N,REGUP,0
12/22/2025,19,1,N,RRS,0.06
12/22/2025,20,4,N,ECRS,0.17
12/22/2025,20,4,N,NSPIN,0.67
12/22/2025,20,4,N,REGDN,0.62
12/22/2025,20,4,N,REGUP,0
12/22/2025,20,4,N,RRS,0.08
12/22/2025,20,3,N,ECRS,0.16
12/22/2025,20,3,N,NSPIN,0.67
12/22/2025,20,3,N,REGDN,0.55
12/22/2025,20,3,N,REGUP,0
12/22/2025,20,3,N,RRS,0.09
12/22/2025,20,2,N,ECRS,0.16
12/22/2025,20,2,N,NSPIN,0.62
12/22/2025,20,2,N,REGDN,1.33
12/22/2025,20,2,N,REGUP,0
12/22/2025,20,2,N,RRS,0.08
12/22/2025,20,1,N,ECRS,0.14
12/22/2025,20,1,N,NSPIN,0.54
12/22/2025,20,1,N,REGDN,2.09
12/22/2025,20,1,N,REGUP,0
12/22/2025,20,1,N,RRS,0.07
12/22/2025,21,4,N,ECRS,0.16
12/22/2025,21,4,N,NSPIN,0.62
12/22/2025,21,4,N,REGDN,0.71
12/22/2025,21,4,N,REGUP,0
12/22/2025,21,4,N,RRS,0.08
12/22/2025,21,3,N,ECRS,0.16
12/22/2025,21,3,N,NSPIN,0.62
12/22/2025,21,3,N,REGDN,0.54
12/22/2025,21,3,N,REGUP,0
12/22/2025,21,3,N,RRS,0.08
12/22/2025,21,2,N,ECRS,0.14
12/22/2025,21,2,N,NSPIN,0.57
12/22/2025,21,2,N,REGDN,0.79
12/22/2025,21,2,N,REGUP,0
12/22/2025,21,2,N,RRS,0.07
12/22/2025,21,1,N,ECRS,0.12
12/22/2025,21,1,N,NSPIN,0.62
12/22/2025,21,1,N,REGDN,1.51
12/22/2025,21,1,N,REGUP,0
12/22/2025,21,1,N,RRS,0.08
12/22/2025,22,4,N,ECRS,0.16
12/22/2025,22,4,N,NSPIN,0.64
12/22/2025,22,4,N,REGDN,0.41
12/22/2025,22,4,N,REGUP,0
12/22/2025,22,4,N,RRS,0.08
12/22/2025,22,3,N,ECRS,0.16
12/22/2025,22,3,N,NSPIN,0.64
12/22/2025,22,3,N,REGDN,0.43
12/22/2025,22,3,N,REGUP,0
12/22/2025,22,3,N,RRS,0.08
12/22/2025,22,2,N,ECRS,0.16
12/22/2025,22,2,N,NSPIN,0.63
12/22/2025,22,2,N,REGDN,0.32
12/22/2025,22,2,N,REGUP,0
12/22/2025,22,2,N,RRS,0.08
12/22/2025,22,1,N,ECRS,0.12
12/22/2025,22,1,N,NSPIN,0.64
12/22/2025,22,1,N,REGDN,0.67
12/22/2025,22,1,N,REGUP,0
12/22/2025,22,1,N,RRS,0.08
12/22/2025,23,4,N,ECRS,0
12/22/2025,23,4,N,NSPIN,0.45
12/22/2025,23,4,N,REGDN,0.27
12/22/2025,23,4,N,REGUP,0
12/22/2025,23,4,N,RRS,0.06
12/22/2025,23,3,N,ECRS,0
12/22/2025,23,3,N,NSPIN,0.46
12/22/2025,23,3,N,REGDN,0.37
12/22/2025,23,3,N,REGUP,0
12/22/2025,23,3,N,RRS,0.06
12/22/2025,23,2,N,ECRS,0
12/22/2025,23,2,N,NSPIN,0.46
12/22/2025,23,2,N,REGDN,0.31
12/22/2025,23,2,N,REGUP,0
12/22/2025,23,2,N,RRS,0.06
12/22/2025,23,1,N,ECRS,0.04
12/22/2025,23,1,N,NSPIN,0.41
12/22/2025,23,1,N,REGDN,0.31
12/22/2025,23,1,N,REGUP,0
12/22/2025,23,1,N,RRS,0.05
12/22/2025,24,4,N,ECRS,0.06
12/22/2025,24,4,N,NSPIN,0.26
12/22/2025,24,4,N,REGDN,0.2
12/22/2025,24,4,N,REGUP,0.01
12/22/2025,24,4,N,RRS,0.03
12/22/2025,24,3,N,ECRS,0.06
12/22/2025,24,3,N,NSPIN,0.25
12/22/2025,24,3,N,REGDN,0.2
12/22/2025,24,3,N,REGUP,0.02
12/22/2025,24,3,N,RRS,0.03
12/22/2025,24,2,N,ECRS,0.06
12/22/2025,24,2,N,NSPIN,0.26
12/22/2025,24,2,N,REGDN,0.19
12/22/2025,24,2,N,REGUP,0.03
12/22/2025,24,2,N,RRS,0.03
12/22/2025,24,1,N,ECRS,0.06
12/22/2025,24,1,N,NSPIN,0.25
12/22/2025,24,1,N,REGDN,0.26
12/22/2025,24,1,N,REGUP,0.01
12/22/2025,24,1,N,RRS,0.03
12/23/2025,1,4,N,ECRS,0.06
12/23/2025,1,4,N,NSPIN,0.25
12/23/2025,1,4,N,REGDN,0.27
12/23/2025,1,4,N,REGUP,0
12/23/2025,1,4,N,RRS,0.03
12/23/2025,1,3,N,ECRS,0.06
12/23/2025,1,3,N,NSPIN,0.25
12/23/2025,1,3,N,REGDN,0.29
12/23/2025,1,3,N,REGUP,0
12/23/2025,1,3,N,RRS,0.03
12/23/2025,1,2,N,ECRS,0.06
12/23/2025,1,2,N,NSPIN,0.25
12/23/2025,1,2,N,REGDN,0.29
12/23/2025,1,2,N,REGUP,0
12/23/2025,1,2,N,RRS,0.03
12/23/2025,1,1,N,ECRS,0.06
12/23/2025,1,1,N,NSPIN,0.25
12/23/2025,1,1,N,REGDN,0.34
12/23/2025,1,1,N,REGUP,0.01
12/23/2025,1,1,N,RRS,0.03
12/23/2025,2,4,N,ECRS,0.01
12/23/2025,2,4,N,NSPIN,0.22
12/23/2025,2,4,N,REGDN,0.5
12/23/2025,2,4,N,REGUP,0
12/23/2025,2,4,N,RRS,0.03
12/23/2025,2,3,N,ECRS,0.01
12/23/2025,2,3,N,NSPIN,0.23
12/23/2025,2,3,N,REGDN,0.38
12/23/2025,2,3,N,REGUP,0
12/23/2025,2,3,N,RRS,0.03
12/23/2025,2,2,N,ECRS,0.02
12/23/2025,2,2,N,NSPIN,0.25
12/23/2025,2,2,N,REGDN,0.37
12/23/2025,2,2,N,REGUP,0
12/23/2025,2,2,N,RRS,0.03
12/23/2025,2,1,N,ECRS,0.02
12/23/2025,2,1,N,NSPIN,0.25
12/23/2025,2,1,N,REGDN,0.36
12/23/2025,2,1,N,REGUP,0
12/23/2025,2,1,N,RRS,0.03
12/23/2025,3,4,N,ECRS,0.02
12/23/2025,3,4,N,NSPIN,0.17
12/23/2025,3,4,N,REGDN,0.36
12/23/2025,3,4,N,REGUP,0
12/23/2025,3,4,N,RRS,0.01
12/23/2025,3,3,N,ECRS,0.01
12/23/2025,3,3,N,NSPIN,0.18
12/23/2025,3,3,N,REGDN,0.2
12/23/2025,3,3,N,REGUP,0
12/23/2025,3,3,N,RRS,0.01
12/23/2025,3,2,N,ECRS,0.01
12/23/2025,3,2,N,NSPIN,0.19
12/23/2025,3,2,N,REGDN,0.32
12/23/2025,3,2,N,REGUP,0
12/23/2025,3,2,N,RRS,0.01
12/23/2025,3,1,N,ECRS,0.01
12/23/2025,3,1,N,NSPIN,0.21
12/23/2025,3,1,N,REGDN,0.4
12/23/2025,3,1,N,REGUP,0
12/23/2025,3,1,N,RRS,0.01
12/23/2025,4,4,N,ECRS,0.01
12/23/2025,4,4,N,NSPIN,0.12
12/23/2025,4,4,N,REGDN,0.18
12/23/2025,4,4,N,REGUP,0
12/23/2025,4,4,N,RRS,0.01
12/23/2025,4,3,N,ECRS,0.03
12/23/2025,4,3,N,NSPIN,0.12
12/23/2025,4,3,N,REGDN,0.2
12/23/2025,4,3,N,REGUP,0
12/23/2025,4,3,N,RRS,0.02
12/23/2025,4,2,N,ECRS,0.03
12/23/2025,4,2,N,NSPIN,0.13
12/23/2025,4,2,N,REGDN,0.11
12/23/2025,4,2,N,REGUP,0
12/23/2025,4,2,N,RRS,0.02
12/23/2025,4,1,N,ECRS,0.03
12/23/2025,4,1,N,NSPIN,0.14
12/23/2025,4,1,N,REGDN,0.1
12/23/2025,4,1,N,REGUP,0
12/23/2025,4,1,N,RRS,0.02
12/23/2025,5,4,N,ECRS,0.01
12/23/2025,5,4,N,NSPIN,0.1
12/23/2025,5,4,N,REGDN,0.29
12/23/2025,5,4,N,REGUP,0
12/23/2025,5,4,N,RRS,0.01
12/23/2025,5,3,N,ECRS,0.01
12/23/2025,5,3,N,NSPIN,0.1
12/23/2025,5,3,N,REGDN,0.49
12/23/2025,5,3,N,REGUP,0
12/23/2025,5,3,N,RRS,0.01
12/23/2025,5,2,N,ECRS,0.01
12/23/2025,5,2,N,NSPIN,0.11
12/23/2025,5,2,N,REGDN,0.33
12/23/2025,5,2,N,REGUP,0
12/23/2025,5,2,N,RRS,0.01
12/23/2025,5,1,N,ECRS,0.01
12/23/2025,5,1,N,NSPIN,0.11
12/23/2025,5,1,N,REGDN,0.26
12/23/2025,5,1,N,REGUP,0
12/23/2025,5,1,N,RRS,0.01
12/23/2025,6,4,N,ECRS,0.01
12/23/2025,6,4,N,NSPIN,0.13
12/23/2025,6,4,N,REGDN,0.48
12/23/2025,6,4,N,REGUP,0
12/23/2025,6,4,N,RRS,0.02
12/23/2025,6,3,N,ECRS,0.01
12/23/2025,6,3,N,NSPIN,0.12
12/23/2025,6,3,N,REGDN,0.36
12/23/2025,6,3,N,REGUP,0
12/23/2025,6,3,N,RRS,0.02
12/23/2025,6,2,N,ECRS,0.01
12/23/2025,6,2,N,NSPIN,0.12
12/23/2025,6,2,N,REGDN,0.38
12/23/2025,6,2,N,REGUP,0
12/23/2025,6,2,N,RRS,0.02
12/23/2025,6,1,N,ECRS,0.01
12/23/2025,6,1,N,NSPIN,0.11
12/23/2025,6,1,N,REGDN,0.43
12/23/2025,6,1,N,REGUP,0
12/23/2025,6,1,N,RRS,0.01
12/23/2025,7,4,N,ECRS,0.06
12/23/2025,7,4,N,NSPIN,0.25
12/23/2025,7,4,N,REGDN,0.28
12/23/2025,7,4,N,REGUP,0
12/23/2025,7,4,N,RRS,0.03
12/23/2025,7,3,N,ECRS,0.06
12/23/2025,7,3,N,NSPIN,0.23
12/23/2025,7,3,N,REGDN,0.28
12/23/2025,7,3,N,REGUP,0
12/23/2025,7,3,N,RRS,0.03
12/23/2025,7,2,N,ECRS,0.04
12/23/2025,7,2,N,NSPIN,0.19
12/23/2025,7,2,N,REGDN,0.37
12/23/2025,7,2,N,REGUP,0
12/23/2025,7,2,N,RRS,0.03
12/23/2025,7,1,N,ECRS,0.02
12/23/2025,7,1,N,NSPIN,0.17
12/23/2025,7,1,N,REGDN,0.44
12/23/2025,7,1,N,REGUP,0
12/23/2025,7,1,N,RRS,0.02
12/23/2025,8,4,N,ECRS,0.08
12/23/2025,8,4,N,NSPIN,0.33
12/23/2025,8,4,N,REGDN,0
12/23/2025,8,4,N,REGUP,0
12/23/2025,8,4,N,RRS,0.04
12/23/2025,8,3,N,ECRS,0.07
12/23/2025,8,3,N,NSPIN,0.28
12/23/2025,8,3,N,REGDN,0.01
12/23/2025,8,3,N,REGUP,0
12/23/2025,8,3,N,RRS,0.04
12/23/2025,8,2,N,ECRS,0.06
12/23/2025,8,2,N,NSPIN,0.25
12/23/2025,8,2,N,REGDN,0.01
12/23/2025,8,2,N,REGUP,0
12/23/2025,8,2,N,RRS,0.03
12/23/2025,8,1,N,ECRS,0.06
12/23/2025,8,1,N,NSPIN,0.25
12/23/2025,8,1,N,REGDN,0.02
12/23/2025,8,1,N,REGUP,0
12/23/2025,8,1,N,RRS,0.03
12/23/2025,9,4,N,ECRS,0.06
12/23/2025,9,4,N,NSPIN,0.25
12/23/2025,9,4,N,REGDN,0.52
12/23/2025,9,4,N,REGUP,0
12/23/2025,9,4,N,RRS,0.03
12/23/2025,9,3,N,ECRS,0.06
12/23/2025,9,3,N,NSPIN,0.25
12/23/2025,9,3,N,REGDN,0.16
12/23/2025,9,3,N,REGUP,0
12/23/2025,9,3,N,RRS,0.03
12/23/2025,9,2,N,ECRS,0.06
12/23/2025,9,2,N,NSPIN,0.25
12/23/2025,9,2,N,REGDN,0.02
12/23/2025,9,2,N,REGUP,0
12/23/2025,9,2,N,RRS,0.03
12/23/2025,9,1,N,ECRS,0.07
12/23/2025,9,1,N,NSPIN,0.28
12/23/2025,9,1,N,REGDN,0.33
12/23/2025,9,1,N,REGUP,0
12/23/2025,9,1,N,RRS,0.04
12/23/2025,10,4,N,ECRS,0.05
12/23/2025,10,4,N,NSPIN,0.21
12/23/2025,10,4,N,REGDN,0.3
12/23/2025,10,4,N,REGUP,0
12/23/2025,10,4,N,RRS,0.03
12/23/2025,10,3,N,ECRS,0.06
12/23/2025,10,3,N,NSPIN,0.24
12/23/2025,10,3,N,REGDN,0.19
12/23/2025,10,3,N,REGUP,0
12/23/2025,10,3,N,RRS,0.03
12/23/2025,10,2,N,ECRS,0.06
12/23/2025,10,2,N,NSPIN,0.25
12/23/2025,10,2,N,REGDN,0.21
12/23/2025,10,2,N,REGUP,0
12/23/2025,10,2,N,RRS,0.03
12/23/2025,10,1,N,ECRS,0.06
12/23/2025,10,1,N,NSPIN,0.23
12/23/2025,10,1,N,REGDN,0.02
12/23/2025,10,1,N,REGUP,0
12/23/2025,10,1,N,RRS,0.03
12/23/2025,11,4,N,ECRS,0.05
12/23/2025,11,4,N,NSPIN,0.2
12/23/2025,11,4,N,REGDN,0.08
12/23/2025,11,4,N,REGUP,0
12/23/2025,11,4,N,RRS,0.02
12/23/2025,11,3,N,ECRS,0.05
12/23/2025,11,3,N,NSPIN,0.21
12/23/2025,11,3,N,REGDN,0.06
12/23/2025,11,3,N,REGUP,0
12/23/2025,11,3,N,RRS,0.03
12/23/2025,11,2,N,ECRS,0.05
12/23/2025,11,2,N,NSPIN,0.21
12/23/2025,11,2,N,REGDN,0.16
12/23/2025,11,2,N,REGUP,0
12/23/2025,11,2,N,RRS,0.03
12/23/2025,11,1,N,ECRS,0.06
12/23/2025,11,1,N,NSPIN,0.22
12/23/2025,11,1,N,REGDN,0.11
12/23/2025,11,1,N,REGUP,0
12/23/2025,11,1,N,RRS,0.03
12/23/2025,12,4,N,ECRS,0.02
12/23/2025,12,4,N,NSPIN,0.23
12/23/2025,12,4,N,REGDN,0.13
12/23/2025,12,4,N,REGUP,0.01
12/23/2025,12,4,N,RRS,0.02
12/23/2025,12,3,N,ECRS,0.02
12/23/2025,12,3,N,NSPIN,0.25
12/23/2025,12,3,N,REGDN,0.19
12/23/2025,12,3,N,REGUP,0.04
12/23/2025,12,3,N,RRS,0.02
12/23/2025,12,2,N,ECRS,0.03
12/23/2025,12,2,N,NSPIN,0.24
12/23/2025,12,2,N,REGDN,0.04
12/23/2025,12,2,N,REGUP,0
12/23/2025,12,2,N,RRS,0.02
12/23/2025,12,1,N,ECRS,0.02
12/23/2025,12,1,N,NSPIN,0.25
12/23/2025,12,1,N,REGDN,0.05
12/23/2025,12,1,N,REGUP,0
12/23/2025,12,1,N,RRS,0.02
12/23/2025,13,4,N,ECRS,0.03
12/23/2025,13,4,N,NSPIN,0.24
12/23/2025,13,4,N,REGDN,0.05
12/23/2025,13,4,N,REGUP,0
12/23/2025,13,4,N,RRS,0.03
12/23/2025,13,3,N,ECRS,0.03
12/23/2025,13,3,N,NSPIN,0.22
12/23/2025,13,3,N,REGDN,0.04
12/23/2025,13,3,N,REGUP,0
12/23/2025,13,3,N,RRS,0.03
12/23/2025,13,2,N,ECRS,0.03
12/23/2025,13,2,N,NSPIN,0.23
12/23/2025,13,2,N,REGDN,0.03
12/23/2025,13,2,N,REGUP,0
12/23/2025,13,2,N,RRS,0.03
12/23/2025,13,1,N,ECRS,0.03
12/23/2025,13,1,N,NSPIN,0.23
12/23/2025,13,1,N,REGDN,0.01
12/23/2025,13,1,N,REGUP,0.01
12/23/2025,13,1,N,RRS,0.03
12/23/2025,14,4,N,ECRS,0.04
12/23/2025,14,4,N,NSPIN,0.16
12/23/2025,14,4,N,REGDN,0.01
12/23/2025,14,4,N,REGUP,0.01
12/23/2025,14,4,N,RRS,0.02
12/23/2025,14,3,N,ECRS,0.04
12/23/2025,14,3,N,NSPIN,0.15
12/23/2025,14,3,N,REGDN,0.01
12/23/2025,14,3,N,REGUP,0
12/23/2025,14,3,N,RRS,0.02
12/23/2025,14,2,N,ECRS,0.04
12/23/2025,14,2,N,NSPIN,0.14
12/23/2025,14,2,N,REGDN,0.02
12/23/2025,14,2,N,REGUP,0
12/23/2025,14,2,N,RRS,0.02
12/23/2025,14,1,N,ECRS,0.04
12/23/2025,14,1,N,NSPIN,0.15
12/23/2025,14,1,N,REGDN,0.02
12/23/2025,14,1,N,REGUP,0.01
12/23/2025,14,1,N,RRS,0.02
12/23/2025,15,4,N,ECRS,0.03
12/23/2025,15,4,N,NSPIN,0.13
12/23/2025,15,4,N,REGDN,0.01
12/23/2025,15,4,N,REGUP,0.01
12/23/2025,15,4,N,RRS,0.02
12/23/2025,15,3,N,ECRS,0.03
12/23/2025,15,3,N,NSPIN,0.13
12/23/2025,15,3,N,REGDN,0
12/23/2025,15,3,N,REGUP,0.02
12/23/2025,15,3,N,RRS,0.02
12/23/2025,15,2,N,ECRS,0.03
12/23/2025,15,2,N,NSPIN,0.13
12/23/2025,15,2,N,REGDN,0
12/23/2025,15,2,N,REGUP,0.01
12/23/2025,15,2,N,RRS,0.02
12/23/2025,15,1,N,ECRS,0.03
12/23/2025,15,1,N,NSPIN,0.12
12/23/2025,15,1,N,REGDN,0.02
12/23/2025,15,1,N,REGUP,0.04
12/23/2025,15,1,N,RRS,0.02
12/23/2025,16,4,N,ECRS,0.02
12/23/2025,16,4,N,NSPIN,0.09
12/23/2025,16,4,N,REGDN,0.14
12/23/2025,16,4,N,REGUP,0.09
12/23/2025,16,4,N,RRS,0.01
12/23/2025,16,3,N,ECRS,0.03
12/23/2025,16,3,N,NSPIN,0.11
12/23/2025,16,3,N,REGDN,0.12
12/23/2025,16,3,N,REGUP,0.01
12/23/2025,16,3,N,RRS,0.01
12/23/2025,16,2,N,ECRS,0.03
12/23/2025,16,2,N,NSPIN,0.11
12/23/2025,16,2,N,REGDN,0.07
12/23/2025,16,2,N,REGUP,0.01
12/23/2025,16,2,N,RRS,0.01
12/23/2025,16,1,N,ECRS,0.03
12/23/2025,16,1,N,NSPIN,0.12
12/23/2025,16,1,N,REGDN,0.02
12/23/2025,16,1,N,REGUP,0.01
12/23/2025,16,1,N,RRS,0.02
12/23/2025,17,4,N,ECRS,0.23
12/23/2025,17,4,N,NSPIN,0.37
12/23/2025,17,4,N,REGDN,0.1
12/23/2025,17,4,N,REGUP,0.65
12/23/2025,17,4,N,RRS,0.2
12/23/2025,17,3,N,ECRS,0.06
12/23/2025,17,3,N,NSPIN,0.22
12/23/2025,17,3,N,REGDN,0.12
12/23/2025,17,3,N,REGUP,0.46
12/23/2025,17,3,N,RRS,0.03
12/23/2025,17,2,N,ECRS,0.02
12/23/2025,17,2,N,NSPIN,0.08
12/23/2025,17,2,N,REGDN,0.19
12/23/2025,17,2,N,REGUP,0.12
12/23/2025,17,2,N,RRS,0.01
12/23/2025,17,1,N,ECRS,0.02
12/23/2025,17,1,N,NSPIN,0.06
12/23/2025,17,1,N,REGDN,0.1
12/23/2025,17,1,N,REGUP,0.03
12/23/2025,17,1,N,RRS,0.01
12/23/2025,18,4,N,ECRS,13.67
12/23/2025,18,4,N,NSPIN,13.67
12/23/2025,18,4,N,REGDN,0.03
12/23/2025,18,4,N,REGUP,19
12/23/2025,18,4,N,RRS,17
12/23/2025,18,3,N,ECRS,13.55
12/23/2025,18,3,N,NSPIN,13.55
12/23/2025,18,3,N,REGDN,0
12/23/2025,18,3,N,REGUP,12.76
12/23/2025,18,3,N,RRS,13.55
12/23/2025,18,2,N,ECRS,7.08
12/23/2025,18,2,N,NSPIN,7.08
12/23/2025,18,2,N,REGDN,0
12/23/2025,18,2,N,REGUP,4.94
12/23/2025,18,2,N,RRS,7.08
12/23/2025,18,1,N,ECRS,1.56
12/23/2025,18,1,N,NSPIN,1.56
12/23/2025,18,1,N,REGDN,0.59
12/23/2025,18,1,N,REGUP,0.02
12/23/2025,18,1,N,RRS,1.55
12/23/2025,19,4,N,ECRS,0.97
12/23/2025,19,4,N,NSPIN,3.89
12/23/2025,19,4,N,REGDN,0
12/23/2025,19,4,N,REGUP,0
12/23/2025,19,4,N,RRS,0.49
12/23/2025,19,3,N,ECRS,1.1
12/23/2025,19,3,N,NSPIN,3.88
12/23/2025,19,3,N,REGDN,0
12/23/2025,19,3,N,REGUP,0
12/23/2025,19,3,N,RRS,0.56
12/23/2025,19,2,N,ECRS,0.99
12/23/2025,19,2,N,NSPIN,3.81
12/23/2025,19,2,N,REGDN,0
12/23/2025,19,2,N,REGUP,0
12/23/2025,19,2,N,RRS,0.5
12/23/2025,19,1,N,ECRS,1.92
12/23/2025,19,1,N,NSPIN,3.76
12/23/2025,19,1,N,REGDN,0.01
12/23/2025,19,1,N,REGUP,1.1
12/23/2025,19,1,N,RRS,1.62
12/23/2025,20,4,N,ECRS,0.67
12/23/2025,20,4,N,NSPIN,2.65
12/23/2025,20,4,N,REGDN,1.31
12/23/2025,20,4,N,REGUP,0
12/23/2025,20,4,N,RRS,0.33
12/23/2025,20,3,N,ECRS,0.76
12/23/2025,20,3,N,NSPIN,2.99
12/23/2025,20,3,N,REGDN,0
12/23/2025,20,3,N,REGUP,0
12/23/2025,20,3,N,RRS,0.38
12/23/2025,20,2,N,ECRS,0.76
12/23/2025,20,2,N,NSPIN,3
12/23/2025,20,2,N,REGDN,0
12/23/2025,20,2,N,REGUP,0
12/23/2025,20,2,N,RRS,0.38
12/23/2025,20,1,N,ECRS,0.8
12/23/2025,20,1,N,NSPIN,3.16
12/23/2025,20,1,N,REGDN,0
12/23/2025,20,1,N,REGUP,0
12/23/2025,20,1,N,RRS,0.4
12/23/2025,21,4,N,ECRS,0.49
12/23/2025,21,4,N,NSPIN,1.94
12/23/2025,21,4,N,REGDN,0.11
12/23/2025,21,4,N,REGUP,0.04
12/23/2025,21,4,N,RRS,0.24
12/23/2025,21,3,N,ECRS,0.49
12/23/2025,21,3,N,NSPIN,1.95
12/23/2025,21,3,N,REGDN,0.11
12/23/2025,21,3,N,REGUP,0.02
12/23/2025,21,3,N,RRS,0.25
12/23/2025,21,2,N,ECRS,0.5
12/23/2025,21,2,N,NSPIN,1.99
12/23/2025,21,2,N,REGDN,0.32
12/23/2025,21,2,N,REGUP,0
12/23/2025,21,2,N,RRS,0.25
12/23/2025,21,1,N,ECRS,0.51
12/23/2025,21,1,N,NSPIN,2.02
12/23/2025,21,1,N,REGDN,0.34
12/23/2025,21,1,N,REGUP,0
12/23/2025,21,1,N,RRS,0.25
12/23/2025,22,4,N,ECRS,0.49
12/23/2025,22,4,N,NSPIN,1.97
12/23/2025,22,4,N,REGDN,0.28
12/23/2025,22,4,N,REGUP,0
12/23/2025,22,4,N,RRS,0.25
12/23/2025,22,3,N,ECRS,0.48
12/23/2025,22,3,N,NSPIN,1.91
12/23/2025,22,3,N,REGDN,0.1
12/23/2025,22,3,N,REGUP,0
12/23/2025,22,3,N,RRS,0.24
12/23/2025,22,2,N,ECRS,0.49
12/23/2025,22,2,N,NSPIN,1.94
12/23/2025,22,2,N,REGDN,0
12/23/2025,22,2,N,REGUP,0
12/23/2025,22,2,N,RRS,0.24
12/23/2025,22,1,N,ECRS,0.45
12/23/2025,22,1,N,NSPIN,1.79
12/23/2025,22,1,N,REGDN,0
12/23/2025,22,1,N,REGUP,0
12/23/2025,22,1,N,RRS,0.22
12/23/2025,23,4,N,ECRS,0.26
12/23/2025,23,4,N,NSPIN,1.03
12/23/2025,23,4,N,REGDN,0
12/23/2025,23,4,N,REGUP,0
12/23/2025,23,4,N,RRS,0.13
12/23/2025,23,3,N,ECRS,0.26
12/23/2025,23,3,N,NSPIN,1.04
12/23/2025,23,3,N,REGDN,0
12/23/2025,23,3,N,REGUP,0
12/23/2025,23,3,N,RRS,0.13
12/23/2025,23,2,N,ECRS,0.26
12/23/2025,23,2,N,NSPIN,1.04
12/23/2025,23,2,N,REGDN,0
12/23/2025,23,2,N,REGUP,0
12/23/2025,23,2,N,RRS,0.13
12/23/2025,23,1,N,ECRS,0.26
12/23/2025,23,1,N,NSPIN,1.06
12/23/2025,23,1,N,REGDN,0.23
12/23/2025,23,1,N,REGUP,0
12/23/2025,23,1,N,RRS,0.13
12/23/2025,24,4,N,ECRS,0.01
12/23/2025,24,4,N,NSPIN,0.63
12/23/2025,24,4,N,REGDN,0
12/23/2025,24,4,N,REGUP,0
12/23/2025,24,4,N,RRS,0.07
12/23/2025,24,3,N,ECRS,0.06
12/23/2025,24,3,N,NSPIN,0.74
12/23/2025,24,3,N,REGDN,0
12/23/2025,24,3,N,REGUP,0.01
12/23/2025,24,3,N,RRS,0.09
12/23/2025,24,2,N,ECRS,0.02
12/23/2025,24,2,N,NSPIN,0.84
12/23/2025,24,2,N,REGDN,0
12/23/2025,24,2,N,REGUP,0.03
12/23/2025,24,2,N,RRS,0.1
12/23/2025,24,1,N,ECRS,0.19
12/23/2025,24,1,N,NSPIN,1.01
12/23/2025,24,1,N,REGDN,0
12/23/2025,24,1,N,REGUP,0.07
12/23/2025,24,1,N,RRS,0.13
12/24/2025,1,4,N,ECRS,0.13
12/24/2025,1,4,N,NSPIN,0.51
12/24/2025,1,4,N,REGDN,0.02
12/24/2025,1,4,N,REGUP,0
12/24/2025,1,4,N,RRS,0.02
12/24/2025,1,3,N,ECRS,0.12
12/24/2025,1,3,N,NSPIN,0.66
12/24/2025,1,3,N,REGDN,0.01
12/24/2025,1,3,N,REGUP,0
12/24/2025,1,3,N,RRS,0.04
12/24/2025,1,2,N,ECRS,0.11
12/24/2025,1,2,N,NSPIN,0.78
12/24/2025,1,2,N,REGDN,0.01
12/24/2025,1,2,N,REGUP,0
12/24/2025,1,2,N,RRS,0.05
12/24/2025,1,1,N,ECRS,0.13
12/24/2025,1,1,N,NSPIN,0.75
12/24/2025,1,1,N,REGDN,0
12/24/2025,1,1,N,REGUP,0
12/24/2025,1,1,N,RRS,0.06
12/24/2025,2,4,N,ECRS,0.1
12/24/2025,2,4,N,NSPIN,0.43
12/24/2025,2,4,N,REGDN,0.01
12/24/2025,2,4,N,REGUP,0.01
12/24/2025,2,4,N,RRS,0.05
12/24/2025,2,3,N,ECRS,0.11
12/24/2025,2,3,N,NSPIN,0.51
12/24/2025,2,3,N,REGDN,0
12/24/2025,2,3,N,REGUP,0
12/24/2025,2,3,N,RRS,0.06
12/24/2025,2,2,N,ECRS,0.12
12/24/2025,2,2,N,NSPIN,0.58
12/24/2025,2,2,N,REGDN,0
12/24/2025,2,2,N,REGUP,0
12/24/2025,2,2,N,RRS,0.07
12/24/2025,2,1,N,ECRS,0.16
12/24/2025,2,1,N,NSPIN,0.66
12/24/2025,2,1,N,REGDN,0
12/24/2025,2,1,N,REGUP,0.02
12/24/2025,2,1,N,RRS,0.08
12/24/2025,3,4,N,ECRS,0.06
12/24/2025,3,4,N,NSPIN,0.25
12/24/2025,3,4,N,REGDN,0.12
12/24/2025,3,4,N,REGUP,0.03
12/24/2025,3,4,N,RRS,0.03
12/24/2025,3,3,N,ECRS,0.06
12/24/2025,3,3,N,NSPIN,0.25
12/24/2025,3,3,N,REGDN,0.02
12/24/2025,3,3,N,REGUP,0.03
12/24/2025,3,3,N,RRS,0.03
12/24/2025,3,2,N,ECRS,0.06
12/24/2025,3,2,N,NSPIN,0.25
12/24/2025,3,2,N,REGDN,0.08
12/24/2025,3,2,N,REGUP,0.03
12/24/2025,3,2,N,RRS,0.03
12/24/2025,3,1,N,ECRS,0.06
12/24/2025,3,1,N,NSPIN,0.25
12/24/2025,3,1,N,REGDN,0.25
12/24/2025,3,1,N,REGUP,0.03
12/24/2025,3,1,N,RRS,0.03
12/24/2025,4,4,N,ECRS,0.02
12/24/2025,4,4,N,NSPIN,0.23
12/24/2025,4,4,N,REGDN,0.22
12/24/2025,4,4,N,REGUP,0.03
12/24/2025,4,4,N,RRS,0.03
12/24/2025,4,3,N,ECRS,0.03
12/24/2025,4,3,N,NSPIN,0.23
12/24/2025,4,3,N,REGDN,0.31
12/24/2025,4,3,N,REGUP,0.03
12/24/2025,4,3,N,RRS,0.03
12/24/2025,4,2,N,ECRS,0.03
12/24/2025,4,2,N,NSPIN,0.23
12/24/2025,4,2,N,REGDN,0.61
12/24/2025,4,2,N,REGUP,0.03
12/24/2025,4,2,N,RRS,0.03
12/24/2025,4,1,N,ECRS,0.03
12/24/2025,4,1,N,NSPIN,0.25
12/24/2025,4,1,N,REGDN,0.57
12/24/2025,4,1,N,REGUP,0.03
12/24/2025,4,1,N,RRS,0.03
12/24/2025,5,4,N,ECRS,0.01
12/24/2025,5,4,N,NSPIN,0.24
12/24/2025,5,4,N,REGDN,0.28
12/24/2025,5,4,N,REGUP,0
12/24/2025,5,4,N,RRS,0.01
12/24/2025,5,3,N,ECRS,0.01
12/24/2025,5,3,N,NSPIN,0.23
12/24/2025,5,3,N,REGDN,0.32
12/24/2025,5,3,N,REGUP,0.01
12/24/2025,5,3,N,RRS,0.01
12/24/2025,5,2,N,ECRS,0.01
12/24/2025,5,2,N,NSPIN,0.24
12/24/2025,5,2,N,REGDN,0.27
12/24/2025,5,2,N,REGUP,0.01
12/24/2025,5,2,N,RRS,0.01
12/24/2025,5,1,N,ECRS,0.01
12/24/2025,5,1,N,NSPIN,0.23
12/24/2025,5,1,N,REGDN,0.22
12/24/2025,5,1,N,REGUP,0.02
12/24/2025,5,1,N,RRS,0.01
12/24/2025,6,4,N,ECRS,0.02
12/24/2025,6,4,N,NSPIN,0.25
12/24/2025,6,4,N,REGDN,0.59
12/24/2025,6,4,N,REGUP,0
12/24/2025,6,4,N,RRS,0.02
12/24/2025,6,3,N,ECRS,0.02
12/24/2025,6,3,N,NSPIN,0.25
12/24/2025,6,3,N,REGDN,0.51
12/24/2025,6,3,N,REGUP,0
12/24/2025,6,3,N,RRS,0.02
12/24/2025,6,2,N,ECRS,0.02
12/24/2025,6,2,N,NSPIN,0.25
12/24/2025,6,2,N,REGDN,0.48
12/24/2025,6,2,N,REGUP,0
12/24/2025,6,2,N,RRS,0.02
12/24/2025,6,1,N,ECRS,0.03
12/24/2025,6,1,N,NSPIN,0.25
12/24/2025,6,1,N,REGDN,0.43
12/24/2025,6,1,N,REGUP,0
12/24/2025,6,1,N,RRS,0.03
12/24/2025,7,4,N,ECRS,0.03
12/24/2025,7,4,N,NSPIN,0.25
12/24/2025,7,4,N,REGDN,0.53
12/24/2025,7,4,N,REGUP,0
12/24/2025,7,4,N,RRS,0.03
12/24/2025,7,3,N,ECRS,0.03
12/24/2025,7,3,N,NSPIN,0.25
12/24/2025,7,3,N,REGDN,0.94
12/24/2025,7,3,N,REGUP,0
12/24/2025,7,3,N,RRS,0.03
12/24/2025,7,2,N,ECRS,0.03
12/24/2025,7,2,N,NSPIN,0.25
12/24/2025,7,2,N,REGDN,0.58
12/24/2025,7,2,N,REGUP,0
12/24/2025,7,2,N,RRS,0.03
12/24/2025,7,1,N,ECRS,0.03
12/24/2025,7,1,N,NSPIN,0.25
12/24/2025,7,1,N,REGDN,0.58
12/24/2025,7,1,N,REGUP,0
12/24/2025,7,1,N,RRS,0.03
12/24/2025,8,4,N,ECRS,0.03
12/24/2025,8,4,N,NSPIN,0.25
12/24/2025,8,4,N,REGDN,0.08
12/24/2025,8,4,N,REGUP,0
12/24/2025,8,4,N,RRS,0.03
12/24/2025,8,3,N,ECRS,0.03
12/24/2025,8,3,N,NSPIN,0.25
12/24/2025,8,3,N,REGDN,0.21
12/24/2025,8,3,N,REGUP,0
12/24/2025,8,3,N,RRS,0.03
12/24/2025,8,2,N,ECRS,0.03
12/24/2025,8,2,N,NSPIN,0.25
12/24/2025,8,2,N,REGDN,0.33
12/24/2025,8,2,N,REGUP,0
12/24/2025,8,2,N,RRS,0.03
12/24/2025,8,1,N,ECRS,0.03
12/24/2025,8,1,N,NSPIN,0.25
12/24/2025,8,1,N,REGDN,0.3
12/24/2025,8,1,N,REGUP,0
12/24/2025,8,1,N,RRS,0.03
12/24/2025,9,4,N,ECRS,0.06
12/24/2025,9,4,N,NSPIN,0.25
12/24/2025,9,4,N,REGDN,0.02
12/24/2025,9,4,N,REGUP,0
12/24/2025,9,4,N,RRS,0.03
12/24/2025,9,3,N,ECRS,0.06
12/24/2025,9,3,N,NSPIN,0.25
12/24/2025,9,3,N,REGDN,0.04
12/24/2025,9,3,N,REGUP,0
12/24/2025,9,3,N,RRS,0.03
12/24/2025,9,2,N,ECRS,0.06
12/24/2025,9,2,N,NSPIN,0.25
12/24/2025,9,2,N,REGDN,0
12/24/2025,9,2,N,REGUP,0
12/24/2025,9,2,N,RRS,0.03
12/24/2025,9,1,N,ECRS,0.06
12/24/2025,9,1,N,NSPIN,0.25
12/24/2025,9,1,N,REGDN,0.45
12/24/2025,9,1,N,REGUP,0
12/24/2025,9,1,N,RRS,0.03
12/24/2025,10,4,N,ECRS,0.06
12/24/2025,10,4,N,NSPIN,0.25
12/24/2025,10,4,N,REGDN,0.59
12/24/2025,10,4,N,REGUP,0
12/24/2025,10,4,N,RRS,0.03
12/24/2025,10,3,N,ECRS,0.06
12/24/2025,10,3,N,NSPIN,0.25
12/24/2025,10,3,N,REGDN,0.13
12/24/2025,10,3,N,REGUP,0
12/24/2025,10,3,N,RRS,0.03
12/24/2025,10,2,N,ECRS,0.06
12/24/2025,10,2,N,NSPIN,0.25
12/24/2025,10,2,N,REGDN,0
12/24/2025,10,2,N,REGUP,0
12/24/2025,10,2,N,RRS,0.03
12/24/2025,10,1,N,ECRS,0.07
12/24/2025,10,1,N,NSPIN,0.25
12/24/2025,10,1,N,REGDN,0.31
12/24/2025,10,1,N,REGUP,0
12/24/2025,10,1,N,RRS,0.03
12/24/2025,11,4,N,ECRS,0.06
12/24/2025,11,4,N,NSPIN,0.22
12/24/2025,11,4,N,REGDN,0.29
12/24/2025,11,4,N,REGUP,0
12/24/2025,11,4,N,RRS,0.03
12/24/2025,11,3,N,ECRS,0.06
12/24/2025,11,3,N,NSPIN,0.25
12/24/2025,11,3,N,REGDN,0.09
12/24/2025,11,3,N,REGUP,0
12/24/2025,11,3,N,RRS,0.03
12/24/2025,11,2,N,ECRS,0.03
12/24/2025,11,2,N,NSPIN,0.25
12/24/2025,11,2,N,REGDN,0.33
12/24/2025,11,2,N,REGUP,0
12/24/2025,11,2,N,RRS,0.03
12/24/2025,11,1,N,ECRS,0.06
12/24/2025,11,1,N,NSPIN,0.25
12/24/2025,11,1,N,REGDN,0.44
12/24/2025,11,1,N,REGUP,0
12/24/2025,11,1,N,RRS,0.03
12/24/2025,12,4,N,ECRS,0.02
12/24/2025,12,4,N,NSPIN,0.2
12/24/2025,12,4,N,REGDN,0.45
12/24/2025,12,4,N,REGUP,0
12/24/2025,12,4,N,RRS,0.02
12/24/2025,12,3,N,ECRS,0.02
12/24/2025,12,3,N,NSPIN,0.2
12/24/2025,12,3,N,REGDN,0.26
12/24/2025,12,3,N,REGUP,0
12/24/2025,12,3,N,RRS,0.03
12/24/2025,12,2,N,ECRS,0.03
12/24/2025,12,2,N,NSPIN,0.22
12/24/2025,12,2,N,REGDN,0.15
12/24/2025,12,2,N,REGUP,0
12/24/2025,12,2,N,RRS,0.03
12/24/2025,12,1,N,ECRS,0.03
12/24/2025,12,1,N,NSPIN,0.25
12/24/2025,12,1,N,REGDN,0.11
12/24/2025,12,1,N,REGUP,0
12/24/2025,12,1,N,RRS,0.03
12/24/2025,13,4,N,ECRS,0
12/24/2025,13,4,N,NSPIN,0.13
12/24/2025,13,4,N,REGDN,0.42
12/24/2025,13,4,N,REGUP,0.01
12/24/2025,13,4,N,RRS,0
12/24/2025,13,3,N,ECRS,0
12/24/2025,13,3,N,NSPIN,0.13
12/24/2025,13,3,N,REGDN,0
12/24/2025,13,3,N,REGUP,0.01
12/24/2025,13,3,N,RRS,0
12/24/2025,13,2,N,ECRS,0.01
12/24/2025,13,2,N,NSPIN,0.15
12/24/2025,13,2,N,REGDN,0
12/24/2025,13,2,N,REGUP,0.01
12/24/2025,13,2,N,RRS,0
12/24/2025,13,1,N,ECRS,0.01
12/24/2025,13,1,N,NSPIN,0.18
12/24/2025,13,1,N,REGDN,0.02
12/24/2025,13,1,N,REGUP,0.01
12/24/2025,13,1,N,RRS,0.01
12/24/2025,14,4,N,ECRS,0.01
12/24/2025,14,4,N,NSPIN,0.02
12/24/2025,14,4,N,REGDN,0.84
12/24/2025,14,4,N,REGUP,0.03
12/24/2025,14,4,N,RRS,0
12/24/2025,14,3,N,ECRS,0.01
12/24/2025,14,3,N,NSPIN,0.02
12/24/2025,14,3,N,REGDN,0.54
12/24/2025,14,3,N,REGUP,0.03
12/24/2025,14,3,N,RRS,0
12/24/2025,14,2,N,ECRS,0.01
12/24/2025,14,2,N,NSPIN,0.02
12/24/2025,14,2,N,REGDN,1.25
12/24/2025,14,2,N,REGUP,0.03
12/24/2025,14,2,N,RRS,0
12/24/2025,14,1,N,ECRS,0.01
12/24/2025,14,1,N,NSPIN,0.03
12/24/2025,14,1,N,REGDN,0.4
12/24/2025,14,1,N,REGUP,0.03
12/24/2025,14,1,N,RRS,0
12/24/2025,15,4,N,ECRS,0
12/24/2025,15,4,N,NSPIN,0.01
12/24/2025,15,4,N,REGDN,0.8
12/24/2025,15,4,N,REGUP,0
12/24/2025,15,4,N,RRS,0
12/24/2025,15,3,N,ECRS,0
12/24/2025,15,3,N,NSPIN,0.01
12/24/2025,15,3,N,REGDN,2.04
12/24/2025,15,3,N,REGUP,0.01
12/24/2025,15,3,N,RRS,0
12/24/2025,15,2,N,ECRS,0
12/24/2025,15,2,N,NSPIN,0.01
12/24/2025,15,2,N,REGDN,0.75
12/24/2025,15,2,N,REGUP,0.01
12/24/2025,15,2,N,RRS,0
12/24/2025,15,1,N,ECRS,0
12/24/2025,15,1,N,NSPIN,0.02
12/24/2025,15,1,N,REGDN,1.06
12/24/2025,15,1,N,REGUP,0.01
12/24/2025,15,1,N,RRS,0
12/24/2025,16,4,N,ECRS,0
12/24/2025,16,4,N,NSPIN,0.01
12/24/2025,16,4,N,REGDN,2.37
12/24/2025,16,4,N,REGUP,0
12/24/2025,16,4,N,RRS,0
12/24/2025,16,3,N,ECRS,0
12/24/2025,16,3,N,NSPIN,0.01
12/24/2025,16,3,N,REGDN,3.12
12/24/2025,16,3,N,REGUP,0
12/24/2025,16,3,N,RRS,0
12/24/2025,16,2,N,ECRS,0
12/24/2025,16,2,N,NSPIN,0.01
12/24/2025,16,2,N,REGDN,2.76
12/24/2025,16,2,N,REGUP,0
12/24/2025,16,2,N,RRS,0
12/24/2025,16,1,N,ECRS,0
12/24/2025,16,1,N,NSPIN,0.01
12/24/2025,16,1,N,REGDN,1.08
12/24/2025,16,1,N,REGUP,0
12/24/2025,16,1,N,RRS,0
12/24/2025,17,4,N,ECRS,0.12
12/24/2025,17,4,N,NSPIN,0.24
12/24/2025,17,4,N,REGDN,0.12
12/24/2025,17,4,N,REGUP,0.08
12/24/2025,17,4,N,RRS,0.11
12/24/2025,17,3,N,ECRS,0.02
12/24/2025,17,3,N,NSPIN,0.07
12/24/2025,17,3,N,REGDN,0.05
12/24/2025,17,3,N,REGUP,0
12/24/2025,17,3,N,RRS,0.02
12/24/2025,17,2,N,ECRS,0.01
12/24/2025,17,2,N,NSPIN,0.03
12/24/2025,17,2,N,REGDN,0.47
12/24/2025,17,2,N,REGUP,0
12/24/2025,17,2,N,RRS,0
12/24/2025,17,1,N,ECRS,0
12/24/2025,17,1,N,NSPIN,0.01
12/24/2025,17,1,N,REGDN,1.69
12/24/2025,17,1,N,REGUP,0
12/24/2025,17,1,N,RRS,0
12/24/2025,18,4,N,ECRS,1.1
12/24/2025,18,4,N,NSPIN,1.12
12/24/2025,18,4,N,REGDN,0.34
12/24/2025,18,4,N,REGUP,0.59
12/24/2025,18,4,N,RRS,1.1
12/24/2025,18,3,N,ECRS,1.31
12/24/2025,18,3,N,NSPIN,1.31
12/24/2025,18,3,N,REGDN,0.26
12/24/2025,18,3,N,REGUP,0.81
12/24/2025,18,3,N,RRS,1.31
12/24/2025,18,2,N,ECRS,1.47
12/24/2025,18,2,N,NSPIN,1.47
12/24/2025,18,2,N,REGDN,0.4
12/24/2025,18,2,N,REGUP,0.85
12/24/2025,18,2,N,RRS,1.47
12/24/2025,18,1,N,ECRS,0.99
12/24/2025,18,1,N,NSPIN,0.99
12/24/2025,18,1,N,REGDN,0.88
12/24/2025,18,1,N,REGUP,0.44
12/24/2025,18,1,N,RRS,0.99
12/24/2025,19,4,N,ECRS,0.47
12/24/2025,19,4,N,NSPIN,1.88
12/24/2025,19,4,N,REGDN,0.19
12/24/2025,19,4,N,REGUP,0
12/24/2025,19,4,N,RRS,0.24
12/24/2025,19,3,N,ECRS,0.64
12/24/2025,19,3,N,NSPIN,2.56
12/24/2025,19,3,N,REGDN,0.34
12/24/2025,19,3,N,REGUP,0
12/24/2025,19,3,N,RRS,0.33
12/24/2025,19,2,N,ECRS,0.63
12/24/2025,19,2,N,NSPIN,2.48
12/24/2025,19,2,N,REGDN,0.64
12/24/2025,19,2,N,REGUP,0
12/24/2025,19,2,N,RRS,0.32
12/24/2025,19,1,N,ECRS,0.7
12/24/2025,19,1,N,NSPIN,2.21
12/24/2025,19,1,N,REGDN,0.26
12/24/2025,19,1,N,REGUP,0.17
12/24/2025,19,1,N,RRS,0.45
12/24/2025,20,4,N,ECRS,0.18
12/24/2025,20,4,N,NSPIN,1.04
12/24/2025,20,4,N,REGDN,1.63
12/24/2025,20,4,N,REGUP,0
12/24/2025,20,4,N,RRS,0.13
12/24/2025,20,3,N,ECRS,0.17
12/24/2025,20,3,N,NSPIN,1.04
12/24/2025,20,3,N,REGDN,0.85
12/24/2025,20,3,N,REGUP,0
12/24/2025,20,3,N,RRS,0.13
12/24/2025,20,2,N,ECRS,0.02
12/24/2025,20,2,N,NSPIN,1.14
12/24/2025,20,2,N,REGDN,0.03
12/24/2025,20,2,N,REGUP,0
12/24/2025,20,2,N,RRS,0.14
12/24/2025,20,1,N,ECRS,0.15
12/24/2025,20,1,N,NSPIN,1.19
12/24/2025,20,1,N,REGDN,0.05
12/24/2025,20,1,N,REGUP,0
12/24/2025,20,1,N,RRS,0.15
12/24/2025,21,4,N,ECRS,0.04
12/24/2025,21,4,N,NSPIN,1.05
12/24/2025,21,4,N,REGDN,0.01
12/24/2025,21,4,N,REGUP,0
12/24/2025,21,4,N,RRS,0.13
12/24/2025,21,3,N,ECRS,0.04
12/24/2025,21,3,N,NSPIN,1.05
12/24/2025,21,3,N,REGDN,0.01
12/24/2025,21,3,N,REGUP,0
12/24/2025,21,3,N,RRS,0.13
12/24/2025,21,2,N,ECRS,0.04
12/24/2025,21,2,N,NSPIN,1.05
12/24/2025,21,2,N,REGDN,0.01
12/24/2025,21,2,N,REGUP,0
12/24/2025,21,2,N,RRS,0.13
12/24/2025,21,1,N,ECRS,0.12
12/24/2025,21,1,N,NSPIN,1.07
12/24/2025,21,1,N,REGDN,0.1
12/24/2025,21,1,N,REGUP,0
12/24/2025,21,1,N,RRS,0.13
12/24/2025,22,4,N,ECRS,0.24
12/24/2025,22,4,N,NSPIN,0.98
12/24/2025,22,4,N,REGDN,0.15
12/24/2025,22,4,N,REGUP,0
12/24/2025,22,4,N,RRS,0.12
12/24/2025,22,3,N,ECRS,0.23
12/24/2025,22,3,N,NSPIN,0.97
12/24/2025,22,3,N,REGDN,0.58
12/24/2025,22,3,N,REGUP,0
12/24/2025,22,3,N,RRS,0.12
12/24/2025,22,2,N,ECRS,0.13
12/24/2025,22,2,N,NSPIN,0.99
12/24/2025,22,2,N,REGDN,0.9
12/24/2025,22,2,N,REGUP,0
12/24/2025,22,2,N,RRS,0.12
12/24/2025,22,1,N,ECRS,0.23
12/24/2025,22,1,N,NSPIN,1.01
12/24/2025,22,1,N,REGDN,0.69
12/24/2025,22,1,N,REGUP,0
12/24/2025,22,1,N,RRS,0.13
12/24/2025,23,4,N,ECRS,0.03
12/24/2025,23,4,N,NSPIN,0.92
12/24/2025,23,4,N,REGDN,0.82
12/24/2025,23,4,N,REGUP,0
12/24/2025,23,4,N,RRS,0.12
12/24/2025,23,3,N,ECRS,0.03
12/24/2025,23,3,N,NSPIN,0.94
12/24/2025,23,3,N,REGDN,0.82
12/24/2025,23,3,N,REGUP,0
12/24/2025,23,3,N,RRS,0.12
12/24/2025,23,2,N,ECRS,0.03
12/24/2025,23,2,N,NSPIN,0.94
12/24/2025,23,2,N,REGDN,0.08
12/24/2025,23,2,N,REGUP,0
12/24/2025,23,2,N,RRS,0.12
12/24/2025,23,1,N,ECRS,0.1
12/24/2025,23,1,N,NSPIN,0.94
12/24/2025,23,1,N,REGDN,0.15
12/24/2025,23,1,N,REGUP,0
12/24/2025,23,1,N,RRS,0.12
12/24/2025,24,4,N,ECRS,0.15
12/24/2025,24,4,N,NSPIN,0.62
12/24/2025,24,4,N,REGDN,0.34
12/24/2025,24,4,N,REGUP,0
12/24/2025,24,4,N,RRS,0.08
12/24/2025,24,3,N,ECRS,0.16
12/24/2025,24,3,N,NSPIN,0.64
12/24/2025,24,3,N,REGDN,0.4
12/24/2025,24,3,N,REGUP,0.02
12/24/2025,24,3,N,RRS,0.08
12/24/2025,24,2,N,ECRS,0.13
12/24/2025,24,2,N,NSPIN,0.74
12/24/2025,24,2,N,REGDN,0.42
12/24/2025,24,2,N,REGUP,0.05
12/24/2025,24,2,N,RRS,0.09
12/24/2025,24,1,N,ECRS,0.19
12/24/2025,24,1,N,NSPIN,0.78
12/24/2025,24,1,N,REGDN,0.26
12/24/2025,24,1,N,REGUP,0.05
12/24/2025,24,1,N,RRS,0.1
12/25/2025,1,4,N,ECRS,0.07
12/25/2025,1,4,N,NSPIN,0.41
12/25/2025,1,4,N,REGDN,0.01
12/25/2025,1,4,N,REGUP,0
12/25/2025,1,4,N,RRS,0.05
12/25/2025,1,3,N,ECRS,0.05
12/25/2025,1,3,N,NSPIN,0.43
12/25/2025,1,3,N,REGDN,0
12/25/2025,1,3,N,REGUP,0
12/25/2025,1,3,N,RRS,0.05
12/25/2025,1,2,N,ECRS,0.07
12/25/2025,1,2,N,NSPIN,0.52
12/25/2025,1,2,N,REGDN,0.01
12/25/2025,1,2,N,REGUP,0
12/25/2025,1,2,N,RRS,0.07
12/25/2025,1,1,N,ECRS,0.08
12/25/2025,1,1,N,NSPIN,0.49
12/25/2025,1,1,N,REGDN,0.14
12/25/2025,1,1,N,REGUP,0
12/25/2025,1,1,N,RRS,0.06
12/25/2025,2,4,N,ECRS,0.02
12/25/2025,2,4,N,NSPIN,0.27
12/25/2025,2,4,N,REGDN,0.01
12/25/2025,2,4,N,REGUP,0
12/25/2025,2,4,N,RRS,0.03
12/25/2025,2,3,N,ECRS,0.04
12/25/2025,2,3,N,NSPIN,0.3
12/25/2025,2,3,N,REGDN,0.02
12/25/2025,2,3,N,REGUP,0
12/25/2025,2,3,N,RRS,0.04
12/25/2025,2,2,N,ECRS,0.04
12/25/2025,2,2,N,NSPIN,0.36
12/25/2025,2,2,N,REGDN,0.01
12/25/2025,2,2,N,REGUP,0
12/25/2025,2,2,N,RRS,0.04
12/25/2025,2,1,N,ECRS,0.05
12/25/2025,2,1,N,NSPIN,0.46
12/25/2025,2,1,N,REGDN,0.01
12/25/2025,2,1,N,REGUP,0
12/25/2025,2,1,N,RRS,0.05
12/25/2025,3,4,N,ECRS,0.03
12/25/2025,3,4,N,NSPIN,0.25
12/25/2025,3,4,N,REGDN,0.02
12/25/2025,3,4,N,REGUP,0
12/25/2025,3,4,N,RRS,0.03
12/25/2025,3,3,N,ECRS,0.03
12/25/2025,3,3,N,NSPIN,0.25
12/25/2025,3,3,N,REGDN,0
12/25/2025,3,3,N,REGUP,0
12/25/2025,3,3,N,RRS,0.03
12/25/2025,3,2,N,ECRS,0.03
12/25/2025,3,2,N,NSPIN,0.25
12/25/2025,3,2,N,REGDN,0.06
12/25/2025,3,2,N,REGUP,0
12/25/2025,3,2,N,RRS,0.03
12/25/2025,3,1,N,ECRS,0.03
12/25/2025,3,1,N,NSPIN,0.25
12/25/2025,3,1,N,REGDN,0
12/25/2025,3,1,N,REGUP,0
12/25/2025,3,1,N,RRS,0.03
12/25/2025,4,4,N,ECRS,0.01
12/25/2025,4,4,N,NSPIN,0.25
12/25/2025,4,4,N,REGDN,0.28
12/25/2025,4,4,N,REGUP,0
12/25/2025,4,4,N,RRS,0.01
12/25/2025,4,3,N,ECRS,0.01
12/25/2025,4,3,N,NSPIN,0.25
12/25/2025,4,3,N,REGDN,0.1
12/25/2025,4,3,N,REGUP,0
12/25/2025,4,3,N,RRS,0.01
12/25/2025,4,2,N,ECRS,0.01
12/25/2025,4,2,N,NSPIN,0.25
12/25/2025,4,2,N,REGDN,0.05
12/25/2025,4,2,N,REGUP,0
12/25/2025,4,2,N,RRS,0.01
12/25/2025,4,1,N,ECRS,0.01
12/25/2025,4,1,N,NSPIN,0.25
12/25/2025,4,1,N,REGDN,0
12/25/2025,4,1,N,REGUP,0
12/25/2025,4,1,N,RRS,0.01
12/25/2025,5,4,N,ECRS,0.02
12/25/2025,5,4,N,NSPIN,0.25
12/25/2025,5,4,N,REGDN,0.17
12/25/2025,5,4,N,REGUP,0
12/25/2025,5,4,N,RRS,0.03
12/25/2025,5,3,N,ECRS,0.03
12/25/2025,5,3,N,NSPIN,0.25
12/25/2025,5,3,N,REGDN,0.12
12/25/2025,5,3,N,REGUP,0
12/25/2025,5,3,N,RRS,0.03
12/25/2025,5,2,N,ECRS,0.03
12/25/2025,5,2,N,NSPIN,0.25
12/25/2025,5,2,N,REGDN,0.19
12/25/2025,5,2,N,REGUP,0
12/25/2025,5,2,N,RRS,0.03
12/25/2025,5,1,N,ECRS,0.03
12/25/2025,5,1,N,NSPIN,0.25
12/25/2025,5,1,N,REGDN,0.28
12/25/2025,5,1,N,REGUP,0
12/25/2025,5,1,N,RRS,0.03
12/25/2025,6,4,N,ECRS,0.02
12/25/2025,6,4,N,NSPIN,0.25
12/25/2025,6,4,N,REGDN,0.27
12/25/2025,6,4,N,REGUP,0
12/25/2025,6,4,N,RRS,0.03
12/25/2025,6,3,N,ECRS,0.01
12/25/2025,6,3,N,NSPIN,0.25
12/25/2025,6,3,N,REGDN,0.4
12/25/2025,6,3,N,REGUP,0
12/25/2025,6,3,N,RRS,0.03
12/25/2025,6,2,N,ECRS,0.01
12/25/2025,6,2,N,NSPIN,0.25
12/25/2025,6,2,N,REGDN,0.17
12/25/2025,6,2,N,REGUP,0
12/25/2025,6,2,N,RRS,0.03
12/25/2025,6,1,N,ECRS,0.01
12/25/2025,6,1,N,NSPIN,0.25
12/25/2025,6,1,N,REGDN,0
12/25/2025,6,1,N,REGUP,0
12/25/2025,6,1,N,RRS,0.03
12/25/2025,7,4,N,ECRS,0.03
12/25/2025,7,4,N,NSPIN,0.25
12/25/2025,7,4,N,REGDN,0.18
12/25/2025,7,4,N,REGUP,0
12/25/2025,7,4,N,RRS,0.03
12/25/2025,7,3,N,ECRS,0.03
12/25/2025,7,3,N,NSPIN,0.25
12/25/2025,7,3,N,REGDN,0.01
12/25/2025,7,3,N,REGUP,0
12/25/2025,7,3,N,RRS,0.03
12/25/2025,7,2,N,ECRS,0.03
12/25/2025,7,2,N,NSPIN,0.25
12/25/2025,7,2,N,REGDN,0
12/25/2025,7,2,N,REGUP,0
12/25/2025,7,2,N,RRS,0.03
12/25/2025,7,1,N,ECRS,0.03
12/25/2025,7,1,N,NSPIN,0.25
12/25/2025,7,1,N,REGDN,0
12/25/2025,7,1,N,REGUP,0
12/25/2025,7,1,N,RRS,0.03
12/25/2025,8,4,N,ECRS,0.06
12/25/2025,8,4,N,NSPIN,0.25
12/25/2025,8,4,N,REGDN,0.21
12/25/2025,8,4,N,REGUP,0
12/25/2025,8,4,N,RRS,0.03
12/25/2025,8,3,N,ECRS,0.06
12/25/2025,8,3,N,NSPIN,0.25
12/25/2025,8,3,N,REGDN,0.36
12/25/2025,8,3,N,REGUP,0
12/25/2025,8,3,N,RRS,0.03
12/25/2025,8,2,N,ECRS,0.06
12/25/2025,8,2,N,NSPIN,0.25
12/25/2025,8,2,N,REGDN,0.35
12/25/2025,8,2,N,REGUP,0
12/25/2025,8,2,N,RRS,0.03
12/25/2025,8,1,N,ECRS,0.06
12/25/2025,8,1,N,NSPIN,0.25
12/25/2025,8,1,N,REGDN,0.39
12/25/2025,8,1,N,REGUP,0
12/25/2025,8,1,N,RRS,0.03
12/25/2025,9,4,N,ECRS,0.06
12/25/2025,9,4,N,NSPIN,0.25
12/25/2025,9,4,N,REGDN,0.16
12/25/2025,9,4,N,REGUP,0
12/25/2025,9,4,N,RRS,0.03
12/25/2025,9,3,N,ECRS,0.06
12/25/2025,9,3,N,NSPIN,0.25
12/25/2025,9,3,N,REGDN,0.01
12/25/2025,9,3,N,REGUP,0
12/25/2025,9,3,N,RRS,0.03
12/25/2025,9,2,N,ECRS,0.06
12/25/2025,9,2,N,NSPIN,0.25
12/25/2025,9,2,N,REGDN,0.31
12/25/2025,9,2,N,REGUP,0
12/25/2025,9,2,N,RRS,0.03
12/25/2025,9,1,N,ECRS,0.06
12/25/2025,9,1,N,NSPIN,0.25
12/25/2025,9,1,N,REGDN,0.37
12/25/2025,9,1,N,REGUP,0
12/25/2025,9,1,N,RRS,0.03
12/25/2025,10,4,N,ECRS,0.04
12/25/2025,10,4,N,NSPIN,0.14
12/25/2025,10,4,N,REGDN,0.05
12/25/2025,10,4,N,REGUP,0
12/25/2025,10,4,N,RRS,0.02
12/25/2025,10,3,N,ECRS,0.04
12/25/2025,10,3,N,NSPIN,0.15
12/25/2025,10,3,N,REGDN,0.02
12/25/2025,10,3,N,REGUP,0
12/25/2025,10,3,N,RRS,0.02
12/25/2025,10,2,N,ECRS,0.04
12/25/2025,10,2,N,NSPIN,0.18
12/25/2025,10,2,N,REGDN,0.01
12/25/2025,10,2,N,REGUP,0
12/25/2025,10,2,N,RRS,0.02
12/25/2025,10,1,N,ECRS,0.05
12/25/2025,10,1,N,NSPIN,0.2
12/25/2025,10,1,N,REGDN,0.22
12/25/2025,10,1,N,REGUP,0
12/25/2025,10,1,N,RRS,0.02
12/25/2025,11,4,N,ECRS,0.02
12/25/2025,11,4,N,NSPIN,0.11
12/25/2025,11,4,N,REGDN,0.2
12/25/2025,11,4,N,REGUP,0
12/25/2025,11,4,N,RRS,0.01
12/25/2025,11,3,N,ECRS,0.02
12/25/2025,11,3,N,NSPIN,0.11
12/25/2025,11,3,N,REGDN,0.1
12/25/2025,11,3,N,REGUP,0
12/25/2025,11,3,N,RRS,0.01
12/25/2025,11,2,N,ECRS,0.01
12/25/2025,11,2,N,NSPIN,0.11
12/25/2025,11,2,N,REGDN,0
12/25/2025,11,2,N,REGUP,0
12/25/2025,11,2,N,RRS,0.01
12/25/2025,11,1,N,ECRS,0.02
12/25/2025,11,1,N,NSPIN,0.12
12/25/2025,11,1,N,REGDN,0.06
12/25/2025,11,1,N,REGUP,0.02
12/25/2025,11,1,N,RRS,0.02
12/25/2025,12,4,N,ECRS,0.01
12/25/2025,12,4,N,NSPIN,0.12
12/25/2025,12,4,N,REGDN,0.24
12/25/2025,12,4,N,REGUP,0
12/25/2025,12,4,N,RRS,0.01
12/25/2025,12,3,N,ECRS,0.01
12/25/2025,12,3,N,NSPIN,0.13
12/25/2025,12,3,N,REGDN,0.1
12/25/2025,12,3,N,REGUP,0
12/25/2025,12,3,N,RRS,0
12/25/2025,12,2,N,ECRS,0.01
12/25/2025,12,2,N,NSPIN,0.15
12/25/2025,12,2,N,REGDN,0.15
12/25/2025,12,2,N,REGUP,0
12/25/2025,12,2,N,RRS,0
12/25/2025,12,1,N,ECRS,0.01
12/25/2025,12,1,N,NSPIN,0.16
12/25/2025,12,1,N,REGDN,0.12
12/25/2025,12,1,N,REGUP,0
12/25/2025,12,1,N,RRS,0.01
12/25/2025,13,4,N,ECRS,0.01
12/25/2025,13,4,N,NSPIN,0.13
12/25/2025,13,4,N,REGDN,0.18
12/25/2025,13,4,N,REGUP,0
12/25/2025,13,4,N,RRS,0.01
12/25/2025,13,3,N,ECRS,0.01
12/25/2025,13,3,N,NSPIN,0.1
12/25/2025,13,3,N,REGDN,0.23
12/25/2025,13,3,N,REGUP,0
12/25/2025,13,3,N,RRS,0.01
12/25/2025,13,2,N,ECRS,0.01
12/25/2025,13,2,N,NSPIN,0.11
12/25/2025,13,2,N,REGDN,0.21
12/25/2025,13,2,N,REGUP,0
12/25/2025,13,2,N,RRS,0.01
12/25/2025,13,1,N,ECRS,0.01
12/25/2025,13,1,N,NSPIN,0.11
12/25/2025,13,1,N,REGDN,0.11
12/25/2025,13,1,N,REGUP,0
12/25/2025,13,1,N,RRS,0.01
12/25/2025,14,4,N,ECRS,0.02
12/25/2025,14,4,N,NSPIN,0.07
12/25/2025,14,4,N,REGDN,0.37
12/25/2025,14,4,N,REGUP,0
12/25/2025,14,4,N,RRS,0.01
12/25/2025,14,3,N,ECRS,0.02
12/25/2025,14,3,N,NSPIN,0.07
12/25/2025,14,3,N,REGDN,0.39
12/25/2025,14,3,N,REGUP,0
12/25/2025,14,3,N,RRS,0.01
12/25/2025,14,2,N,ECRS,0.02
12/25/2025,14,2,N,NSPIN,0.08
12/25/2025,14,2,N,REGDN,0.34
12/25/2025,14,2,N,REGUP,0
12/25/2025,14,2,N,RRS,0.01
12/25/2025,14,1,N,ECRS,0.02
12/25/2025,14,1,N,NSPIN,0.08
12/25/2025,14,1,N,REGDN,0.29
12/25/2025,14,1,N,REGUP,0
12/25/2025,14,1,N,RRS,0.01
12/25/2025,15,4,N,ECRS,0.01
12/25/2025,15,4,N,NSPIN,0.04
12/25/2025,15,4,N,REGDN,0.18
12/25/2025,15,4,N,REGUP,0
12/25/2025,15,4,N,RRS,0.01
12/25/2025,15,3,N,ECRS,0.01
12/25/2025,15,3,N,NSPIN,0.04
12/25/2025,15,3,N,REGDN,0.23
12/25/2025,15,3,N,REGUP,0
12/25/2025,15,3,N,RRS,0.01
12/25/2025,15,2,N,ECRS,0.01
12/25/2025,15,2,N,NSPIN,0.05
12/25/2025,15,2,N,REGDN,0.25
12/25/2025,15,2,N,REGUP,0
12/25/2025,15,2,N,RRS,0.01
12/25/2025,15,1,N,ECRS,0.01
12/25/2025,15,1,N,NSPIN,0.06
12/25/2025,15,1,N,REGDN,0.28
12/25/2025,15,1,N,REGUP,0
12/25/2025,15,1,N,RRS,0.01
12/25/2025,16,4,N,ECRS,0.01
12/25/2025,16,4,N,NSPIN,0.02
12/25/2025,16,4,N,REGDN,0.63
12/25/2025,16,4,N,REGUP,0
12/25/2025,16,4,N,RRS,0
12/25/2025,16,3,N,ECRS,0.01
12/25/2025,16,3,N,NSPIN,0.02
12/25/2025,16,3,N,REGDN,0.74
12/25/2025,16,3,N,REGUP,0
12/25/2025,16,3,N,RRS,0
12/25/2025,16,2,N,ECRS,0.01
12/25/2025,16,2,N,NSPIN,0.03
12/25/2025,16,2,N,REGDN,0.28
12/25/2025,16,2,N,REGUP,0
12/25/2025,16,2,N,RRS,0
12/25/2025,16,1,N,ECRS,0.01
12/25/2025,16,1,N,NSPIN,0.03
12/25/2025,16,1,N,REGDN,1.69
12/25/2025,16,1,N,REGUP,0
12/25/2025,16,1,N,RRS,0
12/25/2025,17,4,N,ECRS,0.01
12/25/2025,17,4,N,NSPIN,0.05
12/25/2025,17,4,N,REGDN,0.76
12/25/2025,17,4,N,REGUP,0.01
12/25/2025,17,4,N,RRS,0.01
12/25/2025,17,3,N,ECRS,0.01
12/25/2025,17,3,N,NSPIN,0.02
12/25/2025,17,3,N,REGDN,0.85
12/25/2025,17,3,N,REGUP,0
12/25/2025,17,3,N,RRS,0
12/25/2025,17,2,N,ECRS,0
12/25/2025,17,2,N,NSPIN,0.01
12/25/2025,17,2,N,REGDN,0.56
12/25/2025,17,2,N,REGUP,0
12/25/2025,17,2,N,RRS,0
12/25/2025,17,1,N,ECRS,0
12/25/2025,17,1,N,NSPIN,0.01
12/25/2025,17,1,N,REGDN,0.54
12/25/2025,17,1,N,REGUP,0
12/25/2025,17,1,N,RRS,0
12/25/2025,18,4,N,ECRS,0.1
12/25/2025,18,4,N,NSPIN,0.25
12/25/2025,18,4,N,REGDN,0.85
12/25/2025,18,4,N,REGUP,0
12/25/2025,18,4,N,RRS,0.07
12/25/2025,18,3,N,ECRS,0.09
12/25/2025,18,3,N,NSPIN,0.25
12/25/2025,18,3,N,REGDN,0.73
12/25/2025,18,3,N,REGUP,0
12/25/2025,18,3,N,RRS,0.07
12/25/2025,18,2,N,ECRS,0.1
12/25/2025,18,2,N,NSPIN,0.25
12/25/2025,18,2,N,REGDN,0.73
12/25/2025,18,2,N,REGUP,0
12/25/2025,18,2,N,RRS,0.08
12/25/2025,18,1,N,ECRS,0.07
12/25/2025,18,1,N,NSPIN,0.25
12/25/2025,18,1,N,REGDN,0.72
12/25/2025,18,1,N,REGUP,0.01
12/25/2025,18,1,N,RRS,0.04
12/25/2025,19,4,N,ECRS,0.06
12/25/2025,19,4,N,NSPIN,0.25
12/25/2025,19,4,N,REGDN,2.24
12/25/2025,19,4,N,REGUP,0
12/25/2025,19,4,N,RRS,0.03
12/25/2025,19,3,N,ECRS,0.07
12/25/2025,19,3,N,NSPIN,0.25
12/25/2025,19,3,N,REGDN,1.22
12/25/2025,19,3,N,REGUP,0
12/25/2025,19,3,N,RRS,0.04
12/25/2025,19,2,N,ECRS,0.07
12/25/2025,19,2,N,NSPIN,0.25
12/25/2025,19,2,N,REGDN,1.49
12/25/2025,19,2,N,REGUP,0
12/25/2025,19,2,N,RRS,0.04
12/25/2025,19,1,N,ECRS,0.07
12/25/2025,19,1,N,NSPIN,0.3
12/25/2025,19,1,N,REGDN,1.37
12/25/2025,19,1,N,REGUP,0
12/25/2025,19,1,N,RRS,0.05
12/25/2025,20,4,N,ECRS,0.06
12/25/2025,20,4,N,NSPIN,0.25
12/25/2025,20,4,N,REGDN,1.91
12/25/2025,20,4,N,REGUP,0
12/25/2025,20,4,N,RRS,0.03
12/25/2025,20,3,N,ECRS,0.06
12/25/2025,20,3,N,NSPIN,0.25
12/25/2025,20,3,N,REGDN,1.74
12/25/2025,20,3,N,REGUP,0
12/25/2025,20,3,N,RRS,0.03
12/25/2025,20,2,N,ECRS,0.06
12/25/2025,20,2,N,NSPIN,0.25
12/25/2025,20,2,N,REGDN,1.58
12/25/2025,20,2,N,REGUP,0
12/25/2025,20,2,N,RRS,0.03
12/25/2025,20,1,N,ECRS,0.06
12/25/2025,20,1,N,NSPIN,0.25
12/25/2025,20,1,N,REGDN,1.8
12/25/2025,20,1,N,REGUP,0
12/25/2025,20,1,N,RRS,0.03
12/25/2025,21,4,N,ECRS,0.04
12/25/2025,21,4,N,NSPIN,0.25
12/25/2025,21,4,N,REGDN,0.8
12/25/2025,21,4,N,REGUP,0
12/25/2025,21,4,N,RRS,0.03
12/25/2025,21,3,N,ECRS,0.03
12/25/2025,21,3,N,NSPIN,0.25
12/25/2025,21,3,N,REGDN,0.73
12/25/2025,21,3,N,REGUP,0
12/25/2025,21,3,N,RRS,0.03
12/25/2025,21,2,N,ECRS,0.03
12/25/2025,21,2,N,NSPIN,0.25
12/25/2025,21,2,N,REGDN,0.58
12/25/2025,21,2,N,REGUP,0
12/25/2025,21,2,N,RRS,0.03
12/25/2025,21,1,N,ECRS,0.03
12/25/2025,21,1,N,NSPIN,0.25
12/25/2025,21,1,N,REGDN,1.35
12/25/2025,21,1,N,REGUP,0
12/25/2025,21,1,N,RRS,0.03
12/25/2025,22,4,N,ECRS,0.03
12/25/2025,22,4,N,NSPIN,0.22
12/25/2025,22,4,N,REGDN,0.83
12/25/2025,22,4,N,REGUP,0
12/25/2025,22,4,N,RRS,0.03
12/25/2025,22,3,N,ECRS,0.03
12/25/2025,22,3,N,NSPIN,0.23
12/25/2025,22,3,N,REGDN,0.5
12/25/2025,22,3,N,REGUP,0
12/25/2025,22,3,N,RRS,0.03
12/25/2025,22,2,N,ECRS,0.04
12/25/2025,22,2,N,NSPIN,0.25
12/25/2025,22,2,N,REGDN,1.11
12/25/2025,22,2,N,REGUP,0
12/25/2025,22,2,N,RRS,0.03
12/25/2025,22,1,N,ECRS,0.03
12/25/2025,22,1,N,NSPIN,0.25
12/25/2025,22,1,N,REGDN,0.78
12/25/2025,22,1,N,REGUP,0
12/25/2025,22,1,N,RRS,0.03
12/25/2025,23,4,N,ECRS,0.02
12/25/2025,23,4,N,NSPIN,0.15
12/25/2025,23,4,N,REGDN,0.08
12/25/2025,23,4,N,REGUP,0
12/25/2025,23,4,N,RRS,0.02
12/25/2025,23,3,N,ECRS,0.02
12/25/2025,23,3,N,NSPIN,0.15
12/25/2025,23,3,N,REGDN,0.05
12/25/2025,23,3,N,REGUP,0
12/25/2025,23,3,N,RRS,0.02
12/25/2025,23,2,N,ECRS,0.02
12/25/2025,23,2,N,NSPIN,0.18
12/25/2025,23,2,N,REGDN,0.2
12/25/2025,23,2,N,REGUP,0
12/25/2025,23,2,N,RRS,0.02
12/25/2025,23,1,N,ECRS,0.02
12/25/2025,23,1,N,NSPIN,0.15
12/25/2025,23,1,N,REGDN,0.04
12/25/2025,23,1,N,REGUP,0
12/25/2025,23,1,N,RRS,0.02
12/25/2025,24,4,N,ECRS,0.01
12/25/2025,24,4,N,NSPIN,0.11
12/25/2025,24,4,N,REGDN,0.03
12/25/2025,24,4,N,REGUP,0
12/25/2025,24,4,N,RRS,0.01
12/25/2025,24,3,N,ECRS,0.01
12/25/2025,24,3,N,NSPIN,0.11
12/25/2025,24,3,N,REGDN,0.08
12/25/2025,24,3,N,REGUP,0
12/25/2025,24,3,N,RRS,0.01
12/25/2025,24,2,N,ECRS,0.02
12/25/2025,24,2,N,NSPIN,0.12
12/25/2025,24,2,N,REGDN,0
12/25/2025,24,2,N,REGUP,0
12/25/2025,24,2,N,RRS,0.02
12/25/2025,24,1,N,ECRS,0.02
12/25/2025,24,1,N,NSPIN,0.13
12/25/2025,24,1,N,REGDN,0.01
12/25/2025,24,1,N,REGUP,0
12/25/2025,24,1,N,RRS,0.02
12/26/2025,1,4,N,ECRS,0.01
12/26/2025,1,4,N,NSPIN,0.05
12/26/2025,1,4,N,REGDN,0
12/26/2025,1,4,N,REGUP,0
12/26/2025,1,4,N,RRS,0
12/26/2025,1,3,N,ECRS,0.01
12/26/2025,1,3,N,NSPIN,0.07
12/26/2025,1,3,N,REGDN,0
12/26/2025,1,3,N,REGUP,0
12/26/2025,1,3,N,RRS,0.01
12/26/2025,1,2,N,ECRS,0.01
12/26/2025,1,2,N,NSPIN,0.09
12/26/2025,1,2,N,REGDN,0.01
12/26/2025,1,2,N,REGUP,0
12/26/2025,1,2,N,RRS,0.01
12/26/2025,1,1,N,ECRS,0.01
12/26/2025,1,1,N,NSPIN,0.1
12/26/2025,1,1,N,REGDN,0.01
12/26/2025,1,1,N,REGUP,0
12/26/2025,1,1,N,RRS,0.01
12/26/2025,2,4,N,ECRS,0.01
12/26/2025,2,4,N,NSPIN,0.03
12/26/2025,2,4,N,REGDN,0.08
12/26/2025,2,4,N,REGUP,0
12/26/2025,2,4,N,RRS,0
12/26/2025,2,3,N,ECRS,0.01
12/26/2025,2,3,N,NSPIN,0.03
12/26/2025,2,3,N,REGDN,0.04
12/26/2025,2,3,N,REGUP,0
12/26/2025,2,3,N,RRS,0
12/26/2025,2,2,N,ECRS,0.01
12/26/2025,2,2,N,NSPIN,0.03
12/26/2025,2,2,N,REGDN,0.02
12/26/2025,2,2,N,REGUP,0
12/26/2025,2,2,N,RRS,0
12/26/2025,2,1,N,ECRS,0.01
12/26/2025,2,1,N,NSPIN,0.04
12/26/2025,2,1,N,REGDN,0
12/26/2025,2,1,N,REGUP,0
12/26/2025,2,1,N,RRS,0.01
12/26/2025,3,4,N,ECRS,0.01
12/26/2025,3,4,N,NSPIN,0.02
12/26/2025,3,4,N,REGDN,0.08
12/26/2025,3,4,N,REGUP,0
12/26/2025,3,4,N,RRS,0
12/26/2025,3,3,N,ECRS,0.01
12/26/2025,3,3,N,NSPIN,0.03
12/26/2025,3,3,N,REGDN,0.12
12/26/2025,3,3,N,REGUP,0
12/26/2025,3,3,N,RRS,0
12/26/2025,3,2,N,ECRS,0.01
12/26/2025,3,2,N,NSPIN,0.03
12/26/2025,3,2,N,REGDN,0.11
12/26/2025,3,2,N,REGUP,0
12/26/2025,3,2,N,RRS,0
12/26/2025,3,1,N,ECRS,0.01
12/26/2025,3,1,N,NSPIN,0.03
12/26/2025,3,1,N,REGDN,0.08
12/26/2025,3,1,N,REGUP,0
12/26/2025,3,1,N,RRS,0
12/26/2025,4,4,N,ECRS,0.01
12/26/2025,4,4,N,NSPIN,0.03
12/26/2025,4,4,N,REGDN,0.12
12/26/2025,4,4,N,REGUP,0
12/26/2025,4,4,N,RRS,0
12/26/2025,4,3,N,ECRS,0.01
12/26/2025,4,3,N,NSPIN,0.03
12/26/2025,4,3,N,REGDN,0.11
12/26/2025,4,3,N,REGUP,0
12/26/2025,4,3,N,RRS,0
12/26/2025,4,2,N,ECRS,0.01
12/26/2025,4,2,N,NSPIN,0.03
12/26/2025,4,2,N,REGDN,0.12
12/26/2025,4,2,N,REGUP,0
12/26/2025,4,2,N,RRS,0
12/26/2025,4,1,N,ECRS,0.01
12/26/2025,4,1,N,NSPIN,0.03
12/26/2025,4,1,N,REGDN,0.08
12/26/2025,4,1,N,REGUP,0
12/26/2025,4,1,N,RRS,0
12/26/2025,5,4,N,ECRS,0.01
12/26/2025,5,4,N,NSPIN,0.03
12/26/2025,5,4,N,REGDN,0.19
12/26/2025,5,4,N,REGUP,0
12/26/2025,5,4,N,RRS,0
12/26/2025,5,3,N,ECRS,0.01
12/26/2025,5,3,N,NSPIN,0.03
12/26/2025,5,3,N,REGDN,0.14
12/26/2025,5,3,N,REGUP,0
12/26/2025,5,3,N,RRS,0
12/26/2025,5,2,N,ECRS,0.01
12/26/2025,5,2,N,NSPIN,0.03
12/26/2025,5,2,N,REGDN,0.09
12/26/2025,5,2,N,REGUP,0
12/26/2025,5,2,N,RRS,0
12/26/2025,5,1,N,ECRS,0.01
12/26/2025,5,1,N,NSPIN,0.03
12/26/2025,5,1,N,REGDN,0.19
12/26/2025,5,1,N,REGUP,0
12/26/2025,5,1,N,RRS,0
12/26/2025,6,4,N,ECRS,0.01
12/26/2025,6,4,N,NSPIN,0.04
12/26/2025,6,4,N,REGDN,1.23
12/26/2025,6,4,N,REGUP,0
12/26/2025,6,4,N,RRS,0.01
12/26/2025,6,3,N,ECRS,0.01
12/26/2025,6,3,N,NSPIN,0.04
12/26/2025,6,3,N,REGDN,1.49
12/26/2025,6,3,N,REGUP,0
12/26/2025,6,3,N,RRS,0.01
12/26/2025,6,2,N,ECRS,0.01
12/26/2025,6,2,N,NSPIN,0.02
12/26/2025,6,2,N,REGDN,0.75
12/26/2025,6,2,N,REGUP,0
12/26/2025,6,2,N,RRS,0
12/26/2025,6,1,N,ECRS,0.01
12/26/2025,6,1,N,NSPIN,0.02
12/26/2025,6,1,N,REGDN,0.28
12/26/2025,6,1,N,REGUP,0
12/26/2025,6,1,N,RRS,0
12/26/2025,7,4,N,ECRS,0.01
12/26/2025,7,4,N,NSPIN,0.1
12/26/2025,7,4,N,REGDN,0.19
12/26/2025,7,4,N,REGUP,0
12/26/2025,7,4,N,RRS,0.01
12/26/2025,7,3,N,ECRS,0.01
12/26/2025,7,3,N,NSPIN,0.08
12/26/2025,7,3,N,REGDN,0.08
12/26/2025,7,3,N,REGUP,0
12/26/2025,7,3,N,RRS,0.01
12/26/2025,7,2,N,ECRS,0.01
12/26/2025,7,2,N,NSPIN,0.05
12/26/2025,7,2,N,REGDN,0
12/26/2025,7,2,N,REGUP,0
12/26/2025,7,2,N,RRS,0
12/26/2025,7,1,N,ECRS,0.01
12/26/2025,7,1,N,NSPIN,0.05
12/26/2025,7,1,N,REGDN,0.05
12/26/2025,7,1,N,REGUP,0
12/26/2025,7,1,N,RRS,0.01
12/26/2025,8,4,N,ECRS,0.01
12/26/2025,8,4,N,NSPIN,0.04
12/26/2025,8,4,N,REGDN,0.17
12/26/2025,8,4,N,REGUP,0
12/26/2025,8,4,N,RRS,0.01
12/26/2025,8,3,N,ECRS,0.01
12/26/2025,8,3,N,NSPIN,0.05
12/26/2025,8,3,N,REGDN,0.39
12/26/2025,8,3,N,REGUP,0
12/26/2025,8,3,N,RRS,0.01
12/26/2025,8,2,N,ECRS,0.01
12/26/2025,8,2,N,NSPIN,0.07
12/26/2025,8,2,N,REGDN,0.43
12/26/2025,8,2,N,REGUP,0
12/26/2025,8,2,N,RRS,0.01
12/26/2025,8,1,N,ECRS,0.01
12/26/2025,8,1,N,NSPIN,0.04
12/26/2025,8,1,N,REGDN,0.36
12/26/2025,8,1,N,REGUP,0
12/26/2025,8,1,N,RRS,0.01
12/26/2025,9,4,N,ECRS,0
12/26/2025,9,4,N,NSPIN,0.01
12/26/2025,9,4,N,REGDN,0.63
12/26/2025,9,4,N,REGUP,0
12/26/2025,9,4,N,RRS,0
12/26/2025,9,3,N,ECRS,0
12/26/2025,9,3,N,NSPIN,0.01
12/26/2025,9,3,N,REGDN,0.57
12/26/2025,9,3,N,REGUP,0
12/26/2025,9,3,N,RRS,0
12/26/2025,9,2,N,ECRS,0.01
12/26/2025,9,2,N,NSPIN,0.02
12/26/2025,9,2,N,REGDN,0.05
12/26/2025,9,2,N,REGUP,0
12/26/2025,9,2,N,RRS,0
12/26/2025,9,1,N,ECRS,0.01
12/26/2025,9,1,N,NSPIN,0.04
12/26/2025,9,1,N,REGDN,0.16
12/26/2025,9,1,N,REGUP,0
12/26/2025,9,1,N,RRS,0.01
12/26/2025,10,4,N,ECRS,0
12/26/2025,10,4,N,NSPIN,0.01
12/26/2025,10,4,N,REGDN,0.75
12/26/2025,10,4,N,REGUP,0.01
12/26/2025,10,4,N,RRS,0
12/26/2025,10,3,N,ECRS,0
12/26/2025,10,3,N,NSPIN,0.01
12/26/2025,10,3,N,REGDN,0.01
12/26/2025,10,3,N,REGUP,0.01
12/26/2025,10,3,N,RRS,0
12/26/2025,10,2,N,ECRS,0
12/26/2025,10,2,N,NSPIN,0.01
12/26/2025,10,2,N,REGDN,0.11
12/26/2025,10,2,N,REGUP,0
12/26/2025,10,2,N,RRS,0
12/26/2025,10,1,N,ECRS,0
12/26/2025,10,1,N,NSPIN,0.01
12/26/2025,10,1,N,REGDN,0.25
12/26/2025,10,1,N,REGUP,0.01
12/26/2025,10,1,N,RRS,0
12/26/2025,11,4,N,ECRS,0
12/26/2025,11,4,N,NSPIN,0.01
12/26/2025,11,4,N,REGDN,0.91
12/26/2025,11,4,N,REGUP,0
12/26/2025,11,4,N,RRS,0
12/26/2025,11,3,N,ECRS,0
12/26/2025,11,3,N,NSPIN,0.01
12/26/2025,11,3,N,REGDN,0.38
12/26/2025,11,3,N,REGUP,0.01
12/26/2025,11,3,N,RRS,0
12/26/2025,11,2,N,ECRS,0
12/26/2025,11,2,N,NSPIN,0.01
12/26/2025,11,2,N,REGDN,0.28
12/26/2025,11,2,N,REGUP,0.01
12/26/2025,11,2,N,RRS,0
12/26/2025,11,1,N,ECRS,0
12/26/2025,11,1,N,NSPIN,0.01
12/26/2025,11,1,N,REGDN,0.27
12/26/2025,11,1,N,REGUP,0.01
12/26/2025,11,1,N,RRS,0
12/26/2025,12,4,N,ECRS,0
12/26/2025,12,4,N,NSPIN,0.02
12/26/2025,12,4,N,REGDN,0.15
12/26/2025,12,4,N,REGUP,0
12/26/2025,12,4,N,RRS,0
12/26/2025,12,3,N,ECRS,0.01
12/26/2025,12,3,N,NSPIN,0.02
12/26/2025,12,3,N,REGDN,1.24
12/26/2025,12,3,N,REGUP,0
12/26/2025,12,3,N,RRS,0
12/26/2025,12,2,N,ECRS,0.01
12/26/2025,12,2,N,NSPIN,0.02
12/26/2025,12,2,N,REGDN,2.06
12/26/2025,12,2,N,REGUP,0
12/26/2025,12,2,N,RRS,0
12/26/2025,12,1,N,ECRS,0
12/26/2025,12,1,N,NSPIN,0.01
12/26/2025,12,1,N,REGDN,1.51
12/26/2025,12,1,N,REGUP,0
12/26/2025,12,1,N,RRS,0
12/26/2025,13,4,N,ECRS,0
12/26/2025,13,4,N,NSPIN,0.04
12/26/2025,13,4,N,REGDN,0.24
12/26/2025,13,4,N,REGUP,0
12/26/2025,13,4,N,RRS,0.01
12/26/2025,13,3,N,ECRS,0
12/26/2025,13,3,N,NSPIN,0.03
12/26/2025,13,3,N,REGDN,0.49
12/26/2025,13,3,N,REGUP,0
12/26/2025,13,3,N,RRS,0
12/26/2025,13,2,N,ECRS,0
12/26/2025,13,2,N,NSPIN,0.03
12/26/2025,13,2,N,REGDN,0.41
12/26/2025,13,2,N,REGUP,0
12/26/2025,13,2,N,RRS,0
12/26/2025,13,1,N,ECRS,0
12/26/2025,13,1,N,NSPIN,0.02
12/26/2025,13,1,N,REGDN,3.45
12/26/2025,13,1,N,REGUP,0
12/26/2025,13,1,N,RRS,0
12/26/2025,14,4,N,ECRS,0
12/26/2025,14,4,N,NSPIN,0.03
12/26/2025,14,4,N,REGDN,3.2
12/26/2025,14,4,N,REGUP,0
12/26/2025,14,4,N,RRS,0
12/26/2025,14,3,N,ECRS,0
12/26/2025,14,3,N,NSPIN,0.03
12/26/2025,14,3,N,REGDN,0.89
12/26/2025,14,3,N,REGUP,0
12/26/2025,14,3,N,RRS,0
12/26/2025,14,2,N,ECRS,0
12/26/2025,14,2,N,NSPIN,0.03
12/26/2025,14,2,N,REGDN,0.05
12/26/2025,14,2,N,REGUP,0
12/26/2025,14,2,N,RRS,0
12/26/2025,14,1,N,ECRS,0
12/26/2025,14,1,N,NSPIN,0.02
12/26/2025,14,1,N,REGDN,0.1
12/26/2025,14,1,N,REGUP,0.01
12/26/2025,14,1,N,RRS,0
12/26/2025,15,4,N,ECRS,0
12/26/2025,15,4,N,NSPIN,0.01
12/26/2025,15,4,N,REGDN,1
12/26/2025,15,4,N,REGUP,0
12/26/2025,15,4,N,RRS,0
12/26/2025,15,3,N,ECRS,0
12/26/2025,15,3,N,NSPIN,0.01
12/26/2025,15,3,N,REGDN,3.72
12/26/2025,15,3,N,REGUP,0
12/26/2025,15,3,N,RRS,0
12/26/2025,15,2,N,ECRS,0
12/26/2025,15,2,N,NSPIN,0.01
12/26/2025,15,2,N,REGDN,1.92
12/26/2025,15,2,N,REGUP,0
12/26/2025,15,2,N,RRS,0
12/26/2025,15,1,N,ECRS,0
12/26/2025,15,1,N,NSPIN,0.01
12/26/2025,15,1,N,REGDN,0.43
12/26/2025,15,1,N,REGUP,0
12/26/2025,15,1,N,RRS,0
12/26/2025,16,4,N,ECRS,0
12/26/2025,16,4,N,NSPIN,0.01
12/26/2025,16,4,N,REGDN,7.41
12/26/2025,16,4,N,REGUP,0
12/26/2025,16,4,N,RRS,0
12/26/2025,16,3,N,ECRS,0
12/26/2025,16,3,N,NSPIN,0.01
12/26/2025,16,3,N,REGDN,5.29
12/26/2025,16,3,N,REGUP,0
12/26/2025,16,3,N,RRS,0
12/26/2025,16,2,N,ECRS,0
12/26/2025,16,2,N,NSPIN,0.01
12/26/2025,16,2,N,REGDN,5.88
12/26/2025,16,2,N,REGUP,0
12/26/2025,16,2,N,RRS,0
12/26/2025,16,1,N,ECRS,0
12/26/2025,16,1,N,NSPIN,0.01
12/26/2025,16,1,N,REGDN,3.77
12/26/2025,16,1,N,REGUP,0
12/26/2025,16,1,N,RRS,0
12/26/2025,17,4,N,ECRS,0.02
12/26/2025,17,4,N,NSPIN,0.2
12/26/2025,17,4,N,REGDN,0.6
12/26/2025,17,4,N,REGUP,0.02
12/26/2025,17,4,N,RRS,0.03
12/26/2025,17,3,N,ECRS,0
12/26/2025,17,3,N,NSPIN,0.06
12/26/2025,17,3,N,REGDN,0.68
12/26/2025,17,3,N,REGUP,0
12/26/2025,17,3,N,RRS,0.01
12/26/2025,17,2,N,ECRS,0
12/26/2025,17,2,N,NSPIN,0.02
12/26/2025,17,2,N,REGDN,0.74
12/26/2025,17,2,N,REGUP,0
12/26/2025,17,2,N,RRS,0
12/26/2025,17,1,N,ECRS,0
12/26/2025,17,1,N,NSPIN,0.01
12/26/2025,17,1,N,REGDN,2.88
12/26/2025,17,1,N,REGUP,0
12/26/2025,17,1,N,RRS,0
12/26/2025,18,4,N,ECRS,2.85
12/26/2025,18,4,N,NSPIN,2.98
12/26/2025,18,4,N,REGDN,1.12
12/26/2025,18,4,N,REGUP,2.82
12/26/2025,18,4,N,RRS,2.85
12/26/2025,18,3,N,ECRS,2.94
12/26/2025,18,3,N,NSPIN,2.94
12/26/2025,18,3,N,REGDN,1
12/26/2025,18,3,N,REGUP,2.04
12/26/2025,18,3,N,RRS,2.94
12/26/2025,18,2,N,ECRS,2.84
12/26/2025,18,2,N,NSPIN,2.84
12/26/2025,18,2,N,REGDN,0.67
12/26/2025,18,2,N,REGUP,2.03
12/26/2025,18,2,N,RRS,2.84
12/26/2025,18,1,N,ECRS,1.32
12/26/2025,18,1,N,NSPIN,1.57
12/26/2025,18,1,N,REGDN,0.71
12/26/2025,18,1,N,REGUP,1.3
12/26/2025,18,1,N,RRS,1.3
12/26/2025,19,4,N,ECRS,0.71
12/26/2025,19,4,N,NSPIN,2.79
12/26/2025,19,4,N,REGDN,0.2
12/26/2025,19,4,N,REGUP,0
12/26/2025,19,4,N,RRS,0.36
12/26/2025,19,3,N,ECRS,0.77
12/26/2025,19,3,N,NSPIN,3
12/26/2025,19,3,N,REGDN,0.01
12/26/2025,19,3,N,REGUP,0
12/26/2025,19,3,N,RRS,0.41
12/26/2025,19,2,N,ECRS,0.8
12/26/2025,19,2,N,NSPIN,3.01
12/26/2025,19,2,N,REGDN,0.01
12/26/2025,19,2,N,REGUP,0
12/26/2025,19,2,N,RRS,0.52
12/26/2025,19,1,N,ECRS,1.13
12/26/2025,19,1,N,NSPIN,3.15
12/26/2025,19,1,N,REGDN,0.04
12/26/2025,19,1,N,REGUP,0.12
12/26/2025,19,1,N,RRS,1.2
12/26/2025,20,4,N,ECRS,0.25
12/26/2025,20,4,N,NSPIN,0.99
12/26/2025,20,4,N,REGDN,0.19
12/26/2025,20,4,N,REGUP,0
12/26/2025,20,4,N,RRS,0.13
12/26/2025,20,3,N,ECRS,0.27
12/26/2025,20,3,N,NSPIN,1.05
12/26/2025,20,3,N,REGDN,0
12/26/2025,20,3,N,REGUP,0
12/26/2025,20,3,N,RRS,0.14
12/26/2025,20,2,N,ECRS,0.27
12/26/2025,20,2,N,NSPIN,1.06
12/26/2025,20,2,N,REGDN,0
12/26/2025,20,2,N,REGUP,0
12/26/2025,20,2,N,RRS,0.14
12/26/2025,20,1,N,ECRS,0.3
12/26/2025,20,1,N,NSPIN,1.19
12/26/2025,20,1,N,REGDN,0.01
12/26/2025,20,1,N,REGUP,0
12/26/2025,20,1,N,RRS,0.16
12/26/2025,21,4,N,ECRS,0.26
12/26/2025,21,4,N,NSPIN,1.01
12/26/2025,21,4,N,REGDN,0.1
12/26/2025,21,4,N,REGUP,0
12/26/2025,21,4,N,RRS,0.14
12/26/2025,21,3,N,ECRS,0.26
12/26/2025,21,3,N,NSPIN,1.01
12/26/2025,21,3,N,REGDN,0.01
12/26/2025,21,3,N,REGUP,0
12/26/2025,21,3,N,RRS,0.14
12/26/2025,21,2,N,ECRS,0.26
12/26/2025,21,2,N,NSPIN,1.02
12/26/2025,21,2,N,REGDN,0.01
12/26/2025,21,2,N,REGUP,0
12/26/2025,21,2,N,RRS,0.14
12/26/2025,21,1,N,ECRS,0.26
12/26/2025,21,1,N,NSPIN,1.02
12/26/2025,21,1,N,REGDN,0.02
12/26/2025,21,1,N,REGUP,0
12/26/2025,21,1,N,RRS,0.14
12/26/2025,22,4,N,ECRS,0.24
12/26/2025,22,4,N,NSPIN,0.94
12/26/2025,22,4,N,REGDN,0.31
12/26/2025,22,4,N,REGUP,0
12/26/2025,22,4,N,RRS,0.12
12/26/2025,22,3,N,ECRS,0.24
12/26/2025,22,3,N,NSPIN,0.96
12/26/2025,22,3,N,REGDN,0.31
12/26/2025,22,3,N,REGUP,0
12/26/2025,22,3,N,RRS,0.12
12/26/2025,22,2,N,ECRS,0.24
12/26/2025,22,2,N,NSPIN,0.97
12/26/2025,22,2,N,REGDN,0.31
12/26/2025,22,2,N,REGUP,0
12/26/2025,22,2,N,RRS,0.12
12/26/2025,22,1,N,ECRS,0.24
12/26/2025,22,1,N,NSPIN,0.97
12/26/2025,22,1,N,REGDN,0.31
12/26/2025,22,1,N,REGUP,0
12/26/2025,22,1,N,RRS,0.12
12/26/2025,23,4,N,ECRS,0.01
12/26/2025,23,4,N,NSPIN,0.25
12/26/2025,23,4,N,REGDN,0.36
12/26/2025,23,4,N,REGUP,0
12/26/2025,23,4,N,RRS,0.03
12/26/2025,23,3,N,ECRS,0.01
12/26/2025,23,3,N,NSPIN,0.25
12/26/2025,23,3,N,REGDN,0.25
12/26/2025,23,3,N,REGUP,0
12/26/2025,23,3,N,RRS,0.03
12/26/2025,23,2,N,ECRS,0.01
12/26/2025,23,2,N,NSPIN,0.25
12/26/2025,23,2,N,REGDN,0.01
12/26/2025,23,2,N,REGUP,0
12/26/2025,23,2,N,RRS,0.03
12/26/2025,23,1,N,ECRS,0.02
12/26/2025,23,1,N,NSPIN,0.29
12/26/2025,23,1,N,REGDN,0.15
12/26/2025,23,1,N,REGUP,0
12/26/2025,23,1,N,RRS,0.04
12/26/2025,24,4,N,ECRS,0.01
12/26/2025,24,4,N,NSPIN,0.13
12/26/2025,24,4,N,REGDN,0.53
12/26/2025,24,4,N,REGUP,0
12/26/2025,24,4,N,RRS,0.02
12/26/2025,24,3,N,ECRS,0.01
12/26/2025,24,3,N,NSPIN,0.21
12/26/2025,24,3,N,REGDN,0.47
12/26/2025,24,3,N,REGUP,0
12/26/2025,24,3,N,RRS,0.03
12/26/2025,24,2,N,ECRS,0.01
12/26/2025,24,2,N,NSPIN,0.22
12/26/2025,24,2,N,REGDN,0.28
12/26/2025,24,2,N,REGUP,0
12/26/2025,24,2,N,RRS,0.03
12/26/2025,24,1,N,ECRS,0.01
12/26/2025,24,1,N,NSPIN,0.22
12/26/2025,24,1,N,REGDN,0.18
12/26/2025,24,1,N,REGUP,0
12/26/2025,24,1,N,RRS,0.03
12/27/2025,1,4,N,ECRS,0.06
12/27/2025,1,4,N,NSPIN,0.25
12/27/2025,1,4,N,REGDN,0.01
12/27/2025,1,4,N,REGUP,0
12/27/2025,1,4,N,RRS,0.03
12/27/2025,1,3,N,ECRS,0.06
12/27/2025,1,3,N,NSPIN,0.25
12/27/2025,1,3,N,REGDN,0.14
12/27/2025,1,3,N,REGUP,0
12/27/2025,1,3,N,RRS,0.03
12/27/2025,1,2,N,ECRS,0.06
12/27/2025,1,2,N,NSPIN,0.25
12/27/2025,1,2,N,REGDN,0.08
12/27/2025,1,2,N,REGUP,0
12/27/2025,1,2,N,RRS,0.03
12/27/2025,1,1,N,ECRS,0.03
12/27/2025,1,1,N,NSPIN,0.23
12/27/2025,1,1,N,REGDN,0.13
12/27/2025,1,1,N,REGUP,0
12/27/2025,1,1,N,RRS,0.03
12/27/2025,2,4,N,ECRS,0.02
12/27/2025,2,4,N,NSPIN,0.15
12/27/2025,2,4,N,REGDN,0
12/27/2025,2,4,N,REGUP,0
12/27/2025,2,4,N,RRS,0.02
12/27/2025,2,3,N,ECRS,0.02
12/27/2025,2,3,N,NSPIN,0.18
12/27/2025,2,3,N,REGDN,0
12/27/2025,2,3,N,REGUP,0
12/27/2025,2,3,N,RRS,0.02
12/27/2025,2,2,N,ECRS,0.03
12/27/2025,2,2,N,NSPIN,0.24
12/27/2025,2,2,N,REGDN,0
12/27/2025,2,2,N,REGUP,0
12/27/2025,2,2,N,RRS,0.03
12/27/2025,2,1,N,ECRS,0.01
12/27/2025,2,1,N,NSPIN,0.25
12/27/2025,2,1,N,REGDN,0.01
12/27/2025,2,1,N,REGUP,0
12/27/2025,2,1,N,RRS,0.03
12/27/2025,3,4,N,ECRS,0.01
12/27/2025,3,4,N,NSPIN,0.11
12/27/2025,3,4,N,REGDN,0
12/27/2025,3,4,N,REGUP,0
12/27/2025,3,4,N,RRS,0.01
12/27/2025,3,3,N,ECRS,0.02
12/27/2025,3,3,N,NSPIN,0.14
12/27/2025,3,3,N,REGDN,0
12/27/2025,3,3,N,REGUP,0
12/27/2025,3,3,N,RRS,0.02
12/27/2025,3,2,N,ECRS,0.01
12/27/2025,3,2,N,NSPIN,0.16
12/27/2025,3,2,N,REGDN,0
12/27/2025,3,2,N,REGUP,0
12/27/2025,3,2,N,RRS,0.01
12/27/2025,3,1,N,ECRS,0.01
12/27/2025,3,1,N,NSPIN,0.21
12/27/2025,3,1,N,REGDN,0
12/27/2025,3,1,N,REGUP,0
12/27/2025,3,1,N,RRS,0.02
12/27/2025,4,4,N,ECRS,0.01
12/27/2025,4,4,N,NSPIN,0.06
12/27/2025,4,4,N,REGDN,0
12/27/2025,4,4,N,REGUP,0
12/27/2025,4,4,N,RRS,0.01
12/27/2025,4,3,N,ECRS,0.01
12/27/2025,4,3,N,NSPIN,0.07
12/27/2025,4,3,N,REGDN,0
12/27/2025,4,3,N,REGUP,0
12/27/2025,4,3,N,RRS,0.01
12/27/2025,4,2,N,ECRS,0.01
12/27/2025,4,2,N,NSPIN,0.07
12/27/2025,4,2,N,REGDN,0
12/27/2025,4,2,N,REGUP,0
12/27/2025,4,2,N,RRS,0.01
12/27/2025,4,1,N,ECRS,0.01
12/27/2025,4,1,N,NSPIN,0.08
12/27/2025,4,1,N,REGDN,0
12/27/2025,4,1,N,REGUP,0.01
12/27/2025,4,1,N,RRS,0.01
12/27/2025,5,4,N,ECRS,0.01
12/27/2025,5,4,N,NSPIN,0.07
12/27/2025,5,4,N,REGDN,0.07
12/27/2025,5,4,N,REGUP,0
12/27/2025,5,4,N,RRS,0.01
12/27/2025,5,3,N,ECRS,0.01
12/27/2025,5,3,N,NSPIN,0.04
12/27/2025,5,3,N,REGDN,0.03
12/27/2025,5,3,N,REGUP,0
12/27/2025,5,3,N,RRS,0.01
12/27/2025,5,2,N,ECRS,0.01
12/27/2025,5,2,N,NSPIN,0.04
12/27/2025,5,2,N,REGDN,0.09
12/27/2025,5,2,N,REGUP,0
12/27/2025,5,2,N,RRS,0.01
12/27/2025,5,1,N,ECRS,0.01
12/27/2025,5,1,N,NSPIN,0.06
12/27/2025,5,1,N,REGDN,0
12/27/2025,5,1,N,REGUP,0
12/27/2025,5,1,N,RRS,0.01
12/27/2025,6,4,N,ECRS,0.01
12/27/2025,6,4,N,NSPIN,0.09
12/27/2025,6,4,N,REGDN,0.33
12/27/2025,6,4,N,REGUP,0
12/27/2025,6,4,N,RRS,0.01
12/27/2025,6,3,N,ECRS,0.01
12/27/2025,6,3,N,NSPIN,0.08
12/27/2025,6,3,N,REGDN,0.14
12/27/2025,6,3,N,REGUP,0
12/27/2025,6,3,N,RRS,0.01
12/27/2025,6,2,N,ECRS,0.01
12/27/2025,6,2,N,NSPIN,0.07
12/27/2025,6,2,N,REGDN,0.15
12/27/2025,6,2,N,REGUP,0
12/27/2025,6,2,N,RRS,0.01
12/27/2025,6,1,N,ECRS,0.01
12/27/2025,6,1,N,NSPIN,0.07
12/27/2025,6,1,N,REGDN,0.03
12/27/2025,6,1,N,REGUP,0
12/27/2025,6,1,N,RRS,0.01
12/27/2025,7,4,N,ECRS,0.01
12/27/2025,7,4,N,NSPIN,0.25
12/27/2025,7,4,N,REGDN,0.06
12/27/2025,7,4,N,REGUP,0
12/27/2025,7,4,N,RRS,0.02
12/27/2025,7,3,N,ECRS,0.01
12/27/2025,7,3,N,NSPIN,0.22
12/27/2025,7,3,N,REGDN,0.09
12/27/2025,7,3,N,REGUP,0
12/27/2025,7,3,N,RRS,0.02
12/27/2025,7,2,N,ECRS,0.01
12/27/2025,7,2,N,NSPIN,0.2
12/27/2025,7,2,N,REGDN,0.1
12/27/2025,7,2,N,REGUP,0
12/27/2025,7,2,N,RRS,0.01
12/27/2025,7,1,N,ECRS,0.01
12/27/2025,7,1,N,NSPIN,0.18
12/27/2025,7,1,N,REGDN,0.03
12/27/2025,7,1,N,REGUP,0
12/27/2025,7,1,N,RRS,0.02
12/27/2025,8,4,N,ECRS,0.03
12/27/2025,8,4,N,NSPIN,0.25
12/27/2025,8,4,N,REGDN,0
12/27/2025,8,4,N,REGUP,0
12/27/2025,8,4,N,RRS,0.03
12/27/2025,8,3,N,ECRS,0.03
12/27/2025,8,3,N,NSPIN,0.24
12/27/2025,8,3,N,REGDN,0.34
12/27/2025,8,3,N,REGUP,0
12/27/2025,8,3,N,RRS,0.03
12/27/2025,8,2,N,ECRS,0.03
12/27/2025,8,2,N,NSPIN,0.22
12/27/2025,8,2,N,REGDN,0.25
12/27/2025,8,2,N,REGUP,0
12/27/2025,8,2,N,RRS,0.03
12/27/2025,8,1,N,ECRS,0.03
12/27/2025,8,1,N,NSPIN,0.25
12/27/2025,8,1,N,REGDN,0.08
12/27/2025,8,1,N,REGUP,0
12/27/2025,8,1,N,RRS,0.03
12/27/2025,9,4,N,ECRS,0.01
12/27/2025,9,4,N,NSPIN,0.04
12/27/2025,9,4,N,REGDN,0.4
12/27/2025,9,4,N,REGUP,0
12/27/2025,9,4,N,RRS,0.01
12/27/2025,9,3,N,ECRS,0.02
12/27/2025,9,3,N,NSPIN,0.08
12/27/2025,9,3,N,REGDN,0.03
12/27/2025,9,3,N,REGUP,0
12/27/2025,9,3,N,RRS,0.01
12/27/2025,9,2,N,ECRS,0.04
12/27/2025,9,2,N,NSPIN,0.17
12/27/2025,9,2,N,REGDN,0
12/27/2025,9,2,N,REGUP,0
12/27/2025,9,2,N,RRS,0.02
12/27/2025,9,1,N,ECRS,0.03
12/27/2025,9,1,N,NSPIN,0.19
12/27/2025,9,1,N,REGDN,0.01
12/27/2025,9,1,N,REGUP,0
12/27/2025,9,1,N,RRS,0.02
12/27/2025,10,4,N,ECRS,0.01
12/27/2025,10,4,N,NSPIN,0.02
12/27/2025,10,4,N,REGDN,0.14
12/27/2025,10,4,N,REGUP,0
12/27/2025,10,4,N,RRS,0
12/27/2025,10,3,N,ECRS,0.01
12/27/2025,10,3,N,NSPIN,0.02
12/27/2025,10,3,N,REGDN,0.08
12/27/2025,10,3,N,REGUP,0
12/27/2025,10,3,N,RRS,0
12/27/2025,10,2,N,ECRS,0.01
12/27/2025,10,2,N,NSPIN,0.02
12/27/2025,10,2,N,REGDN,0.12
12/27/2025,10,2,N,REGUP,0
12/27/2025,10,2,N,RRS,0
12/27/2025,10,1,N,ECRS,0.01
12/27/2025,10,1,N,NSPIN,0.03
12/27/2025,10,1,N,REGDN,0.12
12/27/2025,10,1,N,REGUP,0
12/27/2025,10,1,N,RRS,0.01
12/27/2025,11,4,N,ECRS,0.01
12/27/2025,11,4,N,NSPIN,0.02
12/27/2025,11,4,N,REGDN,0.91
12/27/2025,11,4,N,REGUP,0
12/27/2025,11,4,N,RRS,0
12/27/2025,11,3,N,ECRS,0.01
12/27/2025,11,3,N,NSPIN,0.02
12/27/2025,11,3,N,REGDN,0.4
12/27/2025,11,3,N,REGUP,0
12/27/2025,11,3,N,RRS,0
12/27/2025,11,2,N,ECRS,0.01
12/27/2025,11,2,N,NSPIN,0.02
12/27/2025,11,2,N,REGDN,0.28
12/27/2025,11,2,N,REGUP,0
12/27/2025,11,2,N,RRS,0
12/27/2025,11,1,N,ECRS,0.01
12/27/2025,11,1,N,NSPIN,0.02
12/27/2025,11,1,N,REGDN,0.19
12/27/2025,11,1,N,REGUP,0
12/27/2025,11,1,N,RRS,0
12/27/2025,12,4,N,ECRS,0.01
12/27/2025,12,4,N,NSPIN,0.03
12/27/2025,12,4,N,REGDN,0.19
12/27/2025,12,4,N,REGUP,0
12/27/2025,12,4,N,RRS,0
12/27/2025,12,3,N,ECRS,0.01
12/27/2025,12,3,N,NSPIN,0.03
12/27/2025,12,3,N,REGDN,0.24
12/27/2025,12,3,N,REGUP,0
12/27/2025,12,3,N,RRS,0
12/27/2025,12,2,N,ECRS,0.01
12/27/2025,12,2,N,NSPIN,0.04
12/27/2025,12,2,N,REGDN,0.57
12/27/2025,12,2,N,REGUP,0
12/27/2025,12,2,N,RRS,0.01
12/27/2025,12,1,N,ECRS,0.01
12/27/2025,12,1,N,NSPIN,0.03
12/27/2025,12,1,N,REGDN,0.99
12/27/2025,12,1,N,REGUP,0
12/27/2025,12,1,N,RRS,0
12/27/2025,13,4,N,ECRS,0.01
12/27/2025,13,4,N,NSPIN,0.02
12/27/2025,13,4,N,REGDN,0.51
12/27/2025,13,4,N,REGUP,0
12/27/2025,13,4,N,RRS,0
12/27/2025,13,3,N,ECRS,0.01
12/27/2025,13,3,N,NSPIN,0.02
12/27/2025,13,3,N,REGDN,0.45
12/27/2025,13,3,N,REGUP,0
12/27/2025,13,3,N,RRS,0
12/27/2025,13,2,N,ECRS,0.01
12/27/2025,13,2,N,NSPIN,0.03
12/27/2025,13,2,N,REGDN,0.65
12/27/2025,13,2,N,REGUP,0
12/27/2025,13,2,N,RRS,0
12/27/2025,13,1,N,ECRS,0.01
12/27/2025,13,1,N,NSPIN,0.02
12/27/2025,13,1,N,REGDN,0.49
12/27/2025,13,1,N,REGUP,0
12/27/2025,13,1,N,RRS,0
12/27/2025,14,4,N,ECRS,0
12/27/2025,14,4,N,NSPIN,0.01
12/27/2025,14,4,N,REGDN,0.31
12/27/2025,14,4,N,REGUP,0
12/27/2025,14,4,N,RRS,0
12/27/2025,14,3,N,ECRS,0
12/27/2025,14,3,N,NSPIN,0.01
12/27/2025,14,3,N,REGDN,0.37
12/27/2025,14,3,N,REGUP,0
12/27/2025,14,3,N,RRS,0
12/27/2025,14,2,N,ECRS,0
12/27/2025,14,2,N,NSPIN,0.01
12/27/2025,14,2,N,REGDN,0.23
12/27/2025,14,2,N,REGUP,0
12/27/2025,14,2,N,RRS,0
12/27/2025,14,1,N,ECRS,0
12/27/2025,14,1,N,NSPIN,0.01
12/27/2025,14,1,N,REGDN,0.24
12/27/2025,14,1,N,REGUP,0
12/27/2025,14,1,N,RRS,0
12/27/2025,15,4,N,ECRS,0
12/27/2025,15,4,N,NSPIN,0.01
12/27/2025,15,4,N,REGDN,0.23
12/27/2025,15,4,N,REGUP,0
12/27/2025,15,4,N,RRS,0
12/27/2025,15,3,N,ECRS,0
12/27/2025,15,3,N,NSPIN,0.01
12/27/2025,15,3,N,REGDN,0.59
12/27/2025,15,3,N,REGUP,0
12/27/2025,15,3,N,RRS,0
12/27/2025,15,2,N,ECRS,0
12/27/2025,15,2,N,NSPIN,0.01
12/27/2025,15,2,N,REGDN,0.15
12/27/2025,15,2,N,REGUP,0
12/27/2025,15,2,N,RRS,0
12/27/2025,15,1,N,ECRS,0
12/27/2025,15,1,N,NSPIN,0.01
12/27/2025,15,1,N,REGDN,0.17
12/27/2025,15,1,N,REGUP,0
12/27/2025,15,1,N,RRS,0
12/27/2025,16,4,N,ECRS,0.01
12/27/2025,16,4,N,NSPIN,0.01
12/27/2025,16,4,N,REGDN,5.4
12/27/2025,16,4,N,REGUP,0
12/27/2025,16,4,N,RRS,0.01
12/27/2025,16,3,N,ECRS,0.01
12/27/2025,16,3,N,NSPIN,0.01
12/27/2025,16,3,N,REGDN,4.6
12/27/2025,16,3,N,REGUP,0
12/27/2025,16,3,N,RRS,0.01
12/27/2025,16,2,N,ECRS,0
12/27/2025,16,2,N,NSPIN,0.01
12/27/2025,16,2,N,REGDN,0.9
12/27/2025,16,2,N,REGUP,0
12/27/2025,16,2,N,RRS,0
12/27/2025,16,1,N,ECRS,0
12/27/2025,16,1,N,NSPIN,0.01
12/27/2025,16,1,N,REGDN,0.05
12/27/2025,16,1,N,REGUP,0
12/27/2025,16,1,N,RRS,0
12/27/2025,17,4,N,ECRS,0.01
12/27/2025,17,4,N,NSPIN,0.03
12/27/2025,17,4,N,REGDN,0.21
12/27/2025,17,4,N,REGUP,0
12/27/2025,17,4,N,RRS,0.01
12/27/2025,17,3,N,ECRS,0
12/27/2025,17,3,N,NSPIN,0.01
12/27/2025,17,3,N,REGDN,0.2
12/27/2025,17,3,N,REGUP,0.01
12/27/2025,17,3,N,RRS,0
12/27/2025,17,2,N,ECRS,0
12/27/2025,17,2,N,NSPIN,0.01
12/27/2025,17,2,N,REGDN,0.96
12/27/2025,17,2,N,REGUP,0
12/27/2025,17,2,N,RRS,0
12/27/2025,17,1,N,ECRS,0
12/27/2025,17,1,N,NSPIN,0.01
12/27/2025,17,1,N,REGDN,5.44
12/27/2025,17,1,N,REGUP,0
12/27/2025,17,1,N,RRS,0
12/27/2025,18,4,N,ECRS,0.06
12/27/2025,18,4,N,NSPIN,0.25
12/27/2025,18,4,N,REGDN,0.07
12/27/2025,18,4,N,REGUP,0
12/27/2025,18,4,N,RRS,0.03
12/27/2025,18,3,N,ECRS,0.06
12/27/2025,18,3,N,NSPIN,0.25
12/27/2025,18,3,N,REGDN,0.44
12/27/2025,18,3,N,REGUP,0
12/27/2025,18,3,N,RRS,0.03
12/27/2025,18,2,N,ECRS,0.05
12/27/2025,18,2,N,NSPIN,0.25
12/27/2025,18,2,N,REGDN,0.2
12/27/2025,18,2,N,REGUP,0
12/27/2025,18,2,N,RRS,0.04
12/27/2025,18,1,N,ECRS,0.04
12/27/2025,18,1,N,NSPIN,0.19
12/27/2025,18,1,N,REGDN,0.06
12/27/2025,18,1,N,REGUP,0
12/27/2025,18,1,N,RRS,0.03
12/27/2025,19,4,N,ECRS,0.01
12/27/2025,19,4,N,NSPIN,0.35
12/27/2025,19,4,N,REGDN,0.11
12/27/2025,19,4,N,REGUP,0
12/27/2025,19,4,N,RRS,0.04
12/27/2025,19,3,N,ECRS,0.01
12/27/2025,19,3,N,NSPIN,0.4
12/27/2025,19,3,N,REGDN,0
12/27/2025,19,3,N,REGUP,0
12/27/2025,19,3,N,RRS,0.05
12/27/2025,19,2,N,ECRS,0.03
12/27/2025,19,2,N,NSPIN,0.38
12/27/2025,19,2,N,REGDN,0
12/27/2025,19,2,N,REGUP,0
12/27/2025,19,2,N,RRS,0.05
12/27/2025,19,1,N,ECRS,0.01
12/27/2025,19,1,N,NSPIN,0.34
12/27/2025,19,1,N,REGDN,0
12/27/2025,19,1,N,REGUP,0
12/27/2025,19,1,N,RRS,0.04
12/27/2025,20,4,N,ECRS,0.01
12/27/2025,20,4,N,NSPIN,0.52
12/27/2025,20,4,N,REGDN,0.07
12/27/2025,20,4,N,REGUP,0
12/27/2025,20,4,N,RRS,0.06
12/27/2025,20,3,N,ECRS,0.01
12/27/2025,20,3,N,NSPIN,0.49
12/27/2025,20,3,N,REGDN,0
12/27/2025,20,3,N,REGUP,0
12/27/2025,20,3,N,RRS,0.06
12/27/2025,20,2,N,ECRS,0.01
12/27/2025,20,2,N,NSPIN,0.47
12/27/2025,20,2,N,REGDN,0
12/27/2025,20,2,N,REGUP,0
12/27/2025,20,2,N,RRS,0.06
12/27/2025,20,1,N,ECRS,0.02
12/27/2025,20,1,N,NSPIN,0.5
12/27/2025,20,1,N,REGDN,0.01
12/27/2025,20,1,N,REGUP,0
12/27/2025,20,1,N,RRS,0.07
12/27/2025,21,4,N,ECRS,0.07
12/27/2025,21,4,N,NSPIN,0.42
12/27/2025,21,4,N,REGDN,0
12/27/2025,21,4,N,REGUP,0
12/27/2025,21,4,N,RRS,0.05
12/27/2025,21,3,N,ECRS,0.06
12/27/2025,21,3,N,NSPIN,0.39
12/27/2025,21,3,N,REGDN,0
12/27/2025,21,3,N,REGUP,0
12/27/2025,21,3,N,RRS,0.05
12/27/2025,21,2,N,ECRS,0.04
12/27/2025,21,2,N,NSPIN,0.35
12/27/2025,21,2,N,REGDN,0
12/27/2025,21,2,N,REGUP,0
12/27/2025,21,2,N,RRS,0.04
12/27/2025,21,1,N,ECRS,0.03
12/27/2025,21,1,N,NSPIN,0.32
12/27/2025,21,1,N,REGDN,0
12/27/2025,21,1,N,REGUP,0
12/27/2025,21,1,N,RRS,0.04
12/27/2025,22,4,N,ECRS,0.03
12/27/2025,22,4,N,NSPIN,0.25
12/27/2025,22,4,N,REGDN,0.01
12/27/2025,22,4,N,REGUP,0
12/27/2025,22,4,N,RRS,0.03
12/27/2025,22,3,N,ECRS,0.03
12/27/2025,22,3,N,NSPIN,0.25
12/27/2025,22,3,N,REGDN,0
12/27/2025,22,3,N,REGUP,0
12/27/2025,22,3,N,RRS,0.03
12/27/2025,22,2,N,ECRS,0.03
12/27/2025,22,2,N,NSPIN,0.26
12/27/2025,22,2,N,REGDN,0
12/27/2025,22,2,N,REGUP,0
12/27/2025,22,2,N,RRS,0.03
12/27/2025,22,1,N,ECRS,0.03
12/27/2025,22,1,N,NSPIN,0.25
12/27/2025,22,1,N,REGDN,0
12/27/2025,22,1,N,REGUP,0
12/27/2025,22,1,N,RRS,0.03
12/27/2025,23,4,N,ECRS,0.04
12/27/2025,23,4,N,NSPIN,0.25
12/27/2025,23,4,N,REGDN,0.42
12/27/2025,23,4,N,REGUP,0
12/27/2025,23,4,N,RRS,0.03
12/27/2025,23,3,N,ECRS,0.05
12/27/2025,23,3,N,NSPIN,0.31
12/27/2025,23,3,N,REGDN,0.16
12/27/2025,23,3,N,REGUP,0
12/27/2025,23,3,N,RRS,0.04
12/27/2025,23,2,N,ECRS,0.05
12/27/2025,23,2,N,NSPIN,0.37
12/27/2025,23,2,N,REGDN,0.25
12/27/2025,23,2,N,REGUP,0
12/27/2025,23,2,N,RRS,0.05
12/27/2025,23,1,N,ECRS,0.05
12/27/2025,23,1,N,NSPIN,0.37
12/27/2025,23,1,N,REGDN,0.04
12/27/2025,23,1,N,REGUP,0
12/27/2025,23,1,N,RRS,0.05
12/27/2025,24,4,N,ECRS,0.05
12/27/2025,24,4,N,NSPIN,0.23
12/27/2025,24,4,N,REGDN,0.17
12/27/2025,24,4,N,REGUP,0
12/27/2025,24,4,N,RRS,0.03
12/27/2025,24,3,N,ECRS,0.06
12/27/2025,24,3,N,NSPIN,0.25
12/27/2025,24,3,N,REGDN,0.44
12/27/2025,24,3,N,REGUP,0
12/27/2025,24,3,N,RRS,0.03
12/27/2025,24,2,N,ECRS,0.06
12/27/2025,24,2,N,NSPIN,0.25
12/27/2025,24,2,N,REGDN,0.03
12/27/2025,24,2,N,REGUP,0
12/27/2025,24,2,N,RRS,0.03
12/27/2025,24,1,N,ECRS,0.06
12/27/2025,24,1,N,NSPIN,0.25
12/27/2025,24,1,N,REGDN,0.13
12/27/2025,24,1,N,REGUP,0
12/27/2025,24,1,N,RRS,0.03
12/28/2025,1,4,N,ECRS,0.01
12/28/2025,1,4,N,NSPIN,0.16
12/28/2025,1,4,N,REGDN,0
12/28/2025,1,4,N,REGUP,0
12/28/2025,1,4,N,RRS,0.02
12/28/2025,1,3,N,ECRS,0.01
12/28/2025,1,3,N,NSPIN,0.24
12/28/2025,1,3,N,REGDN,0
12/28/2025,1,3,N,REGUP,0
12/28/2025,1,3,N,RRS,0.03
12/28/2025,1,2,N,ECRS,0.01
12/28/2025,1,2,N,NSPIN,0.21
12/28/2025,1,2,N,REGDN,0.01
12/28/2025,1,2,N,REGUP,0
12/28/2025,1,2,N,RRS,0.02
12/28/2025,1,1,N,ECRS,0.03
12/28/2025,1,1,N,NSPIN,0.24
12/28/2025,1,1,N,REGDN,0
12/28/2025,1,1,N,REGUP,0
12/28/2025,1,1,N,RRS,0.03
12/28/2025,2,4,N,ECRS,0.01
12/28/2025,2,4,N,NSPIN,0.07
12/28/2025,2,4,N,REGDN,0
12/28/2025,2,4,N,REGUP,0
12/28/2025,2,4,N,RRS,0.01
12/28/2025,2,3,N,ECRS,0.01
12/28/2025,2,3,N,NSPIN,0.09
12/28/2025,2,3,N,REGDN,0
12/28/2025,2,3,N,REGUP,0
12/28/2025,2,3,N,RRS,0.01
12/28/2025,2,2,N,ECRS,0.01
12/28/2025,2,2,N,NSPIN,0.08
12/28/2025,2,2,N,REGDN,0
12/28/2025,2,2,N,REGUP,0
12/28/2025,2,2,N,RRS,0.01
12/28/2025,2,1,N,ECRS,0.01
12/28/2025,2,1,N,NSPIN,0.11
12/28/2025,2,1,N,REGDN,0
12/28/2025,2,1,N,REGUP,0
12/28/2025,2,1,N,RRS,0.01
12/28/2025,3,4,N,ECRS,0.01
12/28/2025,3,4,N,NSPIN,0.05
12/28/2025,3,4,N,REGDN,0.01
12/28/2025,3,4,N,REGUP,0
12/28/2025,3,4,N,RRS,0
12/28/2025,3,3,N,ECRS,0.01
12/28/2025,3,3,N,NSPIN,0.05
12/28/2025,3,3,N,REGDN,0
12/28/2025,3,3,N,REGUP,0
12/28/2025,3,3,N,RRS,0
12/28/2025,3,2,N,ECRS,0.01
12/28/2025,3,2,N,NSPIN,0.04
12/28/2025,3,2,N,REGDN,0
12/28/2025,3,2,N,REGUP,0
12/28/2025,3,2,N,RRS,0
12/28/2025,3,1,N,ECRS,0.01
12/28/2025,3,1,N,NSPIN,0.05
12/28/2025,3,1,N,REGDN,0
12/28/2025,3,1,N,REGUP,0
12/28/2025,3,1,N,RRS,0
12/28/2025,4,4,N,ECRS,0.01
12/28/2025,4,4,N,NSPIN,0.13
12/28/2025,4,4,N,REGDN,0
12/28/2025,4,4,N,REGUP,0
12/28/2025,4,4,N,RRS,0.01
12/28/2025,4,3,N,ECRS,0.01
12/28/2025,4,3,N,NSPIN,0.15
12/28/2025,4,3,N,REGDN,0
12/28/2025,4,3,N,REGUP,0
12/28/2025,4,3,N,RRS,0.01
12/28/2025,4,2,N,ECRS,0.01
12/28/2025,4,2,N,NSPIN,0.12
12/28/2025,4,2,N,REGDN,0
12/28/2025,4,2,N,REGUP,0
12/28/2025,4,2,N,RRS,0.01
12/28/2025,4,1,N,ECRS,0.01
12/28/2025,4,1,N,NSPIN,0.09
12/28/2025,4,1,N,REGDN,0.01
12/28/2025,4,1,N,REGUP,0
12/28/2025,4,1,N,RRS,0.01
12/28/2025,5,4,N,ECRS,0.01
12/28/2025,5,4,N,NSPIN,0.11
12/28/2025,5,4,N,REGDN,0
12/28/2025,5,4,N,REGUP,0
12/28/2025,5,4,N,RRS,0.01
12/28/2025,5,3,N,ECRS,0.01
12/28/2025,5,3,N,NSPIN,0.1
12/28/2025,5,3,N,REGDN,0
12/28/2025,5,3,N,REGUP,0
12/28/2025,5,3,N,RRS,0.01
12/28/2025,5,2,N,ECRS,0.01
12/28/2025,5,2,N,NSPIN,0.09
12/28/2025,5,2,N,REGDN,0
12/28/2025,5,2,N,REGUP,0
12/28/2025,5,2,N,RRS,0.01
12/28/2025,5,1,N,ECRS,0.01
12/28/2025,5,1,N,NSPIN,0.11
12/28/2025,5,1,N,REGDN,0
12/28/2025,5,1,N,REGUP,0
12/28/2025,5,1,N,RRS,0.01
12/28/2025,6,4,N,ECRS,0.02
12/28/2025,6,4,N,NSPIN,0.23
12/28/2025,6,4,N,REGDN,0
12/28/2025,6,4,N,REGUP,0
12/28/2025,6,4,N,RRS,0.03
12/28/2025,6,3,N,ECRS,0.01
12/28/2025,6,3,N,NSPIN,0.14
12/28/2025,6,3,N,REGDN,0
12/28/2025,6,3,N,REGUP,0
12/28/2025,6,3,N,RRS,0.02
12/28/2025,6,2,N,ECRS,0.01
12/28/2025,6,2,N,NSPIN,0.13
12/28/2025,6,2,N,REGDN,0.05
12/28/2025,6,2,N,REGUP,0
12/28/2025,6,2,N,RRS,0.02
12/28/2025,6,1,N,ECRS,0.01
12/28/2025,6,1,N,NSPIN,0.13
12/28/2025,6,1,N,REGDN,0
12/28/2025,6,1,N,REGUP,0
12/28/2025,6,1,N,RRS,0.02
12/28/2025,7,4,N,ECRS,0.06
12/28/2025,7,4,N,NSPIN,0.25
12/28/2025,7,4,N,REGDN,0
12/28/2025,7,4,N,REGUP,0
12/28/2025,7,4,N,RRS,0.03
12/28/2025,7,3,N,ECRS,0.04
12/28/2025,7,3,N,NSPIN,0.25
12/28/2025,7,3,N,REGDN,0
12/28/2025,7,3,N,REGUP,0
12/28/2025,7,3,N,RRS,0.03
12/28/2025,7,2,N,ECRS,0.05
12/28/2025,7,2,N,NSPIN,0.25
12/28/2025,7,2,N,REGDN,0
12/28/2025,7,2,N,REGUP,0
12/28/2025,7,2,N,RRS,0.03
12/28/2025,7,1,N,ECRS,0.06
12/28/2025,7,1,N,NSPIN,0.25
12/28/2025,7,1,N,REGDN,0
12/28/2025,7,1,N,REGUP,0
12/28/2025,7,1,N,RRS,0.03
12/28/2025,8,4,N,ECRS,0.07
12/28/2025,8,4,N,NSPIN,0.29
12/28/2025,8,4,N,REGDN,0
12/28/2025,8,4,N,REGUP,0
12/28/2025,8,4,N,RRS,0.04
12/28/2025,8,3,N,ECRS,0.07
12/28/2025,8,3,N,NSPIN,0.28
12/28/2025,8,3,N,REGDN,0
12/28/2025,8,3,N,REGUP,0
12/28/2025,8,3,N,RRS,0.04
12/28/2025,8,2,N,ECRS,0.07
12/28/2025,8,2,N,NSPIN,0.26
12/28/2025,8,2,N,REGDN,0
12/28/2025,8,2,N,REGUP,0
12/28/2025,8,2,N,RRS,0.03
12/28/2025,8,1,N,ECRS,0.06
12/28/2025,8,1,N,NSPIN,0.25
12/28/2025,8,1,N,REGDN,0
12/28/2025,8,1,N,REGUP,0
12/28/2025,8,1,N,RRS,0.03
12/28/2025,9,4,N,ECRS,0.02
12/28/2025,9,4,N,NSPIN,0.15
12/28/2025,9,4,N,REGDN,0.43
12/28/2025,9,4,N,REGUP,0
12/28/2025,9,4,N,RRS,0.02
12/28/2025,9,3,N,ECRS,0.05
12/28/2025,9,3,N,NSPIN,0.23
12/28/2025,9,3,N,REGDN,0.31
12/28/2025,9,3,N,REGUP,0
12/28/2025,9,3,N,RRS,0.03
12/28/2025,9,2,N,ECRS,0.06
12/28/2025,9,2,N,NSPIN,0.25
12/28/2025,9,2,N,REGDN,0.17
12/28/2025,9,2,N,REGUP,0
12/28/2025,9,2,N,RRS,0.03
12/28/2025,9,1,N,ECRS,0.06
12/28/2025,9,1,N,NSPIN,0.25
12/28/2025,9,1,N,REGDN,0.02
12/28/2025,9,1,N,REGUP,0
12/28/2025,9,1,N,RRS,0.03
12/28/2025,10,4,N,ECRS,0.01
12/28/2025,10,4,N,NSPIN,0.04
12/28/2025,10,4,N,REGDN,0.13
12/28/2025,10,4,N,REGUP,0
12/28/2025,10,4,N,RRS,0.01
12/28/2025,10,3,N,ECRS,0.01
12/28/2025,10,3,N,NSPIN,0.05
12/28/2025,10,3,N,REGDN,0.35
12/28/2025,10,3,N,REGUP,0
12/28/2025,10,3,N,RRS,0.01
12/28/2025,10,2,N,ECRS,0.02
12/28/2025,10,2,N,NSPIN,0.06
12/28/2025,10,2,N,REGDN,0.4
12/28/2025,10,2,N,REGUP,0
12/28/2025,10,2,N,RRS,0.01
12/28/2025,10,1,N,ECRS,0.01
12/28/2025,10,1,N,NSPIN,0.06
12/28/2025,10,1,N,REGDN,0.37
12/28/2025,10,1,N,REGUP,0
12/28/2025,10,1,N,RRS,0.01
12/28/2025,11,4,N,ECRS,0.01
12/28/2025,11,4,N,NSPIN,0.04
12/28/2025,11,4,N,REGDN,0.08
12/28/2025,11,4,N,REGUP,0
12/28/2025,11,4,N,RRS,0.01
12/28/2025,11,3,N,ECRS,0.01
12/28/2025,11,3,N,NSPIN,0.04
12/28/2025,11,3,N,REGDN,0.03
12/28/2025,11,3,N,REGUP,0
12/28/2025,11,3,N,RRS,0.01
12/28/2025,11,2,N,ECRS,0.01
12/28/2025,11,2,N,NSPIN,0.05
12/28/2025,11,2,N,REGDN,0.08
12/28/2025,11,2,N,REGUP,0
12/28/2025,11,2,N,RRS,0.01
12/28/2025,11,1,N,ECRS,0.01
12/28/2025,11,1,N,NSPIN,0.04
12/28/2025,11,1,N,REGDN,0.01
12/28/2025,11,1,N,REGUP,0
12/28/2025,11,1,N,RRS,0.01
12/28/2025,12,4,N,ECRS,0.01
12/28/2025,12,4,N,NSPIN,0.04
12/28/2025,12,4,N,REGDN,0.03
12/28/2025,12,4,N,REGUP,0
12/28/2025,12,4,N,RRS,0
12/28/2025,12,3,N,ECRS,0.01
12/28/2025,12,3,N,NSPIN,0.04
12/28/2025,12,3,N,REGDN,0
12/28/2025,12,3,N,REGUP,0
12/28/2025,12,3,N,RRS,0
12/28/2025,12,2,N,ECRS,0.01
12/28/2025,12,2,N,NSPIN,0.04
12/28/2025,12,2,N,REGDN,0
12/28/2025,12,2,N,REGUP,0
12/28/2025,12,2,N,RRS,0
12/28/2025,12,1,N,ECRS,0.01
12/28/2025,12,1,N,NSPIN,0.05
12/28/2025,12,1,N,REGDN,0.02
12/28/2025,12,1,N,REGUP,0
12/28/2025,12,1,N,RRS,0.01
12/28/2025,13,4,N,ECRS,0.01
12/28/2025,13,4,N,NSPIN,0.03
12/28/2025,13,4,N,REGDN,0.06
12/28/2025,13,4,N,REGUP,0
12/28/2025,13,4,N,RRS,0
12/28/2025,13,3,N,ECRS,0.01
12/28/2025,13,3,N,NSPIN,0.02
12/28/2025,13,3,N,REGDN,0
12/28/2025,13,3,N,REGUP,0
12/28/2025,13,3,N,RRS,0
12/28/2025,13,2,N,ECRS,0.01
12/28/2025,13,2,N,NSPIN,0.03
12/28/2025,13,2,N,REGDN,0
12/28/2025,13,2,N,REGUP,0
12/28/2025,13,2,N,RRS,0
12/28/2025,13,1,N,ECRS,0.01
12/28/2025,13,1,N,NSPIN,0.03
12/28/2025,13,1,N,REGDN,0.01
12/28/2025,13,1,N,REGUP,0
12/28/2025,13,1,N,RRS,0
12/28/2025,14,4,N,ECRS,0
12/28/2025,14,4,N,NSPIN,0.01
12/28/2025,14,4,N,REGDN,0.23
12/28/2025,14,4,N,REGUP,0
12/28/2025,14,4,N,RRS,0
12/28/2025,14,3,N,ECRS,0
12/28/2025,14,3,N,NSPIN,0.01
12/28/2025,14,3,N,REGDN,0.01
12/28/2025,14,3,N,REGUP,0
12/28/2025,14,3,N,RRS,0
12/28/2025,14,2,N,ECRS,0
12/28/2025,14,2,N,NSPIN,0.01
12/28/2025,14,2,N,REGDN,0.01
12/28/2025,14,2,N,REGUP,0
12/28/2025,14,2,N,RRS,0
12/28/2025,14,1,N,ECRS,0
12/28/2025,14,1,N,NSPIN,0.01
12/28/2025,14,1,N,REGDN,0.03
12/28/2025,14,1,N,REGUP,0
12/28/2025,14,1,N,RRS,0
12/28/2025,15,4,N,ECRS,0
12/28/2025,15,4,N,NSPIN,0.01
12/28/2025,15,4,N,REGDN,0.04
12/28/2025,15,4,N,REGUP,0
12/28/2025,15,4,N,RRS,0
12/28/2025,15,3,N,ECRS,0
12/28/2025,15,3,N,NSPIN,0.01
12/28/2025,15,3,N,REGDN,0.2
12/28/2025,15,3,N,REGUP,0
12/28/2025,15,3,N,RRS,0
12/28/2025,15,2,N,ECRS,0
12/28/2025,15,2,N,NSPIN,0.01
12/28/2025,15,2,N,REGDN,0.28
12/28/2025,15,2,N,REGUP,0
12/28/2025,15,2,N,RRS,0
12/28/2025,15,1,N,ECRS,0
12/28/2025,15,1,N,NSPIN,0.01
12/28/2025,15,1,N,REGDN,0.32
12/28/2025,15,1,N,REGUP,0
12/28/2025,15,1,N,RRS,0
12/28/2025,16,4,N,ECRS,0
12/28/2025,16,4,N,NSPIN,0.01
12/28/2025,16,4,N,REGDN,5
12/28/2025,16,4,N,REGUP,0
12/28/2025,16,4,N,RRS,0
12/28/2025,16,3,N,ECRS,0
12/28/2025,16,3,N,NSPIN,0.01
12/28/2025,16,3,N,REGDN,0.42
12/28/2025,16,3,N,REGUP,0
12/28/2025,16,3,N,RRS,0
12/28/2025,16,2,N,ECRS,0
12/28/2025,16,2,N,NSPIN,0.01
12/28/2025,16,2,N,REGDN,0.13
12/28/2025,16,2,N,REGUP,0
12/28/2025,16,2,N,RRS,0
12/28/2025,16,1,N,ECRS,0
12/28/2025,16,1,N,NSPIN,0.01
12/28/2025,16,1,N,REGDN,0.14
12/28/2025,16,1,N,REGUP,0
12/28/2025,16,1,N,RRS,0
12/28/2025,17,4,N,ECRS,0
12/28/2025,17,4,N,NSPIN,0.02
12/28/2025,17,4,N,REGDN,0.12
12/28/2025,17,4,N,REGUP,0.01
12/28/2025,17,4,N,RRS,0
12/28/2025,17,3,N,ECRS,0
12/28/2025,17,3,N,NSPIN,0.01
12/28/2025,17,3,N,REGDN,0.2
12/28/2025,17,3,N,REGUP,0.01
12/28/2025,17,3,N,RRS,0
12/28/2025,17,2,N,ECRS,0
12/28/2025,17,2,N,NSPIN,0.01
12/28/2025,17,2,N,REGDN,0.09
12/28/2025,17,2,N,REGUP,0.01
12/28/2025,17,2,N,RRS,0
12/28/2025,17,1,N,ECRS,0
12/28/2025,17,1,N,NSPIN,0.01
12/28/2025,17,1,N,REGDN,1.37
12/28/2025,17,1,N,REGUP,0
12/28/2025,17,1,N,RRS,0
12/28/2025,18,4,N,ECRS,0.06
12/28/2025,18,4,N,NSPIN,0.25
12/28/2025,18,4,N,REGDN,0.04
12/28/2025,18,4,N,REGUP,0
12/28/2025,18,4,N,RRS,0.03
12/28/2025,18,3,N,ECRS,0.06
12/28/2025,18,3,N,NSPIN,0.25
12/28/2025,18,3,N,REGDN,0
12/28/2025,18,3,N,REGUP,0
12/28/2025,18,3,N,RRS,0.03
12/28/2025,18,2,N,ECRS,0.06
12/28/2025,18,2,N,NSPIN,0.25
12/28/2025,18,2,N,REGDN,0
12/28/2025,18,2,N,REGUP,0
12/28/2025,18,2,N,RRS,0.03
12/28/2025,18,1,N,ECRS,0.06
12/28/2025,18,1,N,NSPIN,0.24
12/28/2025,18,1,N,REGDN,0
12/28/2025,18,1,N,REGUP,0
12/28/2025,18,1,N,RRS,0.03
12/28/2025,19,4,N,ECRS,0.01
12/28/2025,19,4,N,NSPIN,0.31
12/28/2025,19,4,N,REGDN,0.17
12/28/2025,19,4,N,REGUP,0
12/28/2025,19,4,N,RRS,0.04
12/28/2025,19,3,N,ECRS,0.01
12/28/2025,19,3,N,NSPIN,0.36
12/28/2025,19,3,N,REGDN,0.28
12/28/2025,19,3,N,REGUP,0
12/28/2025,19,3,N,RRS,0.04
12/28/2025,19,2,N,ECRS,0.01
12/28/2025,19,2,N,NSPIN,0.35
12/28/2025,19,2,N,REGDN,0.42
12/28/2025,19,2,N,REGUP,0
12/28/2025,19,2,N,RRS,0.04
12/28/2025,19,1,N,ECRS,0.04
12/28/2025,19,1,N,NSPIN,0.29
12/28/2025,19,1,N,REGDN,0.1
12/28/2025,19,1,N,REGUP,0
12/28/2025,19,1,N,RRS,0.04
12/28/2025,20,4,N,ECRS,0.04
12/28/2025,20,4,N,NSPIN,0.3
12/28/2025,20,4,N,REGDN,0.17
12/28/2025,20,4,N,REGUP,0
12/28/2025,20,4,N,RRS,0.04
12/28/2025,20,3,N,ECRS,0.04
12/28/2025,20,3,N,NSPIN,0.31
12/28/2025,20,3,N,REGDN,0.33
12/28/2025,20,3,N,REGUP,0
12/28/2025,20,3,N,RRS,0.04
12/28/2025,20,2,N,ECRS,0.03
12/28/2025,20,2,N,NSPIN,0.31
12/28/2025,20,2,N,REGDN,0.17
12/28/2025,20,2,N,REGUP,0
12/28/2025,20,2,N,RRS,0.04
12/28/2025,20,1,N,ECRS,0.05
12/28/2025,20,1,N,NSPIN,0.32
12/28/2025,20,1,N,REGDN,0.02
12/28/2025,20,1,N,REGUP,0
12/28/2025,20,1,N,RRS,0.04
12/28/2025,21,4,N,ECRS,0.03
12/28/2025,21,4,N,NSPIN,0.25
12/28/2025,21,4,N,REGDN,0.02
12/28/2025,21,4,N,REGUP,0
12/28/2025,21,4,N,RRS,0.03
12/28/2025,21,3,N,ECRS,0.03
12/28/2025,21,3,N,NSPIN,0.25
12/28/2025,21,3,N,REGDN,0
12/28/2025,21,3,N,REGUP,0
12/28/2025,21,3,N,RRS,0.03
12/28/2025,21,2,N,ECRS,0.03
12/28/2025,21,2,N,NSPIN,0.26
12/28/2025,21,2,N,REGDN,0
12/28/2025,21,2,N,REGUP,0
12/28/2025,21,2,N,RRS,0.03
12/28/2025,21,1,N,ECRS,0.03
12/28/2025,21,1,N,NSPIN,0.27
12/28/2025,21,1,N,REGDN,0.08
12/28/2025,21,1,N,REGUP,0
12/28/2025,21,1,N,RRS,0.03
12/28/2025,22,4,N,ECRS,0.04
12/28/2025,22,4,N,NSPIN,0.25
12/28/2025,22,4,N,REGDN,0
12/28/2025,22,4,N,REGUP,0
12/28/2025,22,4,N,RRS,0.03
12/28/2025,22,3,N,ECRS,0.03
12/28/2025,22,3,N,NSPIN,0.25
12/28/2025,22,3,N,REGDN,0
12/28/2025,22,3,N,REGUP,0
12/28/2025,22,3,N,RRS,0.03
12/28/2025,22,2,N,ECRS,0.03
12/28/2025,22,2,N,NSPIN,0.25
12/28/2025,22,2,N,REGDN,0
12/28/2025,22,2,N,REGUP,0
12/28/2025,22,2,N,RRS,0.03
12/28/2025,22,1,N,ECRS,0.03
12/28/2025,22,1,N,NSPIN,0.25
12/28/2025,22,1,N,REGDN,0.01
12/28/2025,22,1,N,REGUP,0
12/28/2025,22,1,N,RRS,0.03
12/28/2025,23,4,N,ECRS,0.06
12/28/2025,23,4,N,NSPIN,0.25
12/28/2025,23,4,N,REGDN,0
12/28/2025,23,4,N,REGUP,0
12/28/2025,23,4,N,RRS,0.03
12/28/2025,23,3,N,ECRS,0.06
12/28/2025,23,3,N,NSPIN,0.25
12/28/2025,23,3,N,REGDN,0
12/28/2025,23,3,N,REGUP,0
12/28/2025,23,3,N,RRS,0.03
12/28/2025,23,2,N,ECRS,0.06
12/28/2025,23,2,N,NSPIN,0.25
12/28/2025,23,2,N,REGDN,0
12/28/2025,23,2,N,REGUP,0
12/28/2025,23,2,N,RRS,0.03
12/28/2025,23,1,N,ECRS,0.06
12/28/2025,23,1,N,NSPIN,0.25
12/28/2025,23,1,N,REGDN,0
12/28/2025,23,1,N,REGUP,0.01
12/28/2025,23,1,N,RRS,0.03
12/28/2025,24,4,N,ECRS,0.03
12/28/2025,24,4,N,NSPIN,0.18
12/28/2025,24,4,N,REGDN,0.08
12/28/2025,24,4,N,REGUP,0.04
12/28/2025,24,4,N,RRS,0.02
12/28/2025,24,3,N,ECRS,0.06
12/28/2025,24,3,N,NSPIN,0.24
12/28/2025,24,3,N,REGDN,0.04
12/28/2025,24,3,N,REGUP,0.05
12/28/2025,24,3,N,RRS,0.03
12/28/2025,24,2,N,ECRS,0.06
12/28/2025,24,2,N,NSPIN,0.25
12/28/2025,24,2,N,REGDN,0.02
12/28/2025,24,2,N,REGUP,0.02
12/28/2025,24,2,N,RRS,0.03
12/28/2025,24,1,N,ECRS,0.06
12/28/2025,24,1,N,NSPIN,0.25
12/28/2025,24,1,N,REGDN,0.01
12/28/2025,24,1,N,REGUP,0.04
12/28/2025,24,1,N,RRS,0.03
12/29/2025,1,4,N,ECRS,0.01
12/29/2025,1,4,N,NSPIN,0.06
12/29/2025,1,4,N,REGDN,0.32
12/29/2025,1,4,N,REGUP,0.01
12/29/2025,1,4,N,RRS,0
12/29/2025,1,3,N,ECRS,0.01
12/29/2025,1,3,N,NSPIN,0.08
12/29/2025,1,3,N,REGDN,0.65
12/29/2025,1,3,N,REGUP,0
12/29/2025,1,3,N,RRS,0.01
12/29/2025,1,2,N,ECRS,0.01
12/29/2025,1,2,N,NSPIN,0.09
12/29/2025,1,2,N,REGDN,0.14
12/29/2025,1,2,N,REGUP,0.01
12/29/2025,1,2,N,RRS,0.01
12/29/2025,1,1,N,ECRS,0.01
12/29/2025,1,1,N,NSPIN,0.09
12/29/2025,1,1,N,REGDN,0.08
12/29/2025,1,1,N,REGUP,0.02
12/29/2025,1,1,N,RRS,0.01
12/29/2025,2,4,N,ECRS,0.01
12/29/2025,2,4,N,NSPIN,0.14
12/29/2025,2,4,N,REGDN,0.32
12/29/2025,2,4,N,REGUP,0.01
12/29/2025,2,4,N,RRS,0.01
12/29/2025,2,3,N,ECRS,0.01
12/29/2025,2,3,N,NSPIN,0.08
12/29/2025,2,3,N,REGDN,0.56
12/29/2025,2,3,N,REGUP,0.01
12/29/2025,2,3,N,RRS,0
12/29/2025,2,2,N,ECRS,0.01
12/29/2025,2,2,N,NSPIN,0.06
12/29/2025,2,2,N,REGDN,0.41
12/29/2025,2,2,N,REGUP,0.01
12/29/2025,2,2,N,RRS,0
12/29/2025,2,1,N,ECRS,0.01
12/29/2025,2,1,N,NSPIN,0.09
12/29/2025,2,1,N,REGDN,0.42
12/29/2025,2,1,N,REGUP,0.01
12/29/2025,2,1,N,RRS,0.01
12/29/2025,3,4,N,ECRS,0.01
12/29/2025,3,4,N,NSPIN,0.11
12/29/2025,3,4,N,REGDN,0.19
12/29/2025,3,4,N,REGUP,0.01
12/29/2025,3,4,N,RRS,0.01
12/29/2025,3,3,N,ECRS,0.02
12/29/2025,3,3,N,NSPIN,0.1
12/29/2025,3,3,N,REGDN,0.09
12/29/2025,3,3,N,REGUP,0.01
12/29/2025,3,3,N,RRS,0.01
12/29/2025,3,2,N,ECRS,0.01
12/29/2025,3,2,N,NSPIN,0.13
12/29/2025,3,2,N,REGDN,0.04
12/29/2025,3,2,N,REGUP,0.01
12/29/2025,3,2,N,RRS,0.01
12/29/2025,3,1,N,ECRS,0.02
12/29/2025,3,1,N,NSPIN,0.09
12/29/2025,3,1,N,REGDN,0.05
12/29/2025,3,1,N,REGUP,0.01
12/29/2025,3,1,N,RRS,0.01
12/29/2025,4,4,N,ECRS,0.02
12/29/2025,4,4,N,NSPIN,0.23
12/29/2025,4,4,N,REGDN,0.29
12/29/2025,4,4,N,REGUP,0
12/29/2025,4,4,N,RRS,0.02
12/29/2025,4,3,N,ECRS,0.01
12/29/2025,4,3,N,NSPIN,0.2
12/29/2025,4,3,N,REGDN,0.41
12/29/2025,4,3,N,REGUP,0
12/29/2025,4,3,N,RRS,0.02
12/29/2025,4,2,N,ECRS,0.01
12/29/2025,4,2,N,NSPIN,0.17
12/29/2025,4,2,N,REGDN,0.27
12/29/2025,4,2,N,REGUP,0
12/29/2025,4,2,N,RRS,0.02
12/29/2025,4,1,N,ECRS,0.01
12/29/2025,4,1,N,NSPIN,0.16
12/29/2025,4,1,N,REGDN,0.23
12/29/2025,4,1,N,REGUP,0
12/29/2025,4,1,N,RRS,0.02
12/29/2025,5,4,N,ECRS,0.02
12/29/2025,5,4,N,NSPIN,0.24
12/29/2025,5,4,N,REGDN,0.33
12/29/2025,5,4,N,REGUP,0
12/29/2025,5,4,N,RRS,0.02
12/29/2025,5,3,N,ECRS,0.01
12/29/2025,5,3,N,NSPIN,0.23
12/29/2025,5,3,N,REGDN,0.21
12/29/2025,5,3,N,REGUP,0
12/29/2025,5,3,N,RRS,0.01
12/29/2025,5,2,N,ECRS,0.01
12/29/2025,5,2,N,NSPIN,0.22
12/29/2025,5,2,N,REGDN,0.42
12/29/2025,5,2,N,REGUP,0
12/29/2025,5,2,N,RRS,0.01
12/29/2025,5,1,N,ECRS,0.03
12/29/2025,5,1,N,NSPIN,0.24
12/29/2025,5,1,N,REGDN,0.41
12/29/2025,5,1,N,REGUP,0
12/29/2025,5,1,N,RRS,0.03
12/29/2025,6,4,N,ECRS,0.03
12/29/2025,6,4,N,NSPIN,0.25
12/29/2025,6,4,N,REGDN,0.4
12/29/2025,6,4,N,REGUP,0
12/29/2025,6,4,N,RRS,0.03
12/29/2025,6,3,N,ECRS,0.03
12/29/2025,6,3,N,NSPIN,0.25
12/29/2025,6,3,N,REGDN,0.41
12/29/2025,6,3,N,REGUP,0
12/29/2025,6,3,N,RRS,0.03
12/29/2025,6,2,N,ECRS,0.02
12/29/2025,6,2,N,NSPIN,0.22
12/29/2025,6,2,N,REGDN,0.36
12/29/2025,6,2,N,REGUP,0
12/29/2025,6,2,N,RRS,0.02
12/29/2025,6,1,N,ECRS,0.03
12/29/2025,6,1,N,NSPIN,0.24
12/29/2025,6,1,N,REGDN,0.22
12/29/2025,6,1,N,REGUP,0
12/29/2025,6,1,N,RRS,0.03
12/29/2025,7,4,N,ECRS,0.05
12/29/2025,7,4,N,NSPIN,0.25
12/29/2025,7,4,N,REGDN,0.24
12/29/2025,7,4,N,REGUP,0
12/29/2025,7,4,N,RRS,0.03
12/29/2025,7,3,N,ECRS,0.06
12/29/2025,7,3,N,NSPIN,0.25
12/29/2025,7,3,N,REGDN,0.05
12/29/2025,7,3,N,REGUP,0
12/29/2025,7,3,N,RRS,0.03
12/29/2025,7,2,N,ECRS,0.06
12/29/2025,7,2,N,NSPIN,0.25
12/29/2025,7,2,N,REGDN,0.03
12/29/2025,7,2,N,REGUP,0
12/29/2025,7,2,N,RRS,0.03
12/29/2025,7,1,N,ECRS,0.05
12/29/2025,7,1,N,NSPIN,0.25
12/29/2025,7,1,N,REGDN,0.07
12/29/2025,7,1,N,REGUP,0
12/29/2025,7,1,N,RRS,0.03
12/29/2025,8,4,N,ECRS,0.11
12/29/2025,8,4,N,NSPIN,0.51
12/29/2025,8,4,N,REGDN,0.68
12/29/2025,8,4,N,REGUP,0
12/29/2025,8,4,N,RRS,0.06
12/29/2025,8,3,N,ECRS,0.08
12/29/2025,8,3,N,NSPIN,0.31
12/29/2025,8,3,N,REGDN,0.73
12/29/2025,8,3,N,REGUP,0
12/29/2025,8,3,N,RRS,0.04
12/29/2025,8,2,N,ECRS,0.07
12/29/2025,8,2,N,NSPIN,0.27
12/29/2025,8,2,N,REGDN,0.7
12/29/2025,8,2,N,REGUP,0
12/29/2025,8,2,N,RRS,0.03
12/29/2025,8,1,N,ECRS,0.06
12/29/2025,8,1,N,NSPIN,0.25
12/29/2025,8,1,N,REGDN,0.63
12/29/2025,8,1,N,REGUP,0
12/29/2025,8,1,N,RRS,0.03
12/29/2025,9,4,N,ECRS,0.01
12/29/2025,9,4,N,NSPIN,0.29
12/29/2025,9,4,N,REGDN,0.63
12/29/2025,9,4,N,REGUP,0
12/29/2025,9,4,N,RRS,0.04
12/29/2025,9,3,N,ECRS,0.01
12/29/2025,9,3,N,NSPIN,0.3
12/29/2025,9,3,N,REGDN,0.56
12/29/2025,9,3,N,REGUP,0
12/29/2025,9,3,N,RRS,0.04
12/29/2025,9,2,N,ECRS,0.04
12/29/2025,9,2,N,NSPIN,0.37
12/29/2025,9,2,N,REGDN,0.8
12/29/2025,9,2,N,REGUP,0
12/29/2025,9,2,N,RRS,0.05
12/29/2025,9,1,N,ECRS,0.08
12/29/2025,9,1,N,NSPIN,0.33
12/29/2025,9,1,N,REGDN,0.78
12/29/2025,9,1,N,REGUP,0.46
12/29/2025,9,1,N,RRS,0.04
12/29/2025,10,4,N,ECRS,0.04
12/29/2025,10,4,N,NSPIN,0.24
12/29/2025,10,4,N,REGDN,0.03
12/29/2025,10,4,N,REGUP,0
12/29/2025,10,4,N,RRS,0.03
12/29/2025,10,3,N,ECRS,0.05
12/29/2025,10,3,N,NSPIN,0.25
12/29/2025,10,3,N,REGDN,0.01
12/29/2025,10,3,N,REGUP,0
12/29/2025,10,3,N,RRS,0.03
12/29/2025,10,2,N,ECRS,0.04
12/29/2025,10,2,N,NSPIN,0.25
12/29/2025,10,2,N,REGDN,0.07
12/29/2025,10,2,N,REGUP,0
12/29/2025,10,2,N,RRS,0.03
12/29/2025,10,1,N,ECRS,0.06
12/29/2025,10,1,N,NSPIN,0.25
12/29/2025,10,1,N,REGDN,0.13
12/29/2025,10,1,N,REGUP,0.22
12/29/2025,10,1,N,RRS,0.03
12/29/2025,11,4,N,ECRS,0.01
12/29/2025,11,4,N,NSPIN,0.1
12/29/2025,11,4,N,REGDN,0.03
12/29/2025,11,4,N,REGUP,0
12/29/2025,11,4,N,RRS,0.01
12/29/2025,11,3,N,ECRS,0.01
12/29/2025,11,3,N,NSPIN,0.1
12/29/2025,11,3,N,REGDN,0.05
12/29/2025,11,3,N,REGUP,0
12/29/2025,11,3,N,RRS,0.01
12/29/2025,11,2,N,ECRS,0.01
12/29/2025,11,2,N,NSPIN,0.12
12/29/2025,11,2,N,REGDN,0.07
12/29/2025,11,2,N,REGUP,0
12/29/2025,11,2,N,RRS,0.02
12/29/2025,11,1,N,ECRS,0.02
12/29/2025,11,1,N,NSPIN,0.16
12/29/2025,11,1,N,REGDN,0.01
12/29/2025,11,1,N,REGUP,0.21
12/29/2025,11,1,N,RRS,0.02
12/29/2025,12,4,N,ECRS,0.01
12/29/2025,12,4,N,NSPIN,0.08
12/29/2025,12,4,N,REGDN,0.01
12/29/2025,12,4,N,REGUP,0.07
12/29/2025,12,4,N,RRS,0.01
12/29/2025,12,3,N,ECRS,0.01
12/29/2025,12,3,N,NSPIN,0.08
12/29/2025,12,3,N,REGDN,0
12/29/2025,12,3,N,REGUP,0.11
12/29/2025,12,3,N,RRS,0.01
12/29/2025,12,2,N,ECRS,0.01
12/29/2025,12,2,N,NSPIN,0.08
12/29/2025,12,2,N,REGDN,0
12/29/2025,12,2,N,REGUP,0.18
12/29/2025,12,2,N,RRS,0.01
12/29/2025,12,1,N,ECRS,0.01
12/29/2025,12,1,N,NSPIN,0.06
12/29/2025,12,1,N,REGDN,0.01
12/29/2025,12,1,N,REGUP,0.18
12/29/2025,12,1,N,RRS,0.01
12/29/2025,13,4,N,ECRS,0.01
12/29/2025,13,4,N,NSPIN,0.12
12/29/2025,13,4,N,REGDN,0.08
12/29/2025,13,4,N,REGUP,0.34
12/29/2025,13,4,N,RRS,0.01
12/29/2025,13,3,N,ECRS,0.01
12/29/2025,13,3,N,NSPIN,0.13
12/29/2025,13,3,N,REGDN,1.09
12/29/2025,13,3,N,REGUP,1.1
12/29/2025,13,3,N,RRS,0.01
12/29/2025,13,2,N,ECRS,0.01
12/29/2025,13,2,N,NSPIN,0.13
12/29/2025,13,2,N,REGDN,0.55
12/29/2025,13,2,N,REGUP,0.5
12/29/2025,13,2,N,RRS,0.01
12/29/2025,13,1,N,ECRS,0.01
12/29/2025,13,1,N,NSPIN,0.12
12/29/2025,13,1,N,REGDN,0
12/29/2025,13,1,N,REGUP,0.14
12/29/2025,13,1,N,RRS,0.02
12/29/2025,14,4,N,ECRS,0.01
12/29/2025,14,4,N,NSPIN,0.06
12/29/2025,14,4,N,REGDN,0.04
12/29/2025,14,4,N,REGUP,0.11
12/29/2025,14,4,N,RRS,0.01
12/29/2025,14,3,N,ECRS,0.01
12/29/2025,14,3,N,NSPIN,0.05
12/29/2025,14,3,N,REGDN,0.2
12/29/2025,14,3,N,REGUP,0.04
12/29/2025,14,3,N,RRS,0.01
12/29/2025,14,2,N,ECRS,0.01
12/29/2025,14,2,N,NSPIN,0.05
12/29/2025,14,2,N,REGDN,0.23
12/29/2025,14,2,N,REGUP,0.05
12/29/2025,14,2,N,RRS,0.01
12/29/2025,14,1,N,ECRS,0.01
12/29/2025,14,1,N,NSPIN,0.04
12/29/2025,14,1,N,REGDN,0.02
12/29/2025,14,1,N,REGUP,0.27
12/29/2025,14,1,N,RRS,0.01
12/29/2025,15,4,N,ECRS,0.01
12/29/2025,15,4,N,NSPIN,0.04
12/29/2025,15,4,N,REGDN,0.51
12/29/2025,15,4,N,REGUP,0.61
12/29/2025,15,4,N,RRS,0.01
12/29/2025,15,3,N,ECRS,0.01
12/29/2025,15,3,N,NSPIN,0.04
12/29/2025,15,3,N,REGDN,0.33
12/29/2025,15,3,N,REGUP,0.52
12/29/2025,15,3,N,RRS,0.01
12/29/2025,15,2,N,ECRS,0.01
12/29/2025,15,2,N,NSPIN,0.04
12/29/2025,15,2,N,REGDN,0.23
12/29/2025,15,2,N,REGUP,0.71
12/29/2025,15,2,N,RRS,0.01
12/29/2025,15,1,N,ECRS,0.01
12/29/2025,15,1,N,NSPIN,0.04
12/29/2025,15,1,N,REGDN,0.25
12/29/2025,15,1,N,REGUP,0.26
12/29/2025,15,1,N,RRS,0.01
12/29/2025,16,4,N,ECRS,0.01
12/29/2025,16,4,N,NSPIN,0.05
12/29/2025,16,4,N,REGDN,2.3
12/29/2025,16,4,N,REGUP,0.12
12/29/2025,16,4,N,RRS,0.01
12/29/2025,16,3,N,ECRS,0.01
12/29/2025,16,3,N,NSPIN,0.05
12/29/2025,16,3,N,REGDN,2.92
12/29/2025,16,3,N,REGUP,0.02
12/29/2025,16,3,N,RRS,0.01
12/29/2025,16,2,N,ECRS,0.01
12/29/2025,16,2,N,NSPIN,0.05
12/29/2025,16,2,N,REGDN,4.78
12/29/2025,16,2,N,REGUP,0.01
12/29/2025,16,2,N,RRS,0.01
12/29/2025,16,1,N,ECRS,0.01
12/29/2025,16,1,N,NSPIN,0.04
12/29/2025,16,1,N,REGDN,0.99
12/29/2025,16,1,N,REGUP,0.01
12/29/2025,16,1,N,RRS,0.01
12/29/2025,17,4,N,ECRS,0.06
12/29/2025,17,4,N,NSPIN,0.24
12/29/2025,17,4,N,REGDN,0.63
12/29/2025,17,4,N,REGUP,0.17
12/29/2025,17,4,N,RRS,0.03
12/29/2025,17,3,N,ECRS,0.03
12/29/2025,17,3,N,NSPIN,0.1
12/29/2025,17,3,N,REGDN,1.64
12/29/2025,17,3,N,REGUP,0.07
12/29/2025,17,3,N,RRS,0.01
12/29/2025,17,2,N,ECRS,0.02
12/29/2025,17,2,N,NSPIN,0.06
12/29/2025,17,2,N,REGDN,0.86
12/29/2025,17,2,N,REGUP,0.06
12/29/2025,17,2,N,RRS,0.01
12/29/2025,17,1,N,ECRS,0.01
12/29/2025,17,1,N,NSPIN,0.06
12/29/2025,17,1,N,REGDN,1.23
12/29/2025,17,1,N,REGUP,0.06
12/29/2025,17,1,N,RRS,0.01
12/29/2025,18,4,N,ECRS,0.26
12/29/2025,18,4,N,NSPIN,1.03
12/29/2025,18,4,N,REGDN,0.01
12/29/2025,18,4,N,REGUP,0.2
12/29/2025,18,4,N,RRS,0.13
12/29/2025,18,3,N,ECRS,0.26
12/29/2025,18,3,N,NSPIN,1.03
12/29/2025,18,3,N,REGDN,0
12/29/2025,18,3,N,REGUP,0.1
12/29/2025,18,3,N,RRS,0.1
12/29/2025,18,2,N,ECRS,0.25
12/29/2025,18,2,N,NSPIN,0.99
12/29/2025,18,2,N,REGDN,0
12/29/2025,18,2,N,REGUP,0.09
12/29/2025,18,2,N,RRS,0.09
12/29/2025,18,1,N,ECRS,0.24
12/29/2025,18,1,N,NSPIN,0.95
12/29/2025,18,1,N,REGDN,0
12/29/2025,18,1,N,REGUP,0.12
12/29/2025,18,1,N,RRS,0.12
12/29/2025,19,4,N,ECRS,0.7
12/29/2025,19,4,N,NSPIN,2.81
12/29/2025,19,4,N,REGDN,0.27
12/29/2025,19,4,N,REGUP,0.1
12/29/2025,19,4,N,RRS,0.35
12/29/2025,19,3,N,ECRS,0.63
12/29/2025,19,3,N,NSPIN,2.54
12/29/2025,19,3,N,REGDN,0
12/29/2025,19,3,N,REGUP,0.06
12/29/2025,19,3,N,RRS,0.32
12/29/2025,19,2,N,ECRS,0.59
12/29/2025,19,2,N,NSPIN,2.34
12/29/2025,19,2,N,REGDN,0
12/29/2025,19,2,N,REGUP,0.04
12/29/2025,19,2,N,RRS,0.29
12/29/2025,19,1,N,ECRS,0.49
12/29/2025,19,1,N,NSPIN,1.95
12/29/2025,19,1,N,REGDN,0
12/29/2025,19,1,N,REGUP,0.1
12/29/2025,19,1,N,RRS,0.24
12/29/2025,20,4,N,ECRS,0.91
12/29/2025,20,4,N,NSPIN,3.63
12/29/2025,20,4,N,REGDN,0.88
12/29/2025,20,4,N,REGUP,0.47
12/29/2025,20,4,N,RRS,0.45
12/29/2025,20,3,N,ECRS,0.84
12/29/2025,20,3,N,NSPIN,3.36
12/29/2025,20,3,N,REGDN,1.26
12/29/2025,20,3,N,REGUP,0.42
12/29/2025,20,3,N,RRS,0.42
12/29/2025,20,2,N,ECRS,0.85
12/29/2025,20,2,N,NSPIN,3.39
12/29/2025,20,2,N,REGDN,0.02
12/29/2025,20,2,N,REGUP,0.42
12/29/2025,20,2,N,RRS,0.42
12/29/2025,20,1,N,ECRS,0.83
12/29/2025,20,1,N,NSPIN,3.34
12/29/2025,20,1,N,REGDN,1.22
12/29/2025,20,1,N,REGUP,0.41
12/29/2025,20,1,N,RRS,0.42
12/29/2025,21,4,N,ECRS,1.28
12/29/2025,21,4,N,NSPIN,5.19
12/29/2025,21,4,N,REGDN,0.02
12/29/2025,21,4,N,REGUP,1.21
12/29/2025,21,4,N,RRS,0.65
12/29/2025,21,3,N,ECRS,1.21
12/29/2025,21,3,N,NSPIN,4.88
12/29/2025,21,3,N,REGDN,0.01
12/29/2025,21,3,N,REGUP,0.74
12/29/2025,21,3,N,RRS,0.61
12/29/2025,21,2,N,ECRS,1.14
12/29/2025,21,2,N,NSPIN,4.55
12/29/2025,21,2,N,REGDN,0.02
12/29/2025,21,2,N,REGUP,0.57
12/29/2025,21,2,N,RRS,0.57
12/29/2025,21,1,N,ECRS,1.03
12/29/2025,21,1,N,NSPIN,4.13
12/29/2025,21,1,N,REGDN,0.8
12/29/2025,21,1,N,REGUP,0.52
12/29/2025,21,1,N,RRS,0.52
12/29/2025,22,4,N,ECRS,0.99
12/29/2025,22,4,N,NSPIN,3.95
12/29/2025,22,4,N,REGDN,0.11
12/29/2025,22,4,N,REGUP,1.27
12/29/2025,22,4,N,RRS,0.49
12/29/2025,22,3,N,ECRS,1.23
12/29/2025,22,3,N,NSPIN,5.06
12/29/2025,22,3,N,REGDN,0.31
12/29/2025,22,3,N,REGUP,0.09
12/29/2025,22,3,N,RRS,0.64
12/29/2025,22,2,N,ECRS,1.26
12/29/2025,22,2,N,NSPIN,5.12
12/29/2025,22,2,N,REGDN,0.41
12/29/2025,22,2,N,REGUP,0.04
12/29/2025,22,2,N,RRS,0.64
12/29/2025,22,1,N,ECRS,1.24
12/29/2025,22,1,N,NSPIN,5.04
12/29/2025,22,1,N,REGDN,0.84
12/29/2025,22,1,N,REGUP,0.99
12/29/2025,22,1,N,RRS,0.63
12/29/2025,23,4,N,ECRS,0.85
12/29/2025,23,4,N,NSPIN,3.42
12/29/2025,23,4,N,REGDN,0.01
12/29/2025,23,4,N,REGUP,1.27
12/29/2025,23,4,N,RRS,0.43
12/29/2025,23,3,N,ECRS,0.86
12/29/2025,23,3,N,NSPIN,3.46
12/29/2025,23,3,N,REGDN,0.03
12/29/2025,23,3,N,REGUP,1.38
12/29/2025,23,3,N,RRS,0.43
12/29/2025,23,2,N,ECRS,0.86
12/29/2025,23,2,N,NSPIN,3.43
12/29/2025,23,2,N,REGDN,0
12/29/2025,23,2,N,REGUP,1.39
12/29/2025,23,2,N,RRS,0.43
12/29/2025,23,1,N,ECRS,0.88
12/29/2025,23,1,N,NSPIN,3.58
12/29/2025,23,1,N,REGDN,0.02
12/29/2025,23,1,N,REGUP,1.37
12/29/2025,23,1,N,RRS,0.45
12/29/2025,24,4,N,ECRS,0.68
12/29/2025,24,4,N,NSPIN,2.79
12/29/2025,24,4,N,REGDN,0.01
12/29/2025,24,4,N,REGUP,0.58
12/29/2025,24,4,N,RRS,0.34
12/29/2025,24,3,N,ECRS,0.74
12/29/2025,24,3,N,NSPIN,2.97
12/29/2025,24,3,N,REGDN,0
12/29/2025,24,3,N,REGUP,0.44
12/29/2025,24,3,N,RRS,0.37
12/29/2025,24,2,N,ECRS,0.73
12/29/2025,24,2,N,NSPIN,3.01
12/29/2025,24,2,N,REGDN,0.05
12/29/2025,24,2,N,REGUP,0.43
12/29/2025,24,2,N,RRS,0.38
12/29/2025,24,1,N,ECRS,0.74
12/29/2025,24,1,N,NSPIN,3.01
12/29/2025,24,1,N,REGDN,0.39
12/29/2025,24,1,N,REGUP,0.43
12/29/2025,24,1,N,RRS,0.38
12/30/2025,1,4,N,ECRS,0.26
12/30/2025,1,4,N,NSPIN,1.04
12/30/2025,1,4,N,REGDN,0
12/30/2025,1,4,N,REGUP,0
12/30/2025,1,4,N,RRS,0.13
12/30/2025,1,3,N,ECRS,0.26
12/30/2025,1,3,N,NSPIN,1.04
12/30/2025,1,3,N,REGDN,0
12/30/2025,1,3,N,REGUP,0
12/30/2025,1,3,N,RRS,0.13
12/30/2025,1,2,N,ECRS,0.26
12/30/2025,1,2,N,NSPIN,1.05
12/30/2025,1,2,N,REGDN,0
12/30/2025,1,2,N,REGUP,0
12/30/2025,1,2,N,RRS,0.13
12/30/2025,1,1,N,ECRS,0.32
12/30/2025,1,1,N,NSPIN,1.29
12/30/2025,1,1,N,REGDN,0.01
12/30/2025,1,1,N,REGUP,0.24
12/30/2025,1,1,N,RRS,0.16
12/30/2025,2,4,N,ECRS,0.23
12/30/2025,2,4,N,NSPIN,0.91
12/30/2025,2,4,N,REGDN,0
12/30/2025,2,4,N,REGUP,0
12/30/2025,2,4,N,RRS,0.12
12/30/2025,2,3,N,ECRS,0.24
12/30/2025,2,3,N,NSPIN,0.97
12/30/2025,2,3,N,REGDN,0
12/30/2025,2,3,N,REGUP,0
12/30/2025,2,3,N,RRS,0.12
12/30/2025,2,2,N,ECRS,0.26
12/30/2025,2,2,N,NSPIN,1.04
12/30/2025,2,2,N,REGDN,0
12/30/2025,2,2,N,REGUP,0
12/30/2025,2,2,N,RRS,0.13
12/30/2025,2,1,N,ECRS,0.26
12/30/2025,2,1,N,NSPIN,1.04
12/30/2025,2,1,N,REGDN,0
12/30/2025,2,1,N,REGUP,0.15
12/30/2025,2,1,N,RRS,0.13
12/30/2025,3,4,N,ECRS,0.13
12/30/2025,3,4,N,NSPIN,0.54
12/30/2025,3,4,N,REGDN,1.04
12/30/2025,3,4,N,REGUP,0.02
12/30/2025,3,4,N,RRS,0.07
12/30/2025,3,3,N,ECRS,0.13
12/30/2025,3,3,N,NSPIN,0.62
12/30/2025,3,3,N,REGDN,0.43
12/30/2025,3,3,N,REGUP,0
12/30/2025,3,3,N,RRS,0.08
12/30/2025,3,2,N,ECRS,0.14
12/30/2025,3,2,N,NSPIN,0.66
12/30/2025,3,2,N,REGDN,0.1
12/30/2025,3,2,N,REGUP,0
12/30/2025,3,2,N,RRS,0.08
12/30/2025,3,1,N,ECRS,0.01
12/30/2025,3,1,N,NSPIN,0.8
12/30/2025,3,1,N,REGDN,0.4
12/30/2025,3,1,N,REGUP,0
12/30/2025,3,1,N,RRS,0.1
12/30/2025,4,4,N,ECRS,0.04
12/30/2025,4,4,N,NSPIN,0.25
12/30/2025,4,4,N,REGDN,0.32
12/30/2025,4,4,N,REGUP,0
12/30/2025,4,4,N,RRS,0.03
12/30/2025,4,3,N,ECRS,0.06
12/30/2025,4,3,N,NSPIN,0.25
12/30/2025,4,3,N,REGDN,0.43
12/30/2025,4,3,N,REGUP,0
12/30/2025,4,3,N,RRS,0.03
12/30/2025,4,2,N,ECRS,0.08
12/30/2025,4,2,N,NSPIN,0.3
12/30/2025,4,2,N,REGDN,0.45
12/30/2025,4,2,N,REGUP,0.03
12/30/2025,4,2,N,RRS,0.04
12/30/2025,4,1,N,ECRS,0.03
12/30/2025,4,1,N,NSPIN,0.4
12/30/2025,4,1,N,REGDN,0.63
12/30/2025,4,1,N,REGUP,0.03
12/30/2025,4,1,N,RRS,0.05
12/30/2025,5,4,N,ECRS,0.07
12/30/2025,5,4,N,NSPIN,0.26
12/30/2025,5,4,N,REGDN,1.07
12/30/2025,5,4,N,REGUP,0.03
12/30/2025,5,4,N,RRS,0.03
12/30/2025,5,3,N,ECRS,0.06
12/30/2025,5,3,N,NSPIN,0.25
12/30/2025,5,3,N,REGDN,0.34
12/30/2025,5,3,N,REGUP,0.03
12/30/2025,5,3,N,RRS,0.03
12/30/2025,5,2,N,ECRS,0.06
12/30/2025,5,2,N,NSPIN,0.25
12/30/2025,5,2,N,REGDN,0.17
12/30/2025,5,2,N,REGUP,0.03
12/30/2025,5,2,N,RRS,0.03
12/30/2025,5,1,N,ECRS,0.06
12/30/2025,5,1,N,NSPIN,0.25
12/30/2025,5,1,N,REGDN,0.62
12/30/2025,5,1,N,REGUP,0.03
12/30/2025,5,1,N,RRS,0.03
12/30/2025,6,4,N,ECRS,0.15
12/30/2025,6,4,N,NSPIN,1.02
12/30/2025,6,4,N,REGDN,1.19
12/30/2025,6,4,N,REGUP,0
12/30/2025,6,4,N,RRS,0.13
12/30/2025,6,3,N,ECRS,0.13
12/30/2025,6,3,N,NSPIN,0.99
12/30/2025,6,3,N,REGDN,1.09
12/30/2025,6,3,N,REGUP,0
12/30/2025,6,3,N,RRS,0.13
12/30/2025,6,2,N,ECRS,0.12
12/30/2025,6,2,N,NSPIN,0.98
12/30/2025,6,2,N,REGDN,0.95
12/30/2025,6,2,N,REGUP,0
12/30/2025,6,2,N,RRS,0.12
12/30/2025,6,1,N,ECRS,0.14
12/30/2025,6,1,N,NSPIN,0.64
12/30/2025,6,1,N,REGDN,1.1
12/30/2025,6,1,N,REGUP,0
12/30/2025,6,1,N,RRS,0.08
12/30/2025,7,4,N,ECRS,0.46
12/30/2025,7,4,N,NSPIN,2.98
12/30/2025,7,4,N,REGDN,0.94
12/30/2025,7,4,N,REGUP,0
12/30/2025,7,4,N,RRS,0.37
12/30/2025,7,3,N,ECRS,0.28
12/30/2025,7,3,N,NSPIN,2.36
12/30/2025,7,3,N,REGDN,2
12/30/2025,7,3,N,REGUP,0
12/30/2025,7,3,N,RRS,0.29
12/30/2025,7,2,N,ECRS,0.26
12/30/2025,7,2,N,NSPIN,2.28
12/30/2025,7,2,N,REGDN,1.99
12/30/2025,7,2,N,REGUP,0
12/30/2025,7,2,N,RRS,0.26
12/30/2025,7,1,N,ECRS,0.26
12/30/2025,7,1,N,NSPIN,1.51
12/30/2025,7,1,N,REGDN,1.17
12/30/2025,7,1,N,REGUP,0
12/30/2025,7,1,N,RRS,0.19
12/30/2025,8,4,N,ECRS,1.77
12/30/2025,8,4,N,NSPIN,4.36
12/30/2025,8,4,N,REGDN,0
12/30/2025,8,4,N,REGUP,1.99
12/30/2025,8,4,N,RRS,1.87
12/30/2025,8,3,N,ECRS,2.58
12/30/2025,8,3,N,NSPIN,3.9
12/30/2025,8,3,N,REGDN,0.09
12/30/2025,8,3,N,REGUP,2.82
12/30/2025,8,3,N,RRS,2.64
12/30/2025,8,2,N,ECRS,1.7
12/30/2025,8,2,N,NSPIN,4.39
12/30/2025,8,2,N,REGDN,0.92
12/30/2025,8,2,N,REGUP,1.99
12/30/2025,8,2,N,RRS,1.81
12/30/2025,8,1,N,ECRS,0.92
12/30/2025,8,1,N,NSPIN,3.07
12/30/2025,8,1,N,REGDN,0.81
12/30/2025,8,1,N,REGUP,1.69
12/30/2025,8,1,N,RRS,0.66
12/30/2025,9,4,N,ECRS,0.12
12/30/2025,9,4,N,NSPIN,0.45
12/30/2025,9,4,N,REGDN,0.72
12/30/2025,9,4,N,REGUP,0
12/30/2025,9,4,N,RRS,0.06
12/30/2025,9,3,N,ECRS,0.24
12/30/2025,9,3,N,NSPIN,0.93
12/30/2025,9,3,N,REGDN,1.4
12/30/2025,9,3,N,REGUP,0
12/30/2025,9,3,N,RRS,0.12
12/30/2025,9,2,N,ECRS,0.52
12/30/2025,9,2,N,NSPIN,1.44
12/30/2025,9,2,N,REGDN,1.45
12/30/2025,9,2,N,REGUP,0
12/30/2025,9,2,N,RRS,0.37
12/30/2025,9,1,N,ECRS,0.83
12/30/2025,9,1,N,NSPIN,2.09
12/30/2025,9,1,N,REGDN,0.76
12/30/2025,9,1,N,REGUP,0.21
12/30/2025,9,1,N,RRS,0.62
12/30/2025,10,4,N,ECRS,0.02
12/30/2025,10,4,N,NSPIN,0.08
12/30/2025,10,4,N,REGDN,0.35
12/30/2025,10,4,N,REGUP,0
12/30/2025,10,4,N,RRS,0.01
12/30/2025,10,3,N,ECRS,0.02
12/30/2025,10,3,N,NSPIN,0.07
12/30/2025,10,3,N,REGDN,0.15
12/30/2025,10,3,N,REGUP,0
12/30/2025,10,3,N,RRS,0.01
12/30/2025,10,2,N,ECRS,0.03
12/30/2025,10,2,N,NSPIN,0.12
12/30/2025,10,2,N,REGDN,0.56
12/30/2025,10,2,N,REGUP,0
12/30/2025,10,2,N,RRS,0.01
12/30/2025,10,1,N,ECRS,0.06
12/30/2025,10,1,N,NSPIN,0.25
12/30/2025,10,1,N,REGDN,0.54
12/30/2025,10,1,N,REGUP,0
12/30/2025,10,1,N,RRS,0.03
12/30/2025,11,4,N,ECRS,0.06
12/30/2025,11,4,N,NSPIN,0.23
12/30/2025,11,4,N,REGDN,0.24
12/30/2025,11,4,N,REGUP,0
12/30/2025,11,4,N,RRS,0.03
12/30/2025,11,3,N,ECRS,0.06
12/30/2025,11,3,N,NSPIN,0.24
12/30/2025,11,3,N,REGDN,0.2
12/30/2025,11,3,N,REGUP,0
12/30/2025,11,3,N,RRS,0.03
12/30/2025,11,2,N,ECRS,0.05
12/30/2025,11,2,N,NSPIN,0.19
12/30/2025,11,2,N,REGDN,0.37
12/30/2025,11,2,N,REGUP,0
12/30/2025,11,2,N,RRS,0.02
12/30/2025,11,1,N,ECRS,0.04
12/30/2025,11,1,N,NSPIN,0.15
12/30/2025,11,1,N,REGDN,0.19
12/30/2025,11,1,N,REGUP,0
12/30/2025,11,1,N,RRS,0.02
12/30/2025,12,4,N,ECRS,0.02
12/30/2025,12,4,N,NSPIN,0.16
12/30/2025,12,4,N,REGDN,0.25
12/30/2025,12,4,N,REGUP,0
12/30/2025,12,4,N,RRS,0.02
12/30/2025,12,3,N,ECRS,0.02
12/30/2025,12,3,N,NSPIN,0.18
12/30/2025,12,3,N,REGDN,0.1
12/30/2025,12,3,N,REGUP,0
12/30/2025,12,3,N,RRS,0.02
12/30/2025,12,2,N,ECRS,0.03
12/30/2025,12,2,N,NSPIN,0.23
12/30/2025,12,2,N,REGDN,1.15
12/30/2025,12,2,N,REGUP,0
12/30/2025,12,2,N,RRS,0.03
12/30/2025,12,1,N,ECRS,0.05
12/30/2025,12,1,N,NSPIN,0.25
12/30/2025,12,1,N,REGDN,0.41
12/30/2025,12,1,N,REGUP,0
12/30/2025,12,1,N,RRS,0.03
12/30/2025,13,4,N,ECRS,0.01
12/30/2025,13,4,N,NSPIN,0.03
12/30/2025,13,4,N,REGDN,0.01
12/30/2025,13,4,N,REGUP,0
12/30/2025,13,4,N,RRS,0
12/30/2025,13,3,N,ECRS,0.01
12/30/2025,13,3,N,NSPIN,0.04
12/30/2025,13,3,N,REGDN,0.01
12/30/2025,13,3,N,REGUP,0
12/30/2025,13,3,N,RRS,0.01
12/30/2025,13,2,N,ECRS,0.01
12/30/2025,13,2,N,NSPIN,0.06
12/30/2025,13,2,N,REGDN,0.01
12/30/2025,13,2,N,REGUP,0
12/30/2025,13,2,N,RRS,0.01
12/30/2025,13,1,N,ECRS,0.01
12/30/2025,13,1,N,NSPIN,0.1
12/30/2025,13,1,N,REGDN,0.14
12/30/2025,13,1,N,REGUP,0
12/30/2025,13,1,N,RRS,0.01
12/30/2025,14,4,N,ECRS,0
12/30/2025,14,4,N,NSPIN,0.01
12/30/2025,14,4,N,REGDN,0.02
12/30/2025,14,4,N,REGUP,0
12/30/2025,14,4,N,RRS,0
12/30/2025,14,3,N,ECRS,0
12/30/2025,14,3,N,NSPIN,0.01
12/30/2025,14,3,N,REGDN,0.13
12/30/2025,14,3,N,REGUP,0
12/30/2025,14,3,N,RRS,0
12/30/2025,14,2,N,ECRS,0
12/30/2025,14,2,N,NSPIN,0.01
12/30/2025,14,2,N,REGDN,0.19
12/30/2025,14,2,N,REGUP,0
12/30/2025,14,2,N,RRS,0
12/30/2025,14,1,N,ECRS,0
12/30/2025,14,1,N,NSPIN,0.01
12/30/2025,14,1,N,REGDN,0
12/30/2025,14,1,N,REGUP,0
12/30/2025,14,1,N,RRS,0
12/30/2025,15,4,N,ECRS,0
12/30/2025,15,4,N,NSPIN,0.01
12/30/2025,15,4,N,REGDN,0.53
12/30/2025,15,4,N,REGUP,0
12/30/2025,15,4,N,RRS,0
12/30/2025,15,3,N,ECRS,0
12/30/2025,15,3,N,NSPIN,0.01
12/30/2025,15,3,N,REGDN,0.43
12/30/2025,15,3,N,REGUP,0
12/30/2025,15,3,N,RRS,0
12/30/2025,15,2,N,ECRS,0
12/30/2025,15,2,N,NSPIN,0.01
12/30/2025,15,2,N,REGDN,0.07
12/30/2025,15,2,N,REGUP,0
12/30/2025,15,2,N,RRS,0
12/30/2025,15,1,N,ECRS,0
12/30/2025,15,1,N,NSPIN,0.01
12/30/2025,15,1,N,REGDN,0.02
12/30/2025,15,1,N,REGUP,0
12/30/2025,15,1,N,RRS,0
12/30/2025,16,4,N,ECRS,0
12/30/2025,16,4,N,NSPIN,0.01
12/30/2025,16,4,N,REGDN,6.63
12/30/2025,16,4,N,REGUP,0
12/30/2025,16,4,N,RRS,0
12/30/2025,16,3,N,ECRS,0
12/30/2025,16,3,N,NSPIN,0.01
12/30/2025,16,3,N,REGDN,5.64
12/30/2025,16,3,N,REGUP,0
12/30/2025,16,3,N,RRS,0
12/30/2025,16,2,N,ECRS,0
12/30/2025,16,2,N,NSPIN,0.01
12/30/2025,16,2,N,REGDN,3.72
12/30/2025,16,2,N,REGUP,0
12/30/2025,16,2,N,RRS,0
12/30/2025,16,1,N,ECRS,0
12/30/2025,16,1,N,NSPIN,0.01
12/30/2025,16,1,N,REGDN,1.96
12/30/2025,16,1,N,REGUP,0.01
12/30/2025,16,1,N,RRS,0
12/30/2025,17,4,N,ECRS,0.01
12/30/2025,17,4,N,NSPIN,0.03
12/30/2025,17,4,N,REGDN,0.42
12/30/2025,17,4,N,REGUP,0.55
12/30/2025,17,4,N,RRS,0
12/30/2025,17,3,N,ECRS,0
12/30/2025,17,3,N,NSPIN,0.01
12/30/2025,17,3,N,REGDN,0.51
12/30/2025,17,3,N,REGUP,0.48
12/30/2025,17,3,N,RRS,0
12/30/2025,17,2,N,ECRS,0
12/30/2025,17,2,N,NSPIN,0.01
12/30/2025,17,2,N,REGDN,1.06
12/30/2025,17,2,N,REGUP,0
12/30/2025,17,2,N,RRS,0
12/30/2025,17,1,N,ECRS,0
12/30/2025,17,1,N,NSPIN,0.01
12/30/2025,17,1,N,REGDN,3.59
12/30/2025,17,1,N,REGUP,0
12/30/2025,17,1,N,RRS,0
12/30/2025,18,4,N,ECRS,0.13
12/30/2025,18,4,N,NSPIN,0.47
12/30/2025,18,4,N,REGDN,0.38
12/30/2025,18,4,N,REGUP,0
12/30/2025,18,4,N,RRS,0.07
12/30/2025,18,3,N,ECRS,0.08
12/30/2025,18,3,N,NSPIN,0.29
12/30/2025,18,3,N,REGDN,0.21
12/30/2025,18,3,N,REGUP,0
12/30/2025,18,3,N,RRS,0.05
12/30/2025,18,2,N,ECRS,0.04
12/30/2025,18,2,N,NSPIN,0.16
12/30/2025,18,2,N,REGDN,0.3
12/30/2025,18,2,N,REGUP,0
12/30/2025,18,2,N,RRS,0.03
12/30/2025,18,1,N,ECRS,0.01
12/30/2025,18,1,N,NSPIN,0.05
12/30/2025,18,1,N,REGDN,0.37
12/30/2025,18,1,N,REGUP,0
12/30/2025,18,1,N,RRS,0.01
12/30/2025,19,4,N,ECRS,0.26
12/30/2025,19,4,N,NSPIN,1.03
12/30/2025,19,4,N,REGDN,0.63
12/30/2025,19,4,N,REGUP,0
12/30/2025,19,4,N,RRS,0.13
12/30/2025,19,3,N,ECRS,0.25
12/30/2025,19,3,N,NSPIN,0.98
12/30/2025,19,3,N,REGDN,0.73
12/30/2025,19,3,N,REGUP,0
12/30/2025,19,3,N,RRS,0.12
12/30/2025,19,2,N,ECRS,0.16
12/30/2025,19,2,N,NSPIN,0.97
12/30/2025,19,2,N,REGDN,0.78
12/30/2025,19,2,N,REGUP,0
12/30/2025,19,2,N,RRS,0.13
12/30/2025,19,1,N,ECRS,0.22
12/30/2025,19,1,N,NSPIN,0.92
12/30/2025,19,1,N,REGDN,0.77
12/30/2025,19,1,N,REGUP,0
12/30/2025,19,1,N,RRS,0.13
12/30/2025,20,4,N,ECRS,0.26
12/30/2025,20,4,N,NSPIN,1.02
12/30/2025,20,4,N,REGDN,0.17
12/30/2025,20,4,N,REGUP,0
12/30/2025,20,4,N,RRS,0.13
12/30/2025,20,3,N,ECRS,0.25
12/30/2025,20,3,N,NSPIN,1
12/30/2025,20,3,N,REGDN,0.09
12/30/2025,20,3,N,REGUP,0
12/30/2025,20,3,N,RRS,0.13
12/30/2025,20,2,N,ECRS,0.25
12/30/2025,20,2,N,NSPIN,1
12/30/2025,20,2,N,REGDN,0.06
12/30/2025,20,2,N,REGUP,0
12/30/2025,20,2,N,RRS,0.13
12/30/2025,20,1,N,ECRS,0.24
12/30/2025,20,1,N,NSPIN,1
12/30/2025,20,1,N,REGDN,0.14
12/30/2025,20,1,N,REGUP,0
12/30/2025,20,1,N,RRS,0.13
12/30/2025,21,4,N,ECRS,0.25
12/30/2025,21,4,N,NSPIN,1.05
12/30/2025,21,4,N,REGDN,0
12/30/2025,21,4,N,REGUP,0
12/30/2025,21,4,N,RRS,0.13
12/30/2025,21,3,N,ECRS,0.26
12/30/2025,21,3,N,NSPIN,1.06
12/30/2025,21,3,N,REGDN,0
12/30/2025,21,3,N,REGUP,0
12/30/2025,21,3,N,RRS,0.13
12/30/2025,21,2,N,ECRS,0.26
12/30/2025,21,2,N,NSPIN,1.1
12/30/2025,21,2,N,REGDN,0.05
12/30/2025,21,2,N,REGUP,0
12/30/2025,21,2,N,RRS,0.14
12/30/2025,21,1,N,ECRS,0.26
12/30/2025,21,1,N,NSPIN,1.05
12/30/2025,21,1,N,REGDN,0.11
12/30/2025,21,1,N,REGUP,0
12/30/2025,21,1,N,RRS,0.13
12/30/2025,22,4,N,ECRS,0.27
12/30/2025,22,4,N,NSPIN,1.06
12/30/2025,22,4,N,REGDN,0.03
12/30/2025,22,4,N,REGUP,0.08
12/30/2025,22,4,N,RRS,0.13
12/30/2025,22,3,N,ECRS,0.26
12/30/2025,22,3,N,NSPIN,1.06
12/30/2025,22,3,N,REGDN,0.1
12/30/2025,22,3,N,REGUP,0.05
12/30/2025,22,3,N,RRS,0.13
12/30/2025,22,2,N,ECRS,0.27
12/30/2025,22,2,N,NSPIN,1.06
12/30/2025,22,2,N,REGDN,0.14
12/30/2025,22,2,N,REGUP,0.01
12/30/2025,22,2,N,RRS,0.13
12/30/2025,22,1,N,ECRS,0.26
12/30/2025,22,1,N,NSPIN,1.05
12/30/2025,22,1,N,REGDN,0
12/30/2025,22,1,N,REGUP,0.11
12/30/2025,22,1,N,RRS,0.13
12/30/2025,23,4,N,ECRS,0.22
12/30/2025,23,4,N,NSPIN,0.86
12/30/2025,23,4,N,REGDN,0.46
12/30/2025,23,4,N,REGUP,0
12/30/2025,23,4,N,RRS,0.11
12/30/2025,23,3,N,ECRS,0.23
12/30/2025,23,3,N,NSPIN,0.93
12/30/2025,23,3,N,REGDN,0.56
12/30/2025,23,3,N,REGUP,0
12/30/2025,23,3,N,RRS,0.12
12/30/2025,23,2,N,ECRS,0.24
12/30/2025,23,2,N,NSPIN,0.94
12/30/2025,23,2,N,REGDN,0.11
12/30/2025,23,2,N,REGUP,0.04
12/30/2025,23,2,N,RRS,0.12
12/30/2025,23,1,N,ECRS,0.24
12/30/2025,23,1,N,NSPIN,0.96
12/30/2025,23,1,N,REGDN,0.01
12/30/2025,23,1,N,REGUP,0.11
12/30/2025,23,1,N,RRS,0.12
12/30/2025,24,4,N,ECRS,0.06
12/30/2025,24,4,N,NSPIN,0.25
12/30/2025,24,4,N,REGDN,0.02
12/30/2025,24,4,N,REGUP,0
12/30/2025,24,4,N,RRS,0.03
12/30/2025,24,3,N,ECRS,0.08
12/30/2025,24,3,N,NSPIN,0.32
12/30/2025,24,3,N,REGDN,0
12/30/2025,24,3,N,REGUP,0
12/30/2025,24,3,N,RRS,0.04
12/30/2025,24,2,N,ECRS,0.13
12/30/2025,24,2,N,NSPIN,0.53
12/30/2025,24,2,N,REGDN,0
12/30/2025,24,2,N,REGUP,0
12/30/2025,24,2,N,RRS,0.06
12/30/2025,24,1,N,ECRS,0.18
12/30/2025,24,1,N,NSPIN,0.72
12/30/2025,24,1,N,REGDN,0.02
12/30/2025,24,1,N,REGUP,0
12/30/2025,24,1,N,RRS,0.09
12/31/2025,1,4,N,ECRS,0.07
12/31/2025,1,4,N,NSPIN,0.29
12/31/2025,1,4,N,REGDN,1.04
12/31/2025,1,4,N,REGUP,0
12/31/2025,1,4,N,RRS,0.04
12/31/2025,1,3,N,ECRS,0.08
12/31/2025,1,3,N,NSPIN,0.33
12/31/2025,1,3,N,REGDN,0.54
12/31/2025,1,3,N,REGUP,0
12/31/2025,1,3,N,RRS,0.04
12/31/2025,1,2,N,ECRS,0.09
12/31/2025,1,2,N,NSPIN,0.37
12/31/2025,1,2,N,REGDN,0.97
12/31/2025,1,2,N,REGUP,0
12/31/2025,1,2,N,RRS,0.04
12/31/2025,1,1,N,ECRS,0.08
12/31/2025,1,1,N,NSPIN,0.3
12/31/2025,1,1,N,REGDN,0.89
12/31/2025,1,1,N,REGUP,0.01
12/31/2025,1,1,N,RRS,0.04
12/31/2025,2,4,N,ECRS,0.05
12/31/2025,2,4,N,NSPIN,0.25
12/31/2025,2,4,N,REGDN,0.71
12/31/2025,2,4,N,REGUP,0
12/31/2025,2,4,N,RRS,0.03
12/31/2025,2,3,N,ECRS,0.06
12/31/2025,2,3,N,NSPIN,0.25
12/31/2025,2,3,N,REGDN,0.8
12/31/2025,2,3,N,REGUP,0
12/31/2025,2,3,N,RRS,0.03
12/31/2025,2,2,N,ECRS,0.07
12/31/2025,2,2,N,NSPIN,0.27
12/31/2025,2,2,N,REGDN,0.54
12/31/2025,2,2,N,REGUP,0
12/31/2025,2,2,N,RRS,0.03
12/31/2025,2,1,N,ECRS,0.07
12/31/2025,2,1,N,NSPIN,0.3
12/31/2025,2,1,N,REGDN,0.96
12/31/2025,2,1,N,REGUP,0.02
12/31/2025,2,1,N,RRS,0.04
12/31/2025,3,4,N,ECRS,0.01
12/31/2025,3,4,N,NSPIN,0.25
12/31/2025,3,4,N,REGDN,0.75
12/31/2025,3,4,N,REGUP,0.05
12/31/2025,3,4,N,RRS,0.03
12/31/2025,3,3,N,ECRS,0.01
12/31/2025,3,3,N,NSPIN,0.25
12/31/2025,3,3,N,REGDN,1.19
12/31/2025,3,3,N,REGUP,0.05
12/31/2025,3,3,N,RRS,0.03
12/31/2025,3,2,N,ECRS,0.01
12/31/2025,3,2,N,NSPIN,0.25
12/31/2025,3,2,N,REGDN,1.28
12/31/2025,3,2,N,REGUP,0.02
12/31/2025,3,2,N,RRS,0.03
12/31/2025,3,1,N,ECRS,0.04
12/31/2025,3,1,N,NSPIN,0.25
12/31/2025,3,1,N,REGDN,1.26
12/31/2025,3,1,N,REGUP,0.02
12/31/2025,3,1,N,RRS,0.03
12/31/2025,4,4,N,ECRS,0.05
12/31/2025,4,4,N,NSPIN,0.25
12/31/2025,4,4,N,REGDN,0.4
12/31/2025,4,4,N,REGUP,0.08
12/31/2025,4,4,N,RRS,0.03
12/31/2025,4,3,N,ECRS,0.04
12/31/2025,4,3,N,NSPIN,0.25
12/31/2025,4,3,N,REGDN,0.69
12/31/2025,4,3,N,REGUP,0.09
12/31/2025,4,3,N,RRS,0.03
12/31/2025,4,2,N,ECRS,0.06
12/31/2025,4,2,N,NSPIN,0.25
12/31/2025,4,2,N,REGDN,1.05
12/31/2025,4,2,N,REGUP,0.1
12/31/2025,4,2,N,RRS,0.03
12/31/2025,4,1,N,ECRS,0.06
12/31/2025,4,1,N,NSPIN,0.25
12/31/2025,4,1,N,REGDN,0.92
12/31/2025,4,1,N,REGUP,0.08
12/31/2025,4,1,N,RRS,0.03
12/31/2025,5,4,N,ECRS,0.07
12/31/2025,5,4,N,NSPIN,0.33
12/31/2025,5,4,N,REGDN,0.09
12/31/2025,5,4,N,REGUP,0.04
12/31/2025,5,4,N,RRS,0.04
12/31/2025,5,3,N,ECRS,0.05
12/31/2025,5,3,N,NSPIN,0.27
12/31/2025,5,3,N,REGDN,0.01
12/31/2025,5,3,N,REGUP,0
12/31/2025,5,3,N,RRS,0.03
12/31/2025,5,2,N,ECRS,0.05
12/31/2025,5,2,N,NSPIN,0.29
12/31/2025,5,2,N,REGDN,0.13
12/31/2025,5,2,N,REGUP,0
12/31/2025,5,2,N,RRS,0.04
12/31/2025,5,1,N,ECRS,0.05
12/31/2025,5,1,N,NSPIN,0.25
12/31/2025,5,1,N,REGDN,0.09
12/31/2025,5,1,N,REGUP,0.08
12/31/2025,5,1,N,RRS,0.03
12/31/2025,6,4,N,ECRS,0.25
12/31/2025,6,4,N,NSPIN,1.05
12/31/2025,6,4,N,REGDN,0.13
12/31/2025,6,4,N,REGUP,0
12/31/2025,6,4,N,RRS,0.13
12/31/2025,6,3,N,ECRS,0.21
12/31/2025,6,3,N,NSPIN,1.04
12/31/2025,6,3,N,REGDN,0.04
12/31/2025,6,3,N,REGUP,0
12/31/2025,6,3,N,RRS,0.13
12/31/2025,6,2,N,ECRS,0.23
12/31/2025,6,2,N,NSPIN,1
12/31/2025,6,2,N,REGDN,0.04
12/31/2025,6,2,N,REGUP,0
12/31/2025,6,2,N,RRS,0.13
12/31/2025,6,1,N,ECRS,0.21
12/31/2025,6,1,N,NSPIN,0.93
12/31/2025,6,1,N,REGDN,0.18
12/31/2025,6,1,N,REGUP,0
12/31/2025,6,1,N,RRS,0.12
12/31/2025,7,4,N,ECRS,0.81
12/31/2025,7,4,N,NSPIN,3.17
12/31/2025,7,4,N,REGDN,0.37
12/31/2025,7,4,N,REGUP,0.4
12/31/2025,7,4,N,RRS,0.45
12/31/2025,7,3,N,ECRS,0.69
12/31/2025,7,3,N,NSPIN,2.81
12/31/2025,7,3,N,REGDN,0.2
12/31/2025,7,3,N,REGUP,0.21
12/31/2025,7,3,N,RRS,0.36
12/31/2025,7,2,N,ECRS,0.48
12/31/2025,7,2,N,NSPIN,1.92
12/31/2025,7,2,N,REGDN,0.22
12/31/2025,7,2,N,REGUP,0.12
12/31/2025,7,2,N,RRS,0.24
12/31/2025,7,1,N,ECRS,0.34
12/31/2025,7,1,N,NSPIN,1.48
12/31/2025,7,1,N,REGDN,0.01
12/31/2025,7,1,N,REGUP,0.1
12/31/2025,7,1,N,RRS,0.18
12/31/2025,8,4,N,ECRS,3.44
12/31/2025,8,4,N,NSPIN,4.47
12/31/2025,8,4,N,REGDN,0.45
12/31/2025,8,4,N,REGUP,2.61
12/31/2025,8,4,N,RRS,3.37
12/31/2025,8,3,N,ECRS,4.03
12/31/2025,8,3,N,NSPIN,4.36
12/31/2025,8,3,N,REGDN,0.56
12/31/2025,8,3,N,REGUP,3.72
12/31/2025,8,3,N,RRS,3.98
12/31/2025,8,2,N,ECRS,4.51
12/31/2025,8,2,N,NSPIN,4.51
12/31/2025,8,2,N,REGDN,0.63
12/31/2025,8,2,N,REGUP,3.77
12/31/2025,8,2,N,RRS,4.51
12/31/2025,8,1,N,ECRS,3.39
12/31/2025,8,1,N,NSPIN,3.47
12/31/2025,8,1,N,REGDN,0.73
12/31/2025,8,1,N,REGUP,3.21
12/31/2025,8,1,N,RRS,3.38
12/31/2025,9,4,N,ECRS,0.28
12/31/2025,9,4,N,NSPIN,1.1
12/31/2025,9,4,N,REGDN,0.57
12/31/2025,9,4,N,REGUP,0.33
12/31/2025,9,4,N,RRS,0.15
12/31/2025,9,3,N,ECRS,0.41
12/31/2025,9,3,N,NSPIN,1.51
12/31/2025,9,3,N,REGDN,0.41
12/31/2025,9,3,N,REGUP,0.35
12/31/2025,9,3,N,RRS,0.22
12/31/2025,9,2,N,ECRS,0.97
12/31/2025,9,2,N,NSPIN,2.88
12/31/2025,9,2,N,REGDN,0.58
12/31/2025,9,2,N,REGUP,0.11
12/31/2025,9,2,N,RRS,0.56
12/31/2025,9,1,N,ECRS,1.63
12/31/2025,9,1,N,NSPIN,3.22
12/31/2025,9,1,N,REGDN,0.62
12/31/2025,9,1,N,REGUP,0.34
12/31/2025,9,1,N,RRS,1.26
12/31/2025,10,4,N,ECRS,0.13
12/31/2025,10,4,N,NSPIN,0.53
12/31/2025,10,4,N,REGDN,0.3
12/31/2025,10,4,N,REGUP,0.15
12/31/2025,10,4,N,RRS,0.07
12/31/2025,10,3,N,ECRS,0.14
12/31/2025,10,3,N,NSPIN,0.52
12/31/2025,10,3,N,REGDN,0.28
12/31/2025,10,3,N,REGUP,0.13
12/31/2025,10,3,N,RRS,0.07
12/31/2025,10,2,N,ECRS,0.12
12/31/2025,10,2,N,NSPIN,0.48
12/31/2025,10,2,N,REGDN,0.31
12/31/2025,10,2,N,REGUP,0.19
12/31/2025,10,2,N,RRS,0.06
12/31/2025,10,1,N,ECRS,0.23
12/31/2025,10,1,N,NSPIN,0.9
12/31/2025,10,1,N,REGDN,0.27
12/31/2025,10,1,N,REGUP,0.3
12/31/2025,10,1,N,RRS,0.12
12/31/2025,11,4,N,ECRS,0.21
12/31/2025,11,4,N,NSPIN,0.81
12/31/2025,11,4,N,REGDN,0.05
12/31/2025,11,4,N,REGUP,0.04
12/31/2025,11,4,N,RRS,0.11
12/31/2025,11,3,N,ECRS,0.27
12/31/2025,11,3,N,NSPIN,0.89
12/31/2025,11,3,N,REGDN,0.05
12/31/2025,11,3,N,REGUP,0.02
12/31/2025,11,3,N,RRS,0.14
12/31/2025,11,2,N,ECRS,0.2
12/31/2025,11,2,N,NSPIN,0.71
12/31/2025,11,2,N,REGDN,0.11
12/31/2025,11,2,N,REGUP,0.01
12/31/2025,11,2,N,RRS,0.11
12/31/2025,11,1,N,ECRS,0.17
12/31/2025,11,1,N,NSPIN,0.63
12/31/2025,11,1,N,REGDN,0.09
12/31/2025,11,1,N,REGUP,0
12/31/2025,11,1,N,RRS,0.08
12/31/2025,12,4,N,ECRS,0.23
12/31/2025,12,4,N,NSPIN,0.96
12/31/2025,12,4,N,REGDN,0.04
12/31/2025,12,4,N,REGUP,0.09
12/31/2025,12,4,N,RRS,0.12
12/31/2025,12,3,N,ECRS,0.24
12/31/2025,12,3,N,NSPIN,0.97
12/31/2025,12,3,N,REGDN,0.34
12/31/2025,12,3,N,REGUP,0.11
12/31/2025,12,3,N,RRS,0.12
12/31/2025,12,2,N,ECRS,0.24
12/31/2025,12,2,N,NSPIN,0.97
12/31/2025,12,2,N,REGDN,0.5
12/31/2025,12,2,N,REGUP,0.08
12/31/2025,12,2,N,RRS,0.12
12/31/2025,12,1,N,ECRS,0.25
12/31/2025,12,1,N,NSPIN,1
12/31/2025,12,1,N,REGDN,0.11
12/31/2025,12,1,N,REGUP,0.15
12/31/2025,12,1,N,RRS,0.13
12/31/2025,13,4,N,ECRS,0.13
12/31/2025,13,4,N,NSPIN,0.71
12/31/2025,13,4,N,REGDN,0.02
12/31/2025,13,4,N,REGUP,0
12/31/2025,13,4,N,RRS,0.09
12/31/2025,13,3,N,ECRS,0.22
12/31/2025,13,3,N,NSPIN,0.88
12/31/2025,13,3,N,REGDN,0.2
12/31/2025,13,3,N,REGUP,0
12/31/2025,13,3,N,RRS,0.11
12/31/2025,13,2,N,ECRS,0.24
12/31/2025,13,2,N,NSPIN,0.97
12/31/2025,13,2,N,REGDN,0.01
12/31/2025,13,2,N,REGUP,0
12/31/2025,13,2,N,RRS,0.12
12/31/2025,13,1,N,ECRS,0.24
12/31/2025,13,1,N,NSPIN,0.97
12/31/2025,13,1,N,REGDN,0.29
12/31/2025,13,1,N,REGUP,0.05
12/31/2025,13,1,N,RRS,0.12
12/31/2025,14,4,N,ECRS,0.04
12/31/2025,14,4,N,NSPIN,0.25
12/31/2025,14,4,N,REGDN,0
12/31/2025,14,4,N,REGUP,0.07
12/31/2025,14,4,N,RRS,0.03
12/31/2025,14,3,N,ECRS,0.06
12/31/2025,14,3,N,NSPIN,0.25
12/31/2025,14,3,N,REGDN,0
12/31/2025,14,3,N,REGUP,0.06
12/31/2025,14,3,N,RRS,0.03
12/31/2025,14,2,N,ECRS,0.06
12/31/2025,14,2,N,NSPIN,0.25
12/31/2025,14,2,N,REGDN,0
12/31/2025,14,2,N,REGUP,0.02
12/31/2025,14,2,N,RRS,0.03
12/31/2025,14,1,N,ECRS,0.06
12/31/2025,14,1,N,NSPIN,0.27
12/31/2025,14,1,N,REGDN,0
12/31/2025,14,1,N,REGUP,0.08
12/31/2025,14,1,N,RRS,0.03
12/31/2025,15,4,N,ECRS,0.03
12/31/2025,15,4,N,NSPIN,0.11
12/31/2025,15,4,N,REGDN,0.3
12/31/2025,15,4,N,REGUP,0.09
12/31/2025,15,4,N,RRS,0.02
12/31/2025,15,3,N,ECRS,0.04
12/31/2025,15,3,N,NSPIN,0.17
12/31/2025,15,3,N,REGDN,0.8
12/31/2025,15,3,N,REGUP,0.11
12/31/2025,15,3,N,RRS,0.02
12/31/2025,15,2,N,ECRS,0.05
12/31/2025,15,2,N,NSPIN,0.23
12/31/2025,15,2,N,REGDN,0.19
12/31/2025,15,2,N,REGUP,0.11
12/31/2025,15,2,N,RRS,0.03
12/31/2025,15,1,N,ECRS,0.06
12/31/2025,15,1,N,NSPIN,0.25
12/31/2025,15,1,N,REGDN,0.01
12/31/2025,15,1,N,REGUP,0.08
12/31/2025,15,1,N,RRS,0.03
12/31/2025,16,4,N,ECRS,0.01
12/31/2025,16,4,N,NSPIN,0.03
12/31/2025,16,4,N,REGDN,4.48
12/31/2025,16,4,N,REGUP,0.12
12/31/2025,16,4,N,RRS,0
12/31/2025,16,3,N,ECRS,0.01
12/31/2025,16,3,N,NSPIN,0.04
12/31/2025,16,3,N,REGDN,2
12/31/2025,16,3,N,REGUP,0.12
12/31/2025,16,3,N,RRS,0.01
12/31/2025,16,2,N,ECRS,0.01
12/31/2025,16,2,N,NSPIN,0.05
12/31/2025,16,2,N,REGDN,1.05
12/31/2025,16,2,N,REGUP,0.1
12/31/2025,16,2,N,RRS,0.01
12/31/2025,16,1,N,ECRS,0.02
12/31/2025,16,1,N,NSPIN,0.06
12/31/2025,16,1,N,REGDN,0.46
12/31/2025,16,1,N,REGUP,0.13
12/31/2025,16,1,N,RRS,0.01
12/31/2025,17,4,N,ECRS,0.07
12/31/2025,17,4,N,NSPIN,0.23
12/31/2025,17,4,N,REGDN,0.51
12/31/2025,17,4,N,REGUP,0.78
12/31/2025,17,4,N,RRS,0.04
12/31/2025,17,3,N,ECRS,0.02
12/31/2025,17,3,N,NSPIN,0.08
12/31/2025,17,3,N,REGDN,1.55
12/31/2025,17,3,N,REGUP,0.4
12/31/2025,17,3,N,RRS,0.01
12/31/2025,17,2,N,ECRS,0.01
12/31/2025,17,2,N,NSPIN,0.02
12/31/2025,17,2,N,REGDN,2.15
12/31/2025,17,2,N,REGUP,0.16
12/31/2025,17,2,N,RRS,0
12/31/2025,17,1,N,ECRS,0
12/31/2025,17,1,N,NSPIN,0.01
12/31/2025,17,1,N,REGDN,3.33
12/31/2025,17,1,N,REGUP,0.16
12/31/2025,17,1,N,RRS,0
12/31/2025,18,4,N,ECRS,6.39
12/31/2025,18,4,N,NSPIN,6.39
12/31/2025,18,4,N,REGDN,0.44
12/31/2025,18,4,N,REGUP,0
12/31/2025,18,4,N,RRS,6.39
12/31/2025,18,3,N,ECRS,4.1
12/31/2025,18,3,N,NSPIN,4.1
12/31/2025,18,3,N,REGDN,1.41
12/31/2025,18,3,N,REGUP,0
12/31/2025,18,3,N,RRS,4.1
12/31/2025,18,2,N,ECRS,1.76
12/31/2025,18,2,N,NSPIN,1.77
12/31/2025,18,2,N,REGDN,1.34
12/31/2025,18,2,N,REGUP,0
12/31/2025,18,2,N,RRS,1.76
12/31/2025,18,1,N,ECRS,0.28
12/31/2025,18,1,N,NSPIN,0.95
12/31/2025,18,1,N,REGDN,1.12
12/31/2025,18,1,N,REGUP,0.01
12/31/2025,18,1,N,RRS,0.16
12/31/2025,19,4,N,ECRS,0.58
12/31/2025,19,4,N,NSPIN,2.5
12/31/2025,19,4,N,REGDN,0.17
12/31/2025,19,4,N,REGUP,0
12/31/2025,19,4,N,RRS,0.32
12/31/2025,19,3,N,ECRS,0.55
12/31/2025,19,3,N,NSPIN,2.2
12/31/2025,19,3,N,REGDN,0.19
12/31/2025,19,3,N,REGUP,0
12/31/2025,19,3,N,RRS,0.28
12/31/2025,19,2,N,ECRS,0.39
12/31/2025,19,2,N,NSPIN,1.54
12/31/2025,19,2,N,REGDN,0.2
12/31/2025,19,2,N,REGUP,0
12/31/2025,19,2,N,RRS,0.2
12/31/2025,19,1,N,ECRS,0.62
12/31/2025,19,1,N,NSPIN,1.62
12/31/2025,19,1,N,REGDN,0.35
12/31/2025,19,1,N,REGUP,0
12/31/2025,19,1,N,RRS,0.45
12/31/2025,20,4,N,ECRS,0.75
12/31/2025,20,4,N,NSPIN,3
12/31/2025,20,4,N,REGDN,0.44
12/31/2025,20,4,N,REGUP,0
12/31/2025,20,4,N,RRS,0.38
12/31/2025,20,3,N,ECRS,0.75
12/31/2025,20,3,N,NSPIN,3
12/31/2025,20,3,N,REGDN,0.18
12/31/2025,20,3,N,REGUP,0
12/31/2025,20,3,N,RRS,0.39
12/31/2025,20,2,N,ECRS,0.75
12/31/2025,20,2,N,NSPIN,2.99
12/31/2025,20,2,N,REGDN,0.05
12/31/2025,20,2,N,REGUP,0
12/31/2025,20,2,N,RRS,0.38
12/31/2025,20,1,N,ECRS,0.73
12/31/2025,20,1,N,NSPIN,2.88
12/31/2025,20,1,N,REGDN,0.23
12/31/2025,20,1,N,REGUP,0
12/31/2025,20,1,N,RRS,0.37
12/31/2025,21,4,N,ECRS,0.22
12/31/2025,21,4,N,NSPIN,1.25
12/31/2025,21,4,N,REGDN,0.15
12/31/2025,21,4,N,REGUP,0
12/31/2025,21,4,N,RRS,0.16
12/31/2025,21,3,N,ECRS,0.27
12/31/2025,21,3,N,NSPIN,1.3
12/31/2025,21,3,N,REGDN,0.28
12/31/2025,21,3,N,REGUP,0
12/31/2025,21,3,N,RRS,0.16
12/31/2025,21,2,N,ECRS,0.36
12/31/2025,21,2,N,NSPIN,1.75
12/31/2025,21,2,N,REGDN,0.1
12/31/2025,21,2,N,REGUP,0
12/31/2025,21,2,N,RRS,0.22
12/31/2025,21,1,N,ECRS,0.53
12/31/2025,21,1,N,NSPIN,2.09
12/31/2025,21,1,N,REGDN,0.1
12/31/2025,21,1,N,REGUP,0
12/31/2025,21,1,N,RRS,0.26
12/31/2025,22,4,N,ECRS,0.2
12/31/2025,22,4,N,NSPIN,0.8
12/31/2025,22,4,N,REGDN,0.05
12/31/2025,22,4,N,REGUP,0
12/31/2025,22,4,N,RRS,0.1
12/31/2025,22,3,N,ECRS,0.24
12/31/2025,22,3,N,NSPIN,0.95
12/31/2025,22,3,N,REGDN,0
12/31/2025,22,3,N,REGUP,0
12/31/2025,22,3,N,RRS,0.12
12/31/2025,22,2,N,ECRS,0.26
12/31/2025,22,2,N,NSPIN,1.03
12/31/2025,22,2,N,REGDN,0
12/31/2025,22,2,N,REGUP,0
12/31/2025,22,2,N,RRS,0.13
12/31/2025,22,1,N,ECRS,0.31
12/31/2025,22,1,N,NSPIN,1.21
12/31/2025,22,1,N,REGDN,0.16
12/31/2025,22,1,N,REGUP,0
12/31/2025,22,1,N,RRS,0.16
12/31/2025,23,4,N,ECRS,0.16
12/31/2025,23,4,N,NSPIN,0.62
12/31/2025,23,4,N,REGDN,0.02
12/31/2025,23,4,N,REGUP,0
12/31/2025,23,4,N,RRS,0.08
12/31/2025,23,3,N,ECRS,0.17
12/31/2025,23,3,N,NSPIN,0.68
12/31/2025,23,3,N,REGDN,0
12/31/2025,23,3,N,REGUP,0
12/31/2025,23,3,N,RRS,0.09
12/31/2025,23,2,N,ECRS,0.18
12/31/2025,23,2,N,NSPIN,0.72
12/31/2025,23,2,N,REGDN,0.13
12/31/2025,23,2,N,REGUP,0
12/31/2025,23,2,N,RRS,0.09
12/31/2025,23,1,N,ECRS,0.18
12/31/2025,23,1,N,NSPIN,0.7
12/31/2025,23,1,N,REGDN,0.07
12/31/2025,23,1,N,REGUP,0
12/31/2025,23,1,N,RRS,0.09
12/31/2025,24,3,N,ECRS,0.1
12/31/2025,24,3,N,NSPIN,0.4
12/31/2025,24,3,N,REGDN,0
12/31/2025,24,3,N,REGUP,0
12/31/2025,24,3,N,RRS,0.05
12/31/2025,24,2,N,ECRS,0.11
12/31/2025,24,2,N,NSPIN,0.44
12/31/2025,24,2,N,REGDN,0
12/31/2025,24,2,N,REGUP,0
12/31/2025,24,2,N,RRS,0.06
12/31/2025,24,1,N,ECRS,0.13
12/31/2025,24,1,N,NSPIN,0.54
12/31/2025,24,1,N,REGDN,0
12/31/2025,24,1,N,REGUP,0
12/31/2025,24,1,N,RRS,0.07
